============================================================
[11:42:19 +     0s] [*] Inicio (solo Odoo/mapping) | DB=arte | http://localhost:8069 | scope=prestashop
============================================================
[11:42:23 +     4s] [*] XML-RPC OK uid=2
[11:42:26 +     7s] [*] Integración: tiendabellasartesjer.com (prestashop)
[11:42:26 +     7s] [!] Omitiendo árbol de categorías (--skip-categories)
[11:42:26 +     7s] [*] Reconstruyendo mapeo por nombre+jerarquía desde categorías públicas…
[11:42:38 +    19s] [*] Productos a procesar: 4379
[11:42:40 +    21s] [*] Productos: 4379 procesados, 43 actualizados, 43 sin categoría pública (solo TPV/venta/compra si aplica), 0 errores
[11:42:40 +    21s] [!] [dedupe tpl] tpl 16233: keep=63 drop=[3252] (scores=[0, 0])
[11:42:40 +    21s] [!] [dedupe tpl] tpl 16341: keep=119 drop=[3148] (scores=[0, 0])
[11:42:40 +    21s] [!] [dedupe tpl] tpl 16236: keep=217 drop=[2019, 2021] (scores=[1, 0, 0])
[11:42:40 +    21s] [!] [dedupe tpl] tpl 16431: keep=331 drop=[3023] (scores=[0, 0])
[11:42:40 +    21s] [!] [dedupe tpl] tpl 16446: keep=346 drop=[4279] (scores=[0, 0])
[11:42:40 +    21s] [!] [dedupe tpl] tpl 16475: keep=375 drop=[899] (scores=[0, 0])
[11:42:40 +    21s] [!] [dedupe tpl] tpl 16487: keep=387 drop=[1656] (scores=[0, 0])
[11:42:40 +    21s] [!] [dedupe tpl] tpl 16571: keep=430 drop=[1690] (scores=[0, 0])
[11:42:40 +    21s] [!] [dedupe tpl] tpl 16610: keep=512 drop=[1816] (scores=[0, 0])
[11:42:40 +    21s] [!] [dedupe tpl] tpl 16617: keep=516 drop=[2046] (scores=[0, 0])
[11:42:40 +    21s] [!] [dedupe tpl] tpl 16624: keep=524 drop=[891] (scores=[0, 0])
[11:42:40 +    21s] [!] [dedupe tpl] tpl 16658: keep=559 drop=[2630] (scores=[0, 0])
[11:42:40 +    21s] [!] [dedupe tpl] tpl 16665: keep=566 drop=[1531] (scores=[0, 0])
[11:42:40 +    21s] [!] [dedupe tpl] tpl 16672: keep=573 drop=[1437, 2716] (scores=[0, 0, 0])
[11:42:40 +    21s] [!] [dedupe tpl] tpl 16682: keep=583 drop=[1784] (scores=[0, 0])
[11:42:40 +    21s] [!] [dedupe tpl] tpl 16698: keep=599 drop=[717] (scores=[0, 0])
[11:42:40 +    21s] [!] [dedupe tpl] tpl 16786: keep=653 drop=[1073] (scores=[0, 0])
[11:42:40 +    21s] [!] [dedupe tpl] tpl 16913: keep=718 drop=[990] (scores=[0, 0])
[11:42:40 +    21s] [!] [dedupe tpl] tpl 16931: keep=727 drop=[2299] (scores=[0, 0])
[11:42:40 +    21s] [!] [dedupe tpl] tpl 16763: keep=775 drop=[2793] (scores=[0, 0])
[11:42:40 +    21s] [!] [dedupe tpl] tpl 16774: keep=781 drop=[1343] (scores=[0, 0])
[11:42:40 +    21s] [!] [dedupe tpl] tpl 16859: keep=824 drop=[1676] (scores=[0, 0])
[11:42:40 +    21s] [!] [dedupe tpl] tpl 16905: keep=847 drop=[2535] (scores=[0, 0])
[11:42:40 +    21s] [!] [dedupe tpl] tpl 16946: keep=868 drop=[2364] (scores=[0, 0])
[11:42:40 +    21s] [!] [dedupe tpl] tpl 17078: keep=989 drop=[2466] (scores=[0, 0])
[11:42:40 +    21s] [!] [dedupe tpl] tpl 17161: keep=1041 drop=[3269] (scores=[0, 0])
[11:42:40 +    21s] [!] [dedupe tpl] tpl 17103: keep=1056 drop=[1806] (scores=[0, 0])
[11:42:40 +    21s] [!] [dedupe tpl] tpl 17216: keep=1132 drop=[1435] (scores=[0, 0])
[11:42:40 +    21s] [!] [dedupe tpl] tpl 17356: keep=1276 drop=[1789] (scores=[0, 0])
[11:42:40 +    21s] [!] [dedupe tpl] tpl 17359: keep=1278 drop=[1315] (scores=[0, 0])
[11:42:40 +    21s] [!] [dedupe tpl] tpl 17360: keep=1280 drop=[1427, 2653] (scores=[0, 0, 0])
[11:42:40 +    21s] [!] [dedupe tpl] tpl 17383: keep=1302 drop=[1385] (scores=[0, 0])
[11:42:40 +    21s] [!] [dedupe tpl] tpl 17405: keep=1326 drop=[1962] (scores=[0, 0])
[11:42:40 +    21s] [!] [dedupe tpl] tpl 17414: keep=1334 drop=[1442] (scores=[0, 0])
[11:42:40 +    21s] [!] [dedupe tpl] tpl 17512: keep=1414 drop=[2516, 3669] (scores=[0, 0, 0])
[11:42:40 +    21s] [!] [dedupe tpl] tpl 17567: keep=1445 drop=[1472] (scores=[0, 0])
[11:42:40 +    21s] [!] [dedupe tpl] tpl 17630: keep=1478 drop=[1479] (scores=[0, 0])
[11:42:40 +    21s] [!] [dedupe tpl] tpl 17494: keep=1512 drop=[1513] (scores=[0, 0])
[11:42:40 +    21s] [!] [dedupe tpl] tpl 17591: keep=1565 drop=[1887] (scores=[0, 0])
[11:42:40 +    21s] [!] [dedupe tpl] tpl 17662: keep=1602 drop=[1604] (scores=[0, 0])
[11:42:40 +    21s] [!] [dedupe tpl] tpl 17678: keep=1619 drop=[1620] (scores=[0, 0])
[11:42:40 +    21s] [!] [dedupe tpl] tpl 17680: keep=1623 drop=[2673] (scores=[0, 0])
[11:42:40 +    21s] [!] [dedupe tpl] tpl 17736: keep=1683 drop=[2805] (scores=[0, 0])
[11:42:40 +    21s] [!] [dedupe tpl] tpl 17897: keep=1850 drop=[2155] (scores=[0, 0])
[11:42:40 +    21s] [!] [dedupe tpl] tpl 18057: keep=2013 drop=[2015] (scores=[0, 0])
[11:42:40 +    21s] [!] [dedupe tpl] tpl 18080: keep=2040 drop=[2042] (scores=[0, 0])
[11:42:40 +    21s] [!] [dedupe tpl] tpl 18123: keep=2088 drop=[3458] (scores=[0, 0])
[11:42:40 +    21s] [!] [dedupe tpl] tpl 18270: keep=2239 drop=[2675] (scores=[0, 0])
[11:42:40 +    21s] [!] [dedupe tpl] tpl 18349: keep=2321 drop=[2323] (scores=[0, 0])
[11:42:40 +    21s] [!] [dedupe tpl] tpl 18357: keep=2331 drop=[2594] (scores=[0, 0])
[11:42:40 +    21s] [!] [dedupe tpl] tpl 18400: keep=2378 drop=[3820] (scores=[0, 0])
[11:42:40 +    21s] [!] [dedupe tpl] tpl 18425: keep=2403 drop=[2405] (scores=[0, 0])
[11:42:40 +    21s] [!] [dedupe tpl] tpl 18457: keep=2436 drop=[2438, 2441] (scores=[0, 0, 0])
[11:42:40 +    21s] [!] [dedupe tpl] tpl 18580: keep=2519 drop=[2520, 4166] (scores=[0, 0, 0])
[11:42:40 +    21s] [!] [dedupe tpl] tpl 18495: keep=2555 drop=[2556] (scores=[0, 0])
[11:42:40 +    21s] [!] [dedupe tpl] tpl 18528: keep=2572 drop=[2574] (scores=[0, 0])
[11:42:40 +    21s] [!] [dedupe tpl] tpl 18535: keep=2576 drop=[2578] (scores=[0, 0])
[11:42:40 +    21s] [!] [dedupe tpl] tpl 18714: keep=2712 drop=[3073] (scores=[0, 0])
[11:42:40 +    21s] [!] [dedupe tpl] tpl 18788: keep=2787 drop=[2789] (scores=[0, 0])
[11:42:40 +    21s] [!] [dedupe tpl] tpl 18814: keep=2816 drop=[2818] (scores=[0, 0])
[11:42:40 +    21s] [!] [dedupe tpl] tpl 18837: keep=2840 drop=[2858] (scores=[0, 0])
[11:42:40 +    21s] [!] [dedupe tpl] tpl 18849: keep=2852 drop=[2883] (scores=[0, 0])
[11:42:40 +    21s] [!] [dedupe tpl] tpl 18883: keep=2888 drop=[3521] (scores=[0, 0])
[11:42:40 +    21s] [!] [dedupe tpl] tpl 18927: keep=2920 drop=[2922] (scores=[0, 0])
[11:42:40 +    21s] [!] [dedupe tpl] tpl 18933: keep=2923 drop=[2925] (scores=[0, 0])
[11:42:40 +    21s] [!] [dedupe tpl] tpl 18990: keep=2955 drop=[2957] (scores=[0, 0])
[11:42:40 +    21s] [!] [dedupe tpl] tpl 18954: keep=3030 drop=[3038] (scores=[0, 0])
[11:42:40 +    21s] [!] [dedupe tpl] tpl 18971: keep=3039 drop=[3040] (scores=[0, 0])
[11:42:40 +    21s] [!] [dedupe tpl] tpl 19024: keep=3065 drop=[3067] (scores=[0, 0])
[11:42:40 +    21s] [!] [dedupe tpl] tpl 19093: keep=3110 drop=[4337] (scores=[0, 0])
[11:42:40 +    21s] [!] [dedupe tpl] tpl 19101: keep=3118 drop=[3518] (scores=[0, 0])
[11:42:40 +    21s] [!] [dedupe tpl] tpl 19141: keep=3159 drop=[3285] (scores=[0, 0])
[11:42:40 +    21s] [!] [dedupe tpl] tpl 19229: keep=3247 drop=[3249] (scores=[0, 0])
[11:42:40 +    21s] [!] [dedupe tpl] tpl 19318: keep=3342 drop=[3348] (scores=[0, 0])
[11:42:40 +    21s] [!] [dedupe tpl] tpl 19321: keep=3345 drop=[3347] (scores=[0, 0])
[11:42:40 +    21s] [!] [dedupe tpl] tpl 19397: keep=3425 drop=[3426] (scores=[0, 0])
[11:42:40 +    21s] [!] [dedupe tpl] tpl 19404: keep=3433 drop=[3434] (scores=[0, 0])
[11:42:40 +    21s] [!] [dedupe tpl] tpl 19409: keep=3440 drop=[3443] (scores=[0, 0])
[11:42:40 +    21s] [!] [dedupe tpl] tpl 19435: keep=3468 drop=[3469] (scores=[0, 0])
[11:42:40 +    21s] [!] [dedupe tpl] tpl 19477: keep=3510 drop=[4092] (scores=[0, 0])
[11:42:40 +    21s] [!] [dedupe tpl] tpl 19510: keep=3546 drop=[3550] (scores=[0, 0])
[11:42:40 +    21s] [!] [dedupe tpl] tpl 2635: keep=3567 drop=[3568] (scores=[0, 0])
[11:42:40 +    21s] [!] [dedupe tpl] tpl 19537: keep=3580 drop=[3583] (scores=[0, 0])
[11:42:40 +    21s] [!] [dedupe tpl] tpl 19613: keep=3657 drop=[3661] (scores=[0, 0])
[11:42:40 +    21s] [!] [dedupe tpl] tpl 19734: keep=3782 drop=[3785] (scores=[0, 0])
[11:42:40 +    21s] [!] [dedupe tpl] tpl 19743: keep=3792 drop=[3796] (scores=[0, 0])
[11:42:40 +    21s] [!] [dedupe tpl] tpl 19828: keep=3866 drop=[3868] (scores=[0, 0])
[11:42:40 +    21s] [!] [dedupe tpl] tpl 19857: keep=3881 drop=[3882] (scores=[0, 0])
[11:42:40 +    21s] [!] [dedupe tpl] tpl 19869: keep=3888 drop=[3889] (scores=[0, 0])
[11:42:40 +    21s] [!] [dedupe tpl] tpl 19874: keep=3891 drop=[4485] (scores=[0, 0])
[11:42:40 +    21s] [!] [dedupe tpl] tpl 19880: keep=3944 drop=[3946, 3947, 4200] (scores=[0, 0, 0, 0])
[11:42:40 +    21s] [!] [dedupe tpl] tpl 19888: keep=3949 drop=[4197] (scores=[0, 0])
[11:42:40 +    21s] [!] [dedupe tpl] tpl 20005: keep=4066 drop=[4442] (scores=[0, 0])
[11:42:40 +    21s] [!] [dedupe tpl] tpl 20006: keep=4067 drop=[4440] (scores=[0, 0])
[11:42:40 +    21s] [!] [dedupe tpl] tpl 20007: keep=4068 drop=[4441] (scores=[0, 0])
[11:42:40 +    21s] [!] [dedupe tpl] tpl 20019: keep=4080 drop=[4082] (scores=[0, 0])
[11:42:40 +    21s] [!] [dedupe tpl] tpl 20083: keep=4146 drop=[4244] (scores=[0, 0])
[11:42:40 +    21s] [!] [dedupe tpl] tpl 20262: keep=4332 drop=[4334] (scores=[0, 0])
[11:42:40 +    21s] [!] [dedupe tpl] tpl 20415: keep=4492 drop=[4496] (scores=[0, 0])
[11:42:40 +    21s] [*] [dedupe tpl] eliminados 107 mappings
[11:42:43 +    24s] [!] [dedupe var] var 16120: keep=1 drop=[2, 3, 4, 5, 6, 7, 8, 9, 10, 11, 12, 13, 14, 15, 16, 17, 18, 19, 20, 21, 22, 23, 24, 25, 26, 27, 28, 29, 30, 31, 32, 33, 34, 35, 36, 37, 38, 39, 40, 42, 44, 46, 47, 48, 49, 50, 51, 52, 53, 54, 55, 56, 57, 58] (scores=[0, 0, 0, 0, 0, 0, 0, 0, 0, 0, 0, 0, 0, 0, 0, 0, 0, 0, 0, 0, 0, 0, 0, 0, 0, 0, 0, 0, 0, 0, 0, 0, 0, 0, 0, 0, 0, 0, 0, 0, 0, 0, 0, 0, 0, 0, 0, 0, 0, 0, 0, 0, 0, 0, 0])
[11:42:43 +    24s] [!] [dedupe var] var 16124: keep=41 drop=[43, 45] (scores=[0, 0, 0])
[11:42:43 +    24s] [!] [dedupe var] var 16305: keep=240 drop=[173, 175, 177, 179, 181, 183, 185, 187, 189, 191, 193, 195, 196, 197, 198, 199, 200, 201, 202, 203, 204, 205, 206, 207, 208, 209, 210, 211, 212, 213, 214, 215, 216, 217, 218, 219, 220, 221, 222, 223, 224, 225, 226, 227, 228, 229, 230, 231, 232, 233, 234, 235, 236, 237, 238, 239] (scores=[2, 0, 0, 0, 0, 0, 0, 0, 0, 0, 0, 0, 0, 0, 0, 0, 0, 0, 0, 0, 0, 0, 0, 0, 0, 0, 0, 0, 0, 0, 0, 0, 0, 0, 0, 0, 0, 0, 0, 0, 0, 0, 0, 0, 0, 0, 0, 0, 0, 0, 0, 0, 0, 0, 0, 0, 0])
[11:42:43 +    24s] [!] [dedupe var] var 16307: keep=242 drop=[243, 244, 245, 246, 247, 248, 249, 250, 251, 252, 253, 254, 255, 256, 257, 258, 259, 260, 261, 262, 263, 264, 265, 266, 267, 268, 269, 270, 271, 272, 273, 274, 275, 276, 277, 278, 279, 280, 281, 282, 283, 284, 285, 286, 287, 288, 289, 290, 291, 292, 293, 294, 295, 296, 297, 298, 299, 300, 301, 302, 303, 304, 306, 308, 310, 312, 314, 316, 318, 319, 321, 323, 325, 327, 329, 331] (scores=[0, 0, 0, 0, 0, 0, 0, 0, 0, 0, 0, 0, 0, 0, 0, 0, 0, 0, 0, 0, 0, 0, 0, 0, 0, 0, 0, 0, 0, 0, 0, 0, 0, 0, 0, 0, 0, 0, 0, 0, 0, 0, 0, 0, 0, 0, 0, 0, 0, 0, 0, 0, 0, 0, 0, 0, 0, 0, 0, 0, 0, 0, 0, 0, 0, 0, 0, 0, 0, 0, 0, 0, 0, 0, 0, 0, 0])
[11:42:43 +    24s] [!] [dedupe var] var 16308: keep=305 drop=[307, 309, 311, 313, 315, 317, 320, 322, 324, 326, 328, 330, 332, 333, 334, 335, 336, 337, 338, 339, 340, 341, 342, 343, 344, 345, 346, 347, 348, 349, 350, 351, 352, 353, 354, 355, 356, 357, 358, 359, 360, 361, 362, 363, 364, 365, 366, 367, 368, 369, 370, 371, 372, 373, 374, 375, 376, 377, 378, 379, 380, 381, 382, 383, 384, 385, 386, 387, 388, 389, 390, 391, 392, 393, 394, 395, 396, 397, 398, 399, 400, 401, 402, 403, 404, 405, 406, 407, 408, 409, 410, 411, 412, 413, 414, 415, 416, 417, 418, 419, 420, 421, 422, 423, 424, 425, 426] (scores=[0, 0, 0, 0, 0, 0, 0, 0, 0, 0, 0, 0, 0, 0, 0, 0, 0, 0, 0, 0, 0, 0, 0, 0, 0, 0, 0, 0, 0, 0, 0, 0, 0, 0, 0, 0, 0, 0, 0, 0, 0, 0, 0, 0, 0, 0, 0, 0, 0, 0, 0, 0, 0, 0, 0, 0, 0, 0, 0, 0, 0, 0, 0, 0, 0, 0, 0, 0, 0, 0, 0, 0, 0, 0, 0, 0, 0, 0, 0, 0, 0, 0, 0, 0, 0, 0, 0, 0, 0, 0, 0, 0, 0, 0, 0, 0, 0, 0, 0, 0, 0, 0, 0, 0, 0, 0, 0, 0])
[11:42:43 +    24s] [!] [dedupe var] var 16422: keep=573 drop=[575, 577, 579, 581, 583, 585, 587, 589, 591, 593, 596, 598, 600, 602, 604, 606, 608, 610, 612, 613, 615, 618, 620, 622, 624, 627, 629, 631, 633, 635, 637, 639, 640, 642, 644, 645, 648, 650, 651, 653, 655, 657, 659, 661, 663, 665, 667, 669, 672, 674, 676, 678, 680, 682, 684, 686] (scores=[0, 0, 0, 0, 0, 0, 0, 0, 0, 0, 0, 0, 0, 0, 0, 0, 0, 0, 0, 0, 0, 0, 0, 0, 0, 0, 0, 0, 0, 0, 0, 0, 0, 0, 0, 0, 0, 0, 0, 0, 0, 0, 0, 0, 0, 0, 0, 0, 0, 0, 0, 0, 0, 0, 0, 0, 0])
[11:42:43 +    24s] [!] [dedupe var] var 16929: keep=1137 drop=[1138, 1139, 1140, 1141, 1142, 1143, 1144, 1145, 1146, 1147, 1148, 1149, 1150, 1151, 1152, 1153, 1154, 1155, 1156, 1157, 1158, 1159, 1160, 1161, 1162, 1163, 1164, 1165, 1166, 1167, 1168, 1169, 1170, 1171, 1172, 1173, 1174, 1175, 1176, 1177, 1178, 1179, 1180, 1181, 1182, 1183, 1184, 1185, 1186, 1187, 1188, 1189, 1190, 1191, 1192, 1193, 1194, 1195, 1196, 1197, 1198, 1199, 1200, 1201, 1202, 1203, 1204, 1205, 1206, 1207, 1208, 1209, 1210, 1211, 1212, 1213, 1214, 1215, 1216, 1217, 1218, 1219, 1220, 1221, 1222, 1223, 1224, 1225, 1226, 1227, 1228, 1229, 1230, 1231, 1232, 1233, 1234, 1235, 1236, 1237, 1238, 1239, 1240, 1241, 1242, 1243, 1244, 1245, 1246, 1247, 1248, 1249, 1250, 1251, 1252, 1253, 1254, 1255, 1256] (scores=[0, 0, 0, 0, 0, 0, 0, 0, 0, 0, 0, 0, 0, 0, 0, 0, 0, 0, 0, 0, 0, 0, 0, 0, 0, 0, 0, 0, 0, 0, 0, 0, 0, 0, 0, 0, 0, 0, 0, 0, 0, 0, 0, 0, 0, 0, 0, 0, 0, 0, 0, 0, 0, 0, 0, 0, 0, 0, 0, 0, 0, 0, 0, 0, 0, 0, 0, 0, 0, 0, 0, 0, 0, 0, 0, 0, 0, 0, 0, 0, 0, 0, 0, 0, 0, 0, 0, 0, 0, 0, 0, 0, 0, 0, 0, 0, 0, 0, 0, 0, 0, 0, 0, 0, 0, 0, 0, 0, 0, 0, 0, 0, 0, 0, 0, 0, 0, 0, 0, 0])
[11:42:43 +    24s] [!] [dedupe var] var 17146: keep=1413 drop=[14778] (scores=[0, 0])
[11:42:43 +    24s] [!] [dedupe var] var 17204: keep=1457 drop=[1444, 1445, 1446, 1447, 1448, 1449, 1450, 1451, 1452, 1453, 1454, 1455, 1456] (scores=[2, 0, 0, 0, 0, 0, 0, 0, 0, 0, 0, 0, 0, 0])
[11:42:43 +    24s] [!] [dedupe var] var 17257: keep=1654 drop=[1569, 1571, 1573, 1575, 1577, 1579, 1581, 1583, 1585, 1588, 1589, 1591, 1593, 1594, 1596, 1598, 1600, 1602, 1603, 1605, 1607, 1609, 1611, 1613, 1615, 1617, 1620, 1622, 1623, 1625, 1627, 1629, 1631, 1633, 1635, 1637, 1639, 1641, 1644, 1646, 1648, 1650, 1652] (scores=[2, 0, 0, 0, 0, 0, 0, 0, 0, 0, 0, 0, 0, 0, 0, 0, 0, 0, 0, 0, 0, 0, 0, 0, 0, 0, 0, 0, 0, 0, 0, 0, 0, 0, 0, 0, 0, 0, 0, 0, 0, 0, 0, 0])
[11:42:43 +    24s] [!] [dedupe var] var 17296: keep=1737 drop=[1739, 1740, 1742, 1744, 1746, 1748, 1750, 1752, 1753, 1754, 1755, 1756, 1757, 1758, 1759, 1760, 1761, 1762, 1763, 1764, 1765, 1766, 1767, 1768, 1769, 1770, 1771, 1772, 1773, 1774, 1775, 1776, 1777] (scores=[0, 0, 0, 0, 0, 0, 0, 0, 0, 0, 0, 0, 0, 0, 0, 0, 0, 0, 0, 0, 0, 0, 0, 0, 0, 0, 0, 0, 0, 0, 0, 0, 0, 0])
[11:42:43 +    24s] [!] [dedupe var] var 17329: keep=1778 drop=[1779, 1780, 1781, 1782, 1783, 1784, 1785, 1786, 1787] (scores=[0, 0, 0, 0, 0, 0, 0, 0, 0, 0])
[11:42:43 +    24s] [!] [dedupe var] var 17547: keep=1811 drop=[1812, 1813, 1814, 1815, 1816, 1817, 1818, 1819, 1820, 1821, 1822, 1823, 1824, 1825, 1826, 1827] (scores=[0, 0, 0, 0, 0, 0, 0, 0, 0, 0, 0, 0, 0, 0, 0, 0, 0])
[11:42:43 +    24s] [!] [dedupe var] var 17576: keep=1843 drop=[1844, 1845, 1846, 1847, 1848, 1849, 1850, 1851, 1852, 1853, 1854, 1855, 1856, 1857] (scores=[0, 0, 0, 0, 0, 0, 0, 0, 0, 0, 0, 0, 0, 0, 0])
[11:42:43 +    24s] [!] [dedupe var] var 17581: keep=1858 drop=[1859, 1860, 1861, 1862, 1863, 1864, 1865, 1866, 1867, 1868, 1869, 1870, 1871, 1872] (scores=[0, 0, 0, 0, 0, 0, 0, 0, 0, 0, 0, 0, 0, 0, 0])
[11:42:43 +    24s] [!] [dedupe var] var 17584: keep=1873 drop=[1874, 1875, 1876, 1877, 1878, 1879, 1880, 1881, 1882, 1883, 1884, 1885, 1886, 1887, 1888, 1889, 1890, 1891] (scores=[0, 0, 0, 0, 0, 0, 0, 0, 0, 0, 0, 0, 0, 0, 0, 0, 0, 0, 0])
[11:42:43 +    24s] [!] [dedupe var] var 17596: keep=1892 drop=[1893, 1894, 1895, 1896, 1897, 1898, 1899, 1900, 1901, 1902, 1903, 1904, 1905, 1906, 1907] (scores=[0, 0, 0, 0, 0, 0, 0, 0, 0, 0, 0, 0, 0, 0, 0, 0])
[11:42:43 +    24s] [!] [dedupe var] var 17615: keep=1908 drop=[1909, 1910, 1912, 1913, 1914, 1915, 1916, 1917, 1918, 1920, 1921, 1922, 1923, 1924, 1926] (scores=[0, 0, 0, 0, 0, 0, 0, 0, 0, 0, 0, 0, 0, 0, 0, 0])
[11:42:43 +    24s] [!] [dedupe var] var 17653: keep=1933 drop=[1934, 1935, 1936, 1937, 1938, 1940, 1941, 1942, 1943, 1944, 1946, 1947, 1948, 1949, 1950, 1952] (scores=[0, 0, 0, 0, 0, 0, 0, 0, 0, 0, 0, 0, 0, 0, 0, 0, 0])
[11:42:43 +    24s] [!] [dedupe var] var 17686: keep=1955 drop=[14145] (scores=[0, 0])
[11:42:43 +    24s] [!] [dedupe var] var 17692: keep=1958 drop=[1960, 1961, 1962, 1963, 1964, 1965, 1967, 1968, 1969, 1970, 1971, 1972, 1973] (scores=[0, 0, 0, 0, 0, 0, 0, 0, 0, 0, 0, 0, 0, 0])
[11:42:43 +    24s] [!] [dedupe var] var 17720: keep=1980 drop=[1981, 1982, 1983, 1984, 1986, 1987, 1988, 1989, 1990, 1992, 1993] (scores=[0, 0, 0, 0, 0, 0, 0, 0, 0, 0, 0, 0])
[11:42:43 +    24s] [!] [dedupe var] var 17785: keep=1999 drop=[2000, 2001, 2002, 2003, 2005, 2006, 2007, 2008, 2009, 2011, 2012, 2013] (scores=[0, 0, 0, 0, 0, 0, 0, 0, 0, 0, 0, 0, 0])
[11:42:43 +    24s] [!] [dedupe var] var 17800: keep=2019 drop=[2020, 2022, 2023, 2024, 2025, 2027, 2028, 2029, 2030, 2031, 2032, 2033, 2035, 2038, 2039, 2040, 2041, 2042] (scores=[0, 0, 0, 0, 0, 0, 0, 0, 0, 0, 0, 0, 0, 0, 0, 0, 0, 0, 0])
[11:42:43 +    24s] [!] [dedupe var] var 16130: keep=2052 drop=[2053, 2054, 2055, 2056, 2057, 2058, 2060, 2061, 2063, 2064, 2065, 2066, 2067, 2068] (scores=[0, 0, 0, 0, 0, 0, 0, 0, 0, 0, 0, 0, 0, 0, 0])
[11:42:43 +    24s] [!] [dedupe var] var 16143: keep=2079 drop=[2081, 2083, 2085, 2087, 2089, 2091, 2093, 2095, 2098, 2100, 2102, 2104, 2106, 2108, 2111, 2113, 2115, 2117] (scores=[0, 0, 0, 0, 0, 0, 0, 0, 0, 0, 0, 0, 0, 0, 0, 0, 0, 0, 0])
[11:42:43 +    24s] [!] [dedupe var] var 16144: keep=2138 drop=[2139, 2140, 2141, 2142, 2143, 2144, 2145, 2146, 2147, 2148, 2149, 2150, 2151, 2152, 2153] (scores=[0, 0, 0, 0, 0, 0, 0, 0, 0, 0, 0, 0, 0, 0, 0, 0])
[11:42:43 +    24s] [!] [dedupe var] var 16232: keep=2181 drop=[2182, 2183, 2184, 2186, 2187, 2188, 2189, 2190, 2191, 2192, 2193, 2195, 2196, 2197, 2198] (scores=[0, 0, 0, 0, 0, 0, 0, 0, 0, 0, 0, 0, 0, 0, 0, 0])
[11:42:43 +    24s] [!] [dedupe var] var 16246: keep=2204 drop=[2205, 2206, 2208, 2209, 2210, 2211, 2212, 2214, 2215, 2216, 2217, 2219, 2220, 2221, 2222, 2223, 2224] (scores=[0, 0, 0, 0, 0, 0, 0, 0, 0, 0, 0, 0, 0, 0, 0, 0, 0, 0])
[11:42:43 +    24s] [!] [dedupe var] var 17165: keep=2290 drop=[10852, 10854] (scores=[0, 0, 0])
[11:42:43 +    24s] [!] [dedupe var] var 17341: keep=2318 drop=[2319, 2320] (scores=[0, 0, 0])
[11:42:43 +    24s] [!] [dedupe var] var 17379: keep=2321 drop=[2323, 2325] (scores=[0, 0, 0])
[11:42:43 +    24s] [!] [dedupe var] var 17431: keep=2331 drop=[2332, 2333] (scores=[0, 0, 0])
[11:42:43 +    24s] [!] [dedupe var] var 17617: keep=2439 drop=[2440, 2441] (scores=[0, 0, 0])
[11:42:43 +    24s] [!] [dedupe var] var 17620: keep=2442 drop=[2444, 2445] (scores=[0, 0, 0])
[11:42:43 +    24s] [!] [dedupe var] var 17734: keep=2564 drop=[2565] (scores=[2, 0])
[11:42:43 +    24s] [!] [dedupe var] var 17784: keep=2577 drop=[2578, 2580, 2581, 2582, 2583, 2584] (scores=[0, 0, 0, 0, 0, 0, 0])
[11:42:43 +    24s] [!] [dedupe var] var 17795: keep=2588 drop=[2589, 2591, 2592, 2593, 2594] (scores=[0, 0, 0, 0, 0, 0])
[11:42:43 +    24s] [!] [dedupe var] var 17801: keep=2603 drop=[2596, 2597, 2598, 2599, 2600, 2601, 2602] (scores=[2, 0, 0, 0, 0, 0, 0, 0])
[11:42:43 +    24s] [!] [dedupe var] var 17816: keep=2637 drop=[2614, 2616, 2618, 2620, 2623, 2625, 2627, 2629, 2631, 2633, 2635] (scores=[2, 0, 0, 0, 0, 0, 0, 0, 0, 0, 0, 0])
[11:42:43 +    24s] [!] [dedupe var] var 17830: keep=2653 drop=[2645, 2646, 2647, 2648, 2649, 2650, 2651, 2652] (scores=[2, 0, 0, 0, 0, 0, 0, 0, 0])
[11:42:43 +    24s] [!] [dedupe var] var 17842: keep=2657 drop=[2659, 2660, 2661, 2662] (scores=[0, 0, 0, 0, 0])
[11:42:43 +    24s] [!] [dedupe var] var 17848: keep=2668 drop=[2669, 2670, 2671, 2672, 2674] (scores=[0, 0, 0, 0, 0, 0])
[11:42:43 +    24s] [!] [dedupe var] var 17863: keep=2693 drop=[2696] (scores=[0, 0])
[11:42:43 +    24s] [!] [dedupe var] var 17874: keep=2707 drop=[2708, 2709, 2710, 2711, 2712, 2713, 2714] (scores=[0, 0, 0, 0, 0, 0, 0, 0])
[11:42:43 +    24s] [!] [dedupe var] var 17882: keep=2716 drop=[2715] (scores=[2, 0])
[11:42:43 +    24s] [!] [dedupe var] var 17928: keep=2718 drop=[2719, 2720, 2721, 2722, 2723, 2724, 2725, 2726, 2727, 2728, 2729, 2730, 2731, 2732, 2733, 2734, 2735, 2736, 2737, 2738, 2739, 2740, 2741, 2742, 2743, 2744, 2745, 2746, 2747, 2748, 2749, 2750, 2751, 2752, 2753, 2754, 2755, 2756, 2757, 2758, 2759, 2760, 2761] (scores=[0, 0, 0, 0, 0, 0, 0, 0, 0, 0, 0, 0, 0, 0, 0, 0, 0, 0, 0, 0, 0, 0, 0, 0, 0, 0, 0, 0, 0, 0, 0, 0, 0, 0, 0, 0, 0, 0, 0, 0, 0, 0, 0, 0])
[11:42:43 +    24s] [!] [dedupe var] var 17884: keep=2762 drop=[2763, 2764, 2765, 2766, 2767] (scores=[0, 0, 0, 0, 0, 0])
[11:42:43 +    24s] [!] [dedupe var] var 17929: keep=2768 drop=[2769, 2770, 2771, 2772, 2773, 2774, 2775, 2776, 2777, 2778, 2779, 2780, 2781, 2782, 2783, 2784, 2785, 2786, 2787, 2788, 2789, 2790, 2791, 2792, 2793, 2794, 2795, 2796, 2797, 2798, 2799, 2800, 2801, 2802, 2803, 2804, 2805, 2806, 2807, 2808, 2809, 2810] (scores=[0, 0, 0, 0, 0, 0, 0, 0, 0, 0, 0, 0, 0, 0, 0, 0, 0, 0, 0, 0, 0, 0, 0, 0, 0, 0, 0, 0, 0, 0, 0, 0, 0, 0, 0, 0, 0, 0, 0, 0, 0, 0, 0])
[11:42:43 +    24s] [!] [dedupe var] var 17930: keep=2811 drop=[2812, 2813, 2814, 2815, 2816, 2817, 2818, 2819, 2820, 2821, 2822, 2823, 2824, 2825, 2826, 2827, 2828, 2829, 2830, 2831, 2832, 2833, 2834, 2835, 2836, 2837, 2838, 2839, 2840, 2841, 2842, 2843] (scores=[0, 0, 0, 0, 0, 0, 0, 0, 0, 0, 0, 0, 0, 0, 0, 0, 0, 0, 0, 0, 0, 0, 0, 0, 0, 0, 0, 0, 0, 0, 0, 0, 0])
[11:42:43 +    24s] [!] [dedupe var] var 17931: keep=2844 drop=[13996] (scores=[0, 0])
[11:42:43 +    24s] [!] [dedupe var] var 17936: keep=2869 drop=[2870, 2871, 2872, 2873, 2874, 2875, 2876, 2877, 2878, 2879, 2880, 2881, 2882, 2883, 2884, 2885, 2886, 2887, 2888, 2889, 2890, 2891, 2892, 2893, 2894, 2895, 2896, 2897, 2898, 2899, 2900, 2901, 2902, 2903, 2904, 2905, 2906, 2907, 2908, 2909, 2910, 2911, 2912] (scores=[0, 0, 0, 0, 0, 0, 0, 0, 0, 0, 0, 0, 0, 0, 0, 0, 0, 0, 0, 0, 0, 0, 0, 0, 0, 0, 0, 0, 0, 0, 0, 0, 0, 0, 0, 0, 0, 0, 0, 0, 0, 0, 0, 0])
[11:42:43 +    24s] [!] [dedupe var] var 17969: keep=2924 drop=[2926, 2927, 2928, 2929, 2930, 2931, 2932, 2935, 2936, 2938, 2939, 2940, 2941, 2942, 2943, 2944, 2945, 2946, 2947, 2948, 2949, 2950, 2952, 2954, 2956, 2958, 2960, 2961, 2962, 2963, 2964, 2965, 2966, 2967, 2968, 2969, 2970, 2971, 2972, 2973, 2974, 2975, 2977] (scores=[0, 0, 0, 0, 0, 0, 0, 0, 0, 0, 0, 0, 0, 0, 0, 0, 0, 0, 0, 0, 0, 0, 0, 0, 0, 0, 0, 0, 0, 0, 0, 0, 0, 0, 0, 0, 0, 0, 0, 0, 0, 0, 0, 0])
[11:42:43 +    24s] [!] [dedupe var] var 17970: keep=2933 drop=[2934, 2937] (scores=[0, 0, 0])
[11:42:43 +    24s] [!] [dedupe var] var 17971: keep=2951 drop=[2953, 2955, 2957, 2959, 19249] (scores=[0, 0, 0, 0, 0, 0])
[11:42:43 +    24s] [!] [dedupe var] var 18007: keep=3012 drop=[3013, 3014, 3016, 3017] (scores=[0, 0, 0, 0, 0])
[11:42:43 +    24s] [!] [dedupe var] var 18032: keep=3040 drop=[3041, 3042, 3043, 3044, 3045, 3046, 3047, 3048, 3049, 3050, 3051, 3052, 3053, 3054, 3055, 3056, 3057, 3058, 3059, 3060, 3061, 3062, 3063, 3064, 3065, 3066, 3067, 3068, 3069, 3070, 3072, 3073, 3074, 3075, 3076, 3077, 3078, 3080, 3081, 3082, 3083, 3084, 3085] (scores=[0, 0, 0, 0, 0, 0, 0, 0, 0, 0, 0, 0, 0, 0, 0, 0, 0, 0, 0, 0, 0, 0, 0, 0, 0, 0, 0, 0, 0, 0, 0, 0, 0, 0, 0, 0, 0, 0, 0, 0, 0, 0, 0, 0])
[11:42:43 +    24s] [!] [dedupe var] var 18058: keep=3141 drop=[6252] (scores=[0, 0])
[11:42:43 +    24s] [!] [dedupe var] var 18124: keep=3163 drop=[3165, 3167, 3168, 3171, 3173, 3175, 3176, 3179, 3181, 3183, 3185, 3187, 3189, 3192, 3194, 3196, 3198, 3200, 3202, 3205, 3207, 3209, 3211, 3213, 3215, 3216, 3218, 3220, 3222, 3224, 3225, 3226, 3227, 3228, 3229, 3230, 3231, 3232, 3233, 3234, 3235, 3236] (scores=[0, 0, 0, 0, 0, 0, 0, 0, 0, 0, 0, 0, 0, 0, 0, 0, 0, 0, 0, 0, 0, 0, 0, 0, 0, 0, 0, 0, 0, 0, 0, 0, 0, 0, 0, 0, 0, 0, 0, 0, 0, 0, 0])
[11:42:43 +    24s] [!] [dedupe var] var 18145: keep=3239 drop=[9239] (scores=[0, 0])
[11:42:43 +    24s] [!] [dedupe var] var 18150: keep=3245 drop=[3244] (scores=[2, 0])
[11:42:43 +    24s] [!] [dedupe var] var 18151: keep=3246 drop=[3247] (scores=[0, 0])
[11:42:43 +    24s] [!] [dedupe var] var 18199: keep=3262 drop=[3263] (scores=[0, 0])
[11:42:43 +    24s] [!] [dedupe var] var 18202: keep=3264 drop=[3266, 3267, 3268, 3269, 3270, 3271] (scores=[0, 0, 0, 0, 0, 0, 0])
[11:42:43 +    24s] [!] [dedupe var] var 18204: keep=3278 drop=[3272, 3273, 3274, 3275, 3276, 3277] (scores=[2, 0, 0, 0, 0, 0, 0])
[11:42:43 +    24s] [!] [dedupe var] var 18206: keep=3298 drop=[3279, 3280, 3281, 3282, 3283, 3284, 3285, 3286, 3287, 3289, 3291, 3293, 3295, 3297] (scores=[2, 0, 0, 0, 0, 0, 0, 0, 0, 0, 0, 0, 0, 0, 0])
[11:42:43 +    24s] [!] [dedupe var] var 18230: keep=3300 drop=[3288, 3290, 3292, 3294, 3296, 3299] (scores=[2, 0, 0, 0, 0, 0, 0])
[11:42:43 +    24s] [!] [dedupe var] var 18237: keep=3307 drop=[3301, 3302, 3303, 3304, 3305, 3306] (scores=[2, 0, 0, 0, 0, 0, 0])
[11:42:43 +    24s] [!] [dedupe var] var 18256: keep=3319 drop=[3312, 3313, 3314, 3316, 3317, 3318] (scores=[2, 0, 0, 0, 0, 0, 0])
[11:42:43 +    24s] [!] [dedupe var] var 18264: keep=3320 drop=[3321, 3322, 3323, 3324, 3325, 3326, 3327] (scores=[0, 0, 0, 0, 0, 0, 0, 0])
[11:42:43 +    24s] [!] [dedupe var] var 18266: keep=3334 drop=[3328, 3329, 3330, 3331, 3332, 3333] (scores=[2, 0, 0, 0, 0, 0, 0])
[11:42:43 +    24s] [!] [dedupe var] var 18274: keep=3335 drop=[3336, 3337, 3338, 3339, 3340] (scores=[0, 0, 0, 0, 0, 0])
[11:42:43 +    24s] [!] [dedupe var] var 18292: keep=3352 drop=[3349, 3350, 3351] (scores=[2, 0, 0, 0])
[11:42:43 +    24s] [!] [dedupe var] var 18294: keep=3353 drop=[3354, 3355] (scores=[0, 0, 0])
[11:42:43 +    24s] [!] [dedupe var] var 18297: keep=3356 drop=[3357, 3359] (scores=[0, 0, 0])
[11:42:43 +    24s] [!] [dedupe var] var 18307: keep=3367 drop=[3366] (scores=[2, 0])
[11:42:43 +    24s] [!] [dedupe var] var 18309: keep=3368 drop=[3370, 9366] (scores=[0, 0, 0])
[11:42:43 +    24s] [!] [dedupe var] var 18316: keep=3378 drop=[3373, 3375, 3376, 3377, 3379] (scores=[2, 0, 0, 0, 0, 0])
[11:42:43 +    24s] [!] [dedupe var] var 18331: keep=3383 drop=[3385, 3386, 3387, 3388, 3389, 3390] (scores=[0, 0, 0, 0, 0, 0, 0])
[11:42:43 +    24s] [!] [dedupe var] var 18354: keep=3410 drop=[3400, 3402, 3404, 3407, 3408, 3409] (scores=[2, 0, 0, 0, 0, 0, 0])
[11:42:43 +    24s] [!] [dedupe var] var 18183: keep=3435 drop=[3431, 3433] (scores=[2, 0, 0])
[11:42:43 +    24s] [!] [dedupe var] var 18185: keep=3446 drop=[3444, 3445, 3447] (scores=[2, 0, 0, 0])
[11:42:43 +    24s] [!] [dedupe var] var 18191: keep=3449 drop=[3448] (scores=[2, 0])
[11:42:43 +    24s] [!] [dedupe var] var 18196: keep=3452 drop=[3450, 3451] (scores=[2, 0, 0])
[11:42:43 +    24s] [!] [dedupe var] var 18205: keep=3457 drop=[3456] (scores=[2, 0])
[11:42:43 +    24s] [!] [dedupe var] var 18275: keep=3516 drop=[3515] (scores=[2, 0])
[11:42:43 +    24s] [!] [dedupe var] var 18277: keep=3522 drop=[3517, 3518, 3520, 3521] (scores=[2, 0, 0, 0, 0])
[11:42:43 +    24s] [!] [dedupe var] var 18283: keep=3525 drop=[3524] (scores=[2, 0])
[11:42:43 +    24s] [!] [dedupe var] var 18286: keep=3532 drop=[3526, 3527, 3529, 3530, 3531] (scores=[2, 0, 0, 0, 0, 0])
[11:42:43 +    24s] [!] [dedupe var] var 18298: keep=3538 drop=[3539, 3541] (scores=[0, 0, 0])
[11:42:43 +    24s] [!] [dedupe var] var 18306: keep=3547 drop=[3540, 3542, 3543, 3544, 3545, 3546] (scores=[2, 0, 0, 0, 0, 0, 0])
[11:42:43 +    24s] [!] [dedupe var] var 18308: keep=3548 drop=[3549, 3550] (scores=[0, 0, 0])
[11:42:43 +    24s] [!] [dedupe var] var 18310: keep=3551 drop=[3552] (scores=[0, 0])
[11:42:43 +    24s] [!] [dedupe var] var 18317: keep=3560 drop=[3555, 3556, 3558] (scores=[2, 0, 0, 0])
[11:42:43 +    24s] [!] [dedupe var] var 18345: keep=3575 drop=[3573, 3574] (scores=[2, 0, 0])
[11:42:43 +    24s] [!] [dedupe var] var 18358: keep=3580 drop=[9760] (scores=[0, 0])
[11:42:43 +    24s] [!] [dedupe var] var 18365: keep=3585 drop=[10907] (scores=[0, 0])
[11:42:43 +    24s] [!] [dedupe var] var 18368: keep=3590 drop=[3589, 3591] (scores=[2, 0, 0])
[11:42:43 +    24s] [!] [dedupe var] var 18373: keep=3596 drop=[6224] (scores=[0, 0])
[11:42:43 +    24s] [!] [dedupe var] var 18380: keep=3610 drop=[3603, 3604, 3605, 3606, 3607, 3608] (scores=[2, 0, 0, 0, 0, 0, 0])
[11:42:43 +    24s] [!] [dedupe var] var 18384: keep=3621 drop=[3614, 3615, 3617, 3618, 3619, 3620] (scores=[2, 0, 0, 0, 0, 0, 0])
[11:42:43 +    24s] [!] [dedupe var] var 18400: keep=3639 drop=[3637, 3638] (scores=[2, 0, 0])
[11:42:43 +    24s] [!] [dedupe var] var 18410: keep=3648 drop=[12877] (scores=[0, 0])
[11:42:43 +    24s] [!] [dedupe var] var 18411: keep=3649 drop=[3651, 3652] (scores=[0, 0, 0])
[11:42:43 +    24s] [!] [dedupe var] var 18417: keep=3657 drop=[8775] (scores=[0, 0])
[11:42:43 +    24s] [!] [dedupe var] var 18418: keep=3658 drop=[3659] (scores=[0, 0])
[11:42:43 +    24s] [!] [dedupe var] var 18421: keep=3662 drop=[3663] (scores=[0, 0])
[11:42:43 +    24s] [!] [dedupe var] var 18426: keep=3668 drop=[8539, 13010] (scores=[0, 0, 0])
[11:42:43 +    24s] [!] [dedupe var] var 18437: keep=3679 drop=[9551] (scores=[0, 0])
[11:42:43 +    24s] [!] [dedupe var] var 18468: keep=3718 drop=[4408] (scores=[0, 0])
[11:42:43 +    24s] [!] [dedupe var] var 18591: keep=3932 drop=[3930, 3931] (scores=[2, 0, 0])
[11:42:43 +    24s] [!] [dedupe var] var 18966: keep=3955 drop=[3956, 3957, 3958, 3960, 3961, 3962, 3963, 3964] (scores=[0, 0, 0, 0, 0, 0, 0, 0, 0])
[11:42:43 +    24s] [!] [dedupe var] var 18978: keep=3974 drop=[3973] (scores=[2, 0])
[11:42:43 +    24s] [!] [dedupe var] var 19000: keep=3998 drop=[3987, 3990, 3991, 3993, 3994, 3995, 3996, 3997] (scores=[2, 0, 0, 0, 0, 0, 0, 0, 0])
[11:42:43 +    24s] [!] [dedupe var] var 19002: keep=4000 drop=[3999] (scores=[2, 0])
[11:42:43 +    24s] [!] [dedupe var] var 19044: keep=4031 drop=[4033] (scores=[0, 0])
[11:42:43 +    24s] [!] [dedupe var] var 19046: keep=4037 drop=[7256] (scores=[0, 0])
[11:42:43 +    24s] [!] [dedupe var] var 19167: keep=4054 drop=[4051, 4053] (scores=[2, 0, 0])
[11:42:43 +    24s] [!] [dedupe var] var 19247: keep=4107 drop=[4092, 4093, 4094, 4095, 4096, 4097, 4098, 4100, 4101, 4102, 4103, 4104, 4105] (scores=[2, 0, 0, 0, 0, 0, 0, 0, 0, 0, 0, 0, 0, 0])
[11:42:43 +    24s] [!] [dedupe var] var 19258: keep=4110 drop=[4109] (scores=[2, 0])
[11:42:43 +    24s] [!] [dedupe var] var 19279: keep=4121 drop=[4123, 4125, 4127, 4129, 4131, 4133, 4135, 4137, 4139, 4141, 4143, 4145, 4147, 4149, 4151, 4153, 4155, 4157, 4159, 4161, 4163, 4165, 4167, 4169, 4171, 4173, 4175] (scores=[0, 0, 0, 0, 0, 0, 0, 0, 0, 0, 0, 0, 0, 0, 0, 0, 0, 0, 0, 0, 0, 0, 0, 0, 0, 0, 0, 0])
[11:42:43 +    24s] [!] [dedupe var] var 19396: keep=4226 drop=[4219, 4220, 4221, 4222, 4223, 4224, 4225] (scores=[2, 0, 0, 0, 0, 0, 0, 0])
[11:42:43 +    24s] [!] [dedupe var] var 19397: keep=4234 drop=[4227, 4228, 4229, 4230, 4231, 4232, 4233] (scores=[2, 0, 0, 0, 0, 0, 0, 0])
[11:42:43 +    24s] [!] [dedupe var] var 19404: keep=4238 drop=[4237] (scores=[2, 0])
[11:42:43 +    24s] [!] [dedupe var] var 19422: keep=4239 drop=[4240, 4241, 4243, 4244, 4245, 4246, 4247, 4249, 4251, 4253, 4255, 4257, 4259, 4261, 4263, 4265, 4267, 4269, 4271, 4273, 4275, 4277, 4278, 4280, 4282, 4284, 4286, 4288, 4290, 4292, 4294, 4296, 4298, 4300, 4302, 4303, 4305, 4306, 4307, 4308, 4309, 4310, 4311, 4312, 4313, 4314, 4315, 4316, 4317, 4318, 4319, 4320, 4321, 4322, 4323, 4324, 4325, 4326, 4327, 4328, 4329, 4330, 4331, 4332, 4333, 4334, 4335, 4336, 4337, 4338, 4339, 4340, 4341, 4342, 4343, 4344, 4345, 4346, 4347, 4348, 4349, 4350, 4351, 4352, 4353, 4354, 4355, 4356, 4358, 4359, 4360, 4361, 4362, 4363, 4364, 4366, 4367, 4368, 4369, 4370, 4371, 4373, 4374, 4375, 4376, 4377, 4378, 4380, 4381, 4382, 4383, 4384, 4386, 4387, 4388, 4389, 4390, 4391, 4392, 4394, 4396, 4397, 4398, 4399, 4400, 4401, 4402, 4403, 4404, 4405, 4406, 4407, 4409, 4410, 4411, 4412, 4413, 4414, 4415, 4416, 4418, 4419, 4420, 4421, 4422, 4424, 4425, 4426, 4427, 4429, 4430, 4431, 4432, 4433, 4434, 4436, 4437, 4439, 4441, 4443, 4445, 4446, 4447, 4448, 4449, 4450, 4451, 4452, 4453, 4454, 4455, 4456, 4457, 4458, 4459, 4460, 4461, 4462, 4464, 4466, 4468, 4469, 4470] (scores=[0, 0, 0, 0, 0, 0, 0, 0, 0, 0, 0, 0, 0, 0, 0, 0, 0, 0, 0, 0, 0, 0, 0, 0, 0, 0, 0, 0, 0, 0, 0, 0, 0, 0, 0, 0, 0, 0, 0, 0, 0, 0, 0, 0, 0, 0, 0, 0, 0, 0, 0, 0, 0, 0, 0, 0, 0, 0, 0, 0, 0, 0, 0, 0, 0, 0, 0, 0, 0, 0, 0, 0, 0, 0, 0, 0, 0, 0, 0, 0, 0, 0, 0, 0, 0, 0, 0, 0, 0, 0, 0, 0, 0, 0, 0, 0, 0, 0, 0, 0, 0, 0, 0, 0, 0, 0, 0, 0, 0, 0, 0, 0, 0, 0, 0, 0, 0, 0, 0, 0, 0, 0, 0, 0, 0, 0, 0, 0, 0, 0, 0, 0, 0, 0, 0, 0, 0, 0, 0, 0, 0, 0, 0, 0, 0, 0, 0, 0, 0, 0, 0, 0, 0, 0, 0, 0, 0, 0, 0, 0, 0, 0, 0, 0, 0, 0, 0, 0, 0, 0, 0, 0, 0, 0, 0, 0, 0, 0, 0, 0, 0, 0, 0, 0])
[11:42:43 +    24s] [!] [dedupe var] var 19452: keep=4417 drop=[6749] (scores=[0, 0])
[11:42:43 +    24s] [!] [dedupe var] var 19459: keep=4444 drop=[4435, 4438, 4440, 4442] (scores=[2, 0, 0, 0, 0])
[11:42:43 +    24s] [!] [dedupe var] var 19460: keep=4467 drop=[4463, 4465] (scores=[2, 0, 0])
[11:42:43 +    24s] [!] [dedupe var] var 19463: keep=4474 drop=[4471, 4472, 4473] (scores=[2, 0, 0, 0])
[11:42:43 +    24s] [!] [dedupe var] var 19474: keep=4477 drop=[4478, 4479, 4480, 4481, 4482, 4483, 4484, 4485, 4486, 4487, 4488, 4489, 4490, 4491, 4492, 4493, 4494, 4495, 4496, 4497, 4498, 4499, 4500, 4501] (scores=[0, 0, 0, 0, 0, 0, 0, 0, 0, 0, 0, 0, 0, 0, 0, 0, 0, 0, 0, 0, 0, 0, 0, 0, 0])
[11:42:43 +    24s] [!] [dedupe var] var 19481: keep=4502 drop=[11954] (scores=[0, 0])
[11:42:43 +    24s] [!] [dedupe var] var 18635: keep=4616 drop=[4618, 4621, 4623] (scores=[0, 0, 0, 0])
[11:42:43 +    24s] [!] [dedupe var] var 18658: keep=4639 drop=[4641, 4642, 4645] (scores=[0, 0, 0, 0])
[11:42:43 +    24s] [!] [dedupe var] var 18680: keep=4661 drop=[4663, 4664, 4666] (scores=[0, 0, 0, 0])
[11:42:43 +    24s] [!] [dedupe var] var 18960: keep=4932 drop=[4933, 4934, 4935, 4936, 4937, 4938, 4939, 4940, 4941, 4942, 4943, 4944, 4945, 4946, 4947, 4948, 4949, 4950, 4951, 4952, 4953, 4954, 4955, 4956, 4957, 4958, 4959, 4960, 4961, 4962, 4963, 4964, 4965, 4966, 4967, 4968, 4969] (scores=[0, 0, 0, 0, 0, 0, 0, 0, 0, 0, 0, 0, 0, 0, 0, 0, 0, 0, 0, 0, 0, 0, 0, 0, 0, 0, 0, 0, 0, 0, 0, 0, 0, 0, 0, 0, 0, 0])
[11:42:43 +    24s] [!] [dedupe var] var 18994: keep=4979 drop=[13195] (scores=[0, 0])
[11:42:43 +    24s] [!] [dedupe var] var 19007: keep=4985 drop=[8440] (scores=[0, 0])
[11:42:43 +    24s] [!] [dedupe var] var 19039: keep=5220 drop=[4986, 4987, 4988, 4989, 4990, 4991, 4993, 4994, 4995, 4996, 4997, 4998, 5000, 5001, 5002, 5003, 5004, 5005, 5006, 5007, 5009, 5010, 5011, 5012, 5013, 5014, 5015, 5017, 5018, 5019, 5020, 5021, 5022, 5023, 5024, 5026, 5027, 5029, 5031, 5033, 5035, 5038, 5040, 5042, 5044, 5047, 5049, 5051, 5053, 5055, 5057, 5059, 5061, 5063, 5065, 5067, 5068, 5070, 5072, 5074, 5075, 5077, 5079, 5081, 5082, 5084, 5086, 5088, 5090, 5092, 5094, 5096, 5098, 5100, 5101, 5103, 5105, 5107, 5109, 5111, 5113, 5115, 5117, 5119, 5121, 5123, 5125, 5127, 5129, 5131, 5133, 5135, 5137, 5139, 5141, 5143, 5145, 5147, 5150, 5152, 5154, 5156, 5157, 5159, 5161, 5163, 5165, 5167, 5169, 5171, 5173, 5175, 5178, 5180, 5181, 5183, 5185, 5187, 5189, 5191, 5193, 5194, 5196, 5198, 5200, 5202, 5203, 5205, 5207, 5209, 5210, 5212, 5214, 5216, 5218] (scores=[2, 0, 0, 0, 0, 0, 0, 0, 0, 0, 0, 0, 0, 0, 0, 0, 0, 0, 0, 0, 0, 0, 0, 0, 0, 0, 0, 0, 0, 0, 0, 0, 0, 0, 0, 0, 0, 0, 0, 0, 0, 0, 0, 0, 0, 0, 0, 0, 0, 0, 0, 0, 0, 0, 0, 0, 0, 0, 0, 0, 0, 0, 0, 0, 0, 0, 0, 0, 0, 0, 0, 0, 0, 0, 0, 0, 0, 0, 0, 0, 0, 0, 0, 0, 0, 0, 0, 0, 0, 0, 0, 0, 0, 0, 0, 0, 0, 0, 0, 0, 0, 0, 0, 0, 0, 0, 0, 0, 0, 0, 0, 0, 0, 0, 0, 0, 0, 0, 0, 0, 0, 0, 0, 0, 0, 0, 0, 0, 0, 0, 0, 0, 0, 0, 0, 0])
[11:42:43 +    24s] [!] [dedupe var] var 19086: keep=5339 drop=[5025, 5028, 5030, 5032, 5034, 5036, 5037, 5039, 5041, 5043, 5045, 5046, 5048, 5050, 5052, 5054, 5056, 5058, 5060, 5062, 5064, 5066, 5069, 5071, 5073, 5076, 5078, 5080, 5083, 5085, 5087, 5089, 5091, 5093, 5095, 5097, 5099, 5102, 5104, 5106, 5108, 5110, 5112, 5114, 5116, 5118, 5120, 5122, 5124, 5126, 5128, 5130, 5132, 5134, 5136, 5138, 5140, 5142, 5144, 5146, 5148, 5149, 5151, 5153, 5155, 5158, 5160, 5162, 5164, 5166, 5168, 5170, 5172, 5174, 5176, 5177, 5179, 5182, 5184, 5186, 5188, 5190, 5192, 5195, 5197, 5199, 5201, 5204, 5206, 5208, 5211, 5213, 5215, 5217, 5219, 5221, 5222, 5223, 5224, 5225, 5226, 5227, 5228, 5229, 5230, 5231, 5232, 5233, 5234, 5235, 5236, 5237, 5238, 5239, 5240, 5241, 5242, 5243, 5244, 5245, 5246, 5247, 5248, 5249, 5250, 5251, 5252, 5253, 5254, 5255, 5256, 5257, 5258, 5259, 5260, 5261, 5262, 5263, 5264, 5265, 5266, 5267, 5268, 5269, 5270, 5271, 5272, 5273, 5274, 5275, 5276, 5277, 5278, 5279, 5280, 5281, 5282, 5283, 5284, 5285, 5286, 5287, 5288, 5289, 5290, 5291, 5292, 5293, 5294, 5295, 5296, 5297, 5298, 5299, 5300, 5301, 5302, 5303, 5304, 5305, 5306, 5307, 5308, 5309, 5310, 5311, 5312, 5313, 5314, 5315, 5316, 5317, 5318, 5319, 5320, 5321, 5322, 5323, 5324, 5325, 5326, 5327, 5328, 5329, 5330, 5331, 5332, 5333, 5334, 5335, 5336, 5337, 5338] (scores=[2, 0, 0, 0, 0, 0, 0, 0, 0, 0, 0, 0, 0, 0, 0, 0, 0, 0, 0, 0, 0, 0, 0, 0, 0, 0, 0, 0, 0, 0, 0, 0, 0, 0, 0, 0, 0, 0, 0, 0, 0, 0, 0, 0, 0, 0, 0, 0, 0, 0, 0, 0, 0, 0, 0, 0, 0, 0, 0, 0, 0, 0, 0, 0, 0, 0, 0, 0, 0, 0, 0, 0, 0, 0, 0, 0, 0, 0, 0, 0, 0, 0, 0, 0, 0, 0, 0, 0, 0, 0, 0, 0, 0, 0, 0, 0, 0, 0, 0, 0, 0, 0, 0, 0, 0, 0, 0, 0, 0, 0, 0, 0, 0, 0, 0, 0, 0, 0, 0, 0, 0, 0, 0, 0, 0, 0, 0, 0, 0, 0, 0, 0, 0, 0, 0, 0, 0, 0, 0, 0, 0, 0, 0, 0, 0, 0, 0, 0, 0, 0, 0, 0, 0, 0, 0, 0, 0, 0, 0, 0, 0, 0, 0, 0, 0, 0, 0, 0, 0, 0, 0, 0, 0, 0, 0, 0, 0, 0, 0, 0, 0, 0, 0, 0, 0, 0, 0, 0, 0, 0, 0, 0, 0, 0, 0, 0, 0, 0, 0, 0, 0, 0, 0, 0, 0, 0, 0, 0, 0, 0, 0, 0, 0, 0])
[11:42:43 +    24s] [!] [dedupe var] var 19118: keep=5407 drop=[5408, 5409, 5410] (scores=[0, 0, 0, 0])
[11:42:43 +    24s] [!] [dedupe var] var 19227: keep=5520 drop=[5479, 5480, 5482, 5483, 5484, 5485, 5486, 5487, 5488, 5490, 5491, 5492, 5493, 5495, 5497, 5499, 5501, 5503, 5504, 5505, 5506, 5507, 5508, 5509, 5510, 5511, 5512, 5513, 5514, 5515, 5518, 5519] (scores=[2, 0, 0, 0, 0, 0, 0, 0, 0, 0, 0, 0, 0, 0, 0, 0, 0, 0, 0, 0, 0, 0, 0, 0, 0, 0, 0, 0, 0, 0, 0, 0, 0])
[11:42:43 +    24s] [!] [dedupe var] var 19250: keep=5524 drop=[5525, 5526, 5527, 5528, 5529, 5530, 5531, 5532, 5533, 5534, 5535, 5536, 5537, 5538, 5539, 5540, 5541, 5542, 5543, 5544, 5545, 5546, 5547, 5548, 5549, 5550, 5551, 5552, 5553, 5554, 5555, 5556, 5557, 5558, 5559, 5560, 5561, 5562, 5563, 5564, 5565, 5566, 5567, 5568, 5569, 5570, 5571, 5572, 5573, 5574, 5575, 5576, 5577, 5578, 5579, 5580, 5581, 5582, 5583, 5584, 5585, 5586, 5587, 5588, 5589, 5590, 5591, 5592, 5594, 5596, 5597, 5598, 5599, 5600, 5601, 5602, 5603, 5604, 5606, 5608, 5610, 5612, 5613, 5615, 5617, 5619, 5621, 5623, 5625, 5627, 5628, 5630, 5632, 5634, 5635, 5637, 5639, 5641, 5642, 5644, 5646, 5648, 5650, 5651, 5653, 5655, 5656, 5658, 5660, 5662, 5664, 5666, 5667, 5669, 5671, 5673, 5675, 5677, 5679] (scores=[0, 0, 0, 0, 0, 0, 0, 0, 0, 0, 0, 0, 0, 0, 0, 0, 0, 0, 0, 0, 0, 0, 0, 0, 0, 0, 0, 0, 0, 0, 0, 0, 0, 0, 0, 0, 0, 0, 0, 0, 0, 0, 0, 0, 0, 0, 0, 0, 0, 0, 0, 0, 0, 0, 0, 0, 0, 0, 0, 0, 0, 0, 0, 0, 0, 0, 0, 0, 0, 0, 0, 0, 0, 0, 0, 0, 0, 0, 0, 0, 0, 0, 0, 0, 0, 0, 0, 0, 0, 0, 0, 0, 0, 0, 0, 0, 0, 0, 0, 0, 0, 0, 0, 0, 0, 0, 0, 0, 0, 0, 0, 0, 0, 0, 0, 0, 0, 0, 0, 0])
[11:42:43 +    24s] [!] [dedupe var] var 19248: keep=5595 drop=[5593] (scores=[2, 0])
[11:42:43 +    24s] [!] [dedupe var] var 19251: keep=5605 drop=[5607, 5609, 5611, 5614, 5616, 5618, 5620, 5622, 5624, 5626, 5629, 5631, 5633, 5636, 5638, 5640, 5643, 5645, 5647, 5649, 5652, 5654, 5657, 5659, 5661, 5663, 5665, 5668, 5670, 5672, 5674, 5676, 5678, 5680, 5681, 5682, 5683, 5684, 5685, 5686, 5687, 5688, 5689, 5690, 5691, 5692, 5693, 5694, 5695, 5696, 5697, 5698, 5699, 5700, 5701, 5702, 5703, 5704, 5705, 5706, 5707, 5708, 5709, 5710, 5711, 5712, 5713, 5714, 5715, 5716, 5717, 5718, 5719, 5720, 5721, 5722, 5723, 5724, 5725, 5726, 5727, 5728, 5729, 5730, 5731, 5732, 5733, 5734, 5735, 5736] (scores=[0, 0, 0, 0, 0, 0, 0, 0, 0, 0, 0, 0, 0, 0, 0, 0, 0, 0, 0, 0, 0, 0, 0, 0, 0, 0, 0, 0, 0, 0, 0, 0, 0, 0, 0, 0, 0, 0, 0, 0, 0, 0, 0, 0, 0, 0, 0, 0, 0, 0, 0, 0, 0, 0, 0, 0, 0, 0, 0, 0, 0, 0, 0, 0, 0, 0, 0, 0, 0, 0, 0, 0, 0, 0, 0, 0, 0, 0, 0, 0, 0, 0, 0, 0, 0, 0, 0, 0, 0, 0, 0])
[11:42:43 +    24s] [!] [dedupe var] var 19255: keep=5856 drop=[5737, 5738, 5739, 5740, 5741, 5742, 5743, 5744, 5745, 5746, 5747, 5748, 5749, 5750, 5751, 5752, 5753, 5754, 5755, 5756, 5757, 5758, 5759, 5760, 5761, 5762, 5763, 5764, 5765, 5766, 5767, 5768, 5769, 5770, 5771, 5772, 5773, 5774, 5775, 5776, 5777, 5778, 5779, 5780, 5781, 5782, 5783, 5784, 5785, 5786, 5787, 5788, 5789, 5790, 5791, 5792, 5793, 5794, 5795, 5796, 5797, 5798, 5799, 5800, 5801, 5802, 5803, 5804, 5805, 5806, 5807, 5808, 5809, 5810, 5811, 5812, 5813, 5814, 5815, 5816, 5817, 5818, 5819, 5820, 5821, 5822, 5823, 5824, 5825, 5826, 5827, 5828, 5829, 5830, 5831, 5832, 5833, 5834, 5835, 5836, 5837, 5838, 5839, 5840, 5841, 5842, 5843, 5844, 5845, 5846, 5847, 5848, 5849, 5850, 5851, 5852, 5853, 5854, 5855] (scores=[2, 0, 0, 0, 0, 0, 0, 0, 0, 0, 0, 0, 0, 0, 0, 0, 0, 0, 0, 0, 0, 0, 0, 0, 0, 0, 0, 0, 0, 0, 0, 0, 0, 0, 0, 0, 0, 0, 0, 0, 0, 0, 0, 0, 0, 0, 0, 0, 0, 0, 0, 0, 0, 0, 0, 0, 0, 0, 0, 0, 0, 0, 0, 0, 0, 0, 0, 0, 0, 0, 0, 0, 0, 0, 0, 0, 0, 0, 0, 0, 0, 0, 0, 0, 0, 0, 0, 0, 0, 0, 0, 0, 0, 0, 0, 0, 0, 0, 0, 0, 0, 0, 0, 0, 0, 0, 0, 0, 0, 0, 0, 0, 0, 0, 0, 0, 0, 0, 0, 0])
[11:42:43 +    24s] [!] [dedupe var] var 19254: keep=5857 drop=[9352] (scores=[0, 0])
[11:42:43 +    24s] [!] [dedupe var] var 19259: keep=5859 drop=[5860, 5861, 5862, 5863] (scores=[0, 0, 0, 0, 0])
[11:42:43 +    24s] [!] [dedupe var] var 19261: keep=5865 drop=[5864, 5866] (scores=[2, 0, 0])
[11:42:43 +    24s] [!] [dedupe var] var 19264: keep=5867 drop=[5868, 5869, 5871] (scores=[0, 0, 0, 0])
[11:42:43 +    24s] [!] [dedupe var] var 19265: keep=5870 drop=[5872, 5873, 5874, 5875, 5876] (scores=[0, 0, 0, 0, 0, 0])
[11:42:43 +    24s] [!] [dedupe var] var 19267: keep=5877 drop=[5878, 5879, 5880] (scores=[0, 0, 0, 0])
[11:42:43 +    24s] [!] [dedupe var] var 19443: keep=6000 drop=[12639] (scores=[0, 0])
[11:42:43 +    24s] [!] [dedupe var] var 19492: keep=6038 drop=[6039, 6040, 6041, 6042] (scores=[0, 0, 0, 0, 0])
[11:42:43 +    24s] [!] [dedupe var] var 19511: keep=6050 drop=[6052] (scores=[0, 0])
[11:42:43 +    24s] [!] [dedupe var] var 19528: keep=6058 drop=[12215] (scores=[0, 0])
[11:42:43 +    24s] [!] [dedupe var] var 19533: keep=6060 drop=[6061, 6062, 6063, 6065, 6066, 6067, 6068, 6069, 6070, 6072, 6073, 6074, 6075, 6076, 6077] (scores=[0, 0, 0, 0, 0, 0, 0, 0, 0, 0, 0, 0, 0, 0, 0, 0])
[11:42:43 +    24s] [!] [dedupe var] var 19571: keep=6084 drop=[6085, 6086, 6087, 6088, 6089, 6091, 6092, 6093, 6094, 6095, 6096, 6098, 6100, 6101, 6103, 6105] (scores=[0, 0, 0, 0, 0, 0, 0, 0, 0, 0, 0, 0, 0, 0, 0, 0, 0])
[11:42:43 +    24s] [!] [dedupe var] var 19603: keep=6110 drop=[6111, 6112, 6113, 6114, 6115, 6116, 6118, 6119, 6120, 6121, 6122, 6123, 6125, 6127, 6129, 6131, 6133, 6135, 6137, 6139, 6141, 6143, 6145, 6146, 6149, 6151, 6152, 6153, 6154, 6155, 6156, 6157, 6158, 6159, 6160, 6161, 6162, 6163, 6164, 6165, 6166, 6167, 6168, 6169, 6170, 6171, 6172, 6173, 6174, 6175, 6176, 6177, 6178, 6179, 6180, 6182, 6184, 6186, 6188, 6190, 6192, 6193, 6195, 6197, 6199, 6202, 6203, 6205, 6207, 6209] (scores=[0, 0, 0, 0, 0, 0, 0, 0, 0, 0, 0, 0, 0, 0, 0, 0, 0, 0, 0, 0, 0, 0, 0, 0, 0, 0, 0, 0, 0, 0, 0, 0, 0, 0, 0, 0, 0, 0, 0, 0, 0, 0, 0, 0, 0, 0, 0, 0, 0, 0, 0, 0, 0, 0, 0, 0, 0, 0, 0, 0, 0, 0, 0, 0, 0, 0, 0, 0, 0, 0, 0])
[11:42:43 +    24s] [!] [dedupe var] var 19605: keep=6124 drop=[6126, 6128, 6130, 6132, 6134, 6136, 6138, 6140, 6142, 6144, 6147, 6148, 6150] (scores=[0, 0, 0, 0, 0, 0, 0, 0, 0, 0, 0, 0, 0, 0])
[11:42:43 +    24s] [!] [dedupe var] var 19607: keep=6181 drop=[6183, 6185, 6187, 6189, 6191, 6194, 6196, 6198, 6200, 6201, 6204, 6206, 6208, 6210, 6211, 6212, 6213, 6214] (scores=[0, 0, 0, 0, 0, 0, 0, 0, 0, 0, 0, 0, 0, 0, 0, 0, 0, 0, 0])
[11:42:43 +    24s] [!] [dedupe var] var 19618: keep=6227 drop=[6228, 6229, 6230, 6231, 6232, 6233, 6234, 6235, 6236, 6237, 6238, 6239, 6240, 6241] (scores=[0, 0, 0, 0, 0, 0, 0, 0, 0, 0, 0, 0, 0, 0, 0])
[11:42:43 +    24s] [!] [dedupe var] var 19634: keep=6254 drop=[6255, 6256, 6257, 6259, 6260, 6261, 6262, 6263, 6265, 6266, 6267, 6268, 6269, 6270, 6272, 6273, 6274, 6275, 6276, 6277, 6279, 6280, 6281, 6282, 6283, 6285, 6287, 6289, 6291, 6293, 6295, 6297, 6299, 6301, 6303, 6306, 6308, 6309, 6311, 6313, 6315, 6318, 6319, 6321, 6323, 6324, 6326, 6328, 6330, 6332, 6334, 6337, 6339, 6341, 6343, 6345, 6346, 6348, 6351, 6353, 6355, 6358, 6360, 6362, 6364, 6366, 6368, 6370, 6371, 6373, 6375, 6377, 6379, 6381, 6383, 6385, 6387, 6389, 6391, 6393, 6396, 6398, 6400, 6402, 6404, 6405, 6407, 6409, 6411, 6413, 6414, 6415, 6416, 6417, 6418, 6419, 6420, 6421, 6422, 6423, 6424, 6425, 6426, 6427, 6428, 6429, 6430, 6431, 6432, 6433, 6434, 6435, 6436, 6437, 6438, 6439, 6440, 6441, 6442, 6443, 6444, 6445, 6446, 6447, 6448, 6449, 6450, 6451, 6452, 6453, 6454, 6455, 6456, 6457, 6458, 6459, 6460] (scores=[0, 0, 0, 0, 0, 0, 0, 0, 0, 0, 0, 0, 0, 0, 0, 0, 0, 0, 0, 0, 0, 0, 0, 0, 0, 0, 0, 0, 0, 0, 0, 0, 0, 0, 0, 0, 0, 0, 0, 0, 0, 0, 0, 0, 0, 0, 0, 0, 0, 0, 0, 0, 0, 0, 0, 0, 0, 0, 0, 0, 0, 0, 0, 0, 0, 0, 0, 0, 0, 0, 0, 0, 0, 0, 0, 0, 0, 0, 0, 0, 0, 0, 0, 0, 0, 0, 0, 0, 0, 0, 0, 0, 0, 0, 0, 0, 0, 0, 0, 0, 0, 0, 0, 0, 0, 0, 0, 0, 0, 0, 0, 0, 0, 0, 0, 0, 0, 0, 0, 0, 0, 0, 0, 0, 0, 0, 0, 0, 0, 0, 0, 0, 0, 0, 0, 0, 0, 0])
[11:42:43 +    24s] [!] [dedupe var] var 19881: keep=6679 drop=[6648] (scores=[2, 0])
[11:42:43 +    24s] [!] [dedupe var] var 19833: keep=6682 drop=[6683, 6684] (scores=[0, 0, 0])
[11:42:43 +    24s] [!] [dedupe var] var 19844: keep=6686 drop=[6685] (scores=[2, 0])
[11:42:43 +    24s] [!] [dedupe var] var 19929: keep=6712 drop=[6713] (scores=[2, 0])
[11:42:43 +    24s] [!] [dedupe var] var 19964: keep=6748 drop=[12430] (scores=[0, 0])
[11:42:43 +    24s] [!] [dedupe var] var 19966: keep=6750 drop=[6752, 6753, 6754, 6755, 6756, 6758, 6759, 6760, 6761, 6762, 6764, 6765, 6766, 6767, 6768] (scores=[0, 0, 0, 0, 0, 0, 0, 0, 0, 0, 0, 0, 0, 0, 0, 0])
[11:42:43 +    24s] [!] [dedupe var] var 28140: keep=6826 drop=[7014] (scores=[0, 0])
[11:42:43 +    24s] [!] [dedupe var] var 28139: keep=6886 drop=[7012] (scores=[0, 0])
[11:42:43 +    24s] [!] [dedupe var] var 20129: keep=7059 drop=[7060, 7061] (scores=[0, 0, 0])
[11:42:43 +    24s] [!] [dedupe var] var 20223: keep=7138 drop=[7140] (scores=[0, 0])
[11:42:43 +    24s] [!] [dedupe var] var 20231: keep=7144 drop=[7145] (scores=[0, 0])
[11:42:43 +    24s] [!] [dedupe var] var 20272: keep=7165 drop=[14900] (scores=[0, 0])
[11:42:43 +    24s] [!] [dedupe var] var 20281: keep=7169 drop=[7170, 7171, 7172] (scores=[0, 0, 0, 0])
[11:42:43 +    24s] [!] [dedupe var] var 20058: keep=7180 drop=[7181] (scores=[2, 0])
[11:42:43 +    24s] [!] [dedupe var] var 20105: keep=7184 drop=[9625] (scores=[0, 0])
[11:42:43 +    24s] [!] [dedupe var] var 20133: keep=7188 drop=[7189, 7190, 7191, 7192, 7194, 7195, 7196, 7197, 7198, 7200, 7201, 7202, 7203, 7204, 7206, 7207, 7208, 7209, 7210, 7211, 7213, 7214, 7215, 7216, 7217, 7218, 7220, 7221, 7222, 7223, 7224, 7225] (scores=[0, 0, 0, 0, 0, 0, 0, 0, 0, 0, 0, 0, 0, 0, 0, 0, 0, 0, 0, 0, 0, 0, 0, 0, 0, 0, 0, 0, 0, 0, 0, 0, 0])
[11:42:43 +    24s] [!] [dedupe var] var 20212: keep=7232 drop=[7233, 7234, 7235, 7236, 7237, 7238, 7239, 7240, 7241, 7242, 7243, 7244, 7245, 7246, 7247, 7248, 7249, 7250, 7251, 7252, 7253, 7254, 7255] (scores=[0, 0, 0, 0, 0, 0, 0, 0, 0, 0, 0, 0, 0, 0, 0, 0, 0, 0, 0, 0, 0, 0, 0, 0])
[11:42:43 +    24s] [!] [dedupe var] var 20232: keep=7269 drop=[7263, 7264, 7265, 7266, 7267, 7268, 7270] (scores=[2, 0, 0, 0, 0, 0, 0, 0])
[11:42:43 +    24s] [!] [dedupe var] var 20238: keep=7272 drop=[17297] (scores=[0, 0])
[11:42:43 +    24s] [!] [dedupe var] var 20239: keep=7273 drop=[17299] (scores=[0, 0])
[11:42:43 +    24s] [!] [dedupe var] var 20240: keep=7274 drop=[17300] (scores=[0, 0])
[11:42:43 +    24s] [!] [dedupe var] var 20242: keep=7275 drop=[17301] (scores=[0, 0])
[11:42:43 +    24s] [!] [dedupe var] var 20243: keep=7276 drop=[17302] (scores=[0, 0])
[11:42:43 +    24s] [!] [dedupe var] var 20244: keep=7277 drop=[17303] (scores=[0, 0])
[11:42:43 +    24s] [!] [dedupe var] var 20245: keep=7278 drop=[17305] (scores=[0, 0])
[11:42:43 +    24s] [!] [dedupe var] var 20246: keep=7279 drop=[17306] (scores=[0, 0])
[11:42:43 +    24s] [!] [dedupe var] var 20247: keep=7280 drop=[17307] (scores=[0, 0])
[11:42:43 +    24s] [!] [dedupe var] var 20248: keep=7281 drop=[17308] (scores=[0, 0])
[11:42:43 +    24s] [!] [dedupe var] var 20249: keep=7282 drop=[17309] (scores=[0, 0])
[11:42:43 +    24s] [!] [dedupe var] var 20250: keep=7283 drop=[17311] (scores=[0, 0])
[11:42:43 +    24s] [!] [dedupe var] var 20252: keep=7284 drop=[17312] (scores=[0, 0])
[11:42:43 +    24s] [!] [dedupe var] var 20237: keep=7285 drop=[17313] (scores=[0, 0])
[11:42:43 +    24s] [!] [dedupe var] var 20253: keep=7286 drop=[17314] (scores=[0, 0])
[11:42:43 +    24s] [!] [dedupe var] var 20254: keep=7288 drop=[17316] (scores=[0, 0])
[11:42:43 +    24s] [!] [dedupe var] var 20255: keep=7289 drop=[17317] (scores=[0, 0])
[11:42:43 +    24s] [!] [dedupe var] var 28237: keep=7360 drop=[7397] (scores=[0, 0])
[11:42:43 +    24s] [!] [dedupe var] var 28235: keep=7366 drop=[7395] (scores=[0, 0])
[11:42:43 +    24s] [!] [dedupe var] var 28234: keep=7367 drop=[7394] (scores=[0, 0])
[11:42:43 +    24s] [!] [dedupe var] var 28231: keep=7374 drop=[7390] (scores=[0, 0])
[11:42:43 +    24s] [!] [dedupe var] var 28230: keep=7375 drop=[7389] (scores=[0, 0])
[11:42:43 +    24s] [!] [dedupe var] var 28228: keep=7380 drop=[7387] (scores=[0, 0])
[11:42:43 +    24s] [!] [dedupe var] var 28227: keep=7382 drop=[7385] (scores=[0, 0])
[11:42:43 +    24s] [!] [dedupe var] var 28226: keep=7383 drop=[7384] (scores=[0, 0])
[11:42:43 +    24s] [!] [dedupe var] var 20297: keep=7403 drop=[7404, 7405, 7406] (scores=[0, 0, 0, 0])
[11:42:43 +    24s] [!] [dedupe var] var 20333: keep=7443 drop=[8537] (scores=[0, 0])
[11:42:43 +    24s] [!] [dedupe var] var 20338: keep=7446 drop=[7447, 7449, 7450, 7451, 7452, 7453, 7454, 7456, 7457, 7458, 7459, 7460, 7462, 7463, 7464, 7465, 7466, 7467, 7469, 7470, 7471, 7472, 7473, 7474, 7476, 7477, 7478, 7479, 7480, 7482, 7483, 7484, 7485, 7486, 7487, 7489, 7490, 7491, 7492, 7493, 7494, 7496, 7497, 7498, 7499, 7500, 7501, 7503, 7504, 7505, 7506, 7507, 7508, 7509, 7511, 7512, 7513, 7514, 7515] (scores=[0, 0, 0, 0, 0, 0, 0, 0, 0, 0, 0, 0, 0, 0, 0, 0, 0, 0, 0, 0, 0, 0, 0, 0, 0, 0, 0, 0, 0, 0, 0, 0, 0, 0, 0, 0, 0, 0, 0, 0, 0, 0, 0, 0, 0, 0, 0, 0, 0, 0, 0, 0, 0, 0, 0, 0, 0, 0, 0, 0])
[11:42:43 +    24s] [!] [dedupe var] var 20354: keep=7707 drop=[7516, 7517, 7518, 7519, 7520, 7521, 7522, 7523, 7524, 7525, 7526, 7527, 7528, 7529, 7530, 7531, 7532, 7533, 7534, 7535, 7536, 7537, 7538, 7539, 7540, 7541, 7542, 7543, 7544, 7545, 7546, 7547, 7548, 7549, 7550, 7551, 7552, 7553, 7554, 7555, 7556, 7557, 7558, 7559, 7560, 7561, 7562, 7563, 7564, 7565, 7566, 7567, 7568, 7569, 7570, 7571, 7572, 7573, 7574, 7575, 7576, 7577, 7578, 7579, 7580, 7581, 7582, 7583, 7584, 7585, 7586, 7587, 7588, 7589, 7590, 7591, 7592, 7593, 7594, 7595, 7596, 7597, 7598, 7599, 7600, 7601, 7602, 7603, 7604, 7605, 7606, 7607, 7608, 7609, 7610, 7611, 7612, 7613, 7614, 7615, 7616, 7617, 7618, 7619, 7620, 7621, 7623, 7624, 7625, 7626, 7627, 7628, 7630, 7631, 7632, 7633, 7634, 7635, 7637, 7638, 7639, 7640, 7641, 7642, 7644, 7645, 7646, 7647, 7648, 7649, 7651, 7652, 7653, 7654, 7655, 7656, 7658, 7659, 7660, 7661, 7662, 7664, 7665, 7666, 7667, 7668, 7669, 7671, 7672, 7673, 7674, 7675, 7677, 7678, 7679, 7680, 7681, 7682, 7684, 7685, 7686, 7687, 7688, 7689, 7691, 7692, 7693, 7694, 7695, 7696, 7698, 7700, 7701, 7702, 7703, 7704, 7705, 7706, 7708] (scores=[2, 0, 0, 0, 0, 0, 0, 0, 0, 0, 0, 0, 0, 0, 0, 0, 0, 0, 0, 0, 0, 0, 0, 0, 0, 0, 0, 0, 0, 0, 0, 0, 0, 0, 0, 0, 0, 0, 0, 0, 0, 0, 0, 0, 0, 0, 0, 0, 0, 0, 0, 0, 0, 0, 0, 0, 0, 0, 0, 0, 0, 0, 0, 0, 0, 0, 0, 0, 0, 0, 0, 0, 0, 0, 0, 0, 0, 0, 0, 0, 0, 0, 0, 0, 0, 0, 0, 0, 0, 0, 0, 0, 0, 0, 0, 0, 0, 0, 0, 0, 0, 0, 0, 0, 0, 0, 0, 0, 0, 0, 0, 0, 0, 0, 0, 0, 0, 0, 0, 0, 0, 0, 0, 0, 0, 0, 0, 0, 0, 0, 0, 0, 0, 0, 0, 0, 0, 0, 0, 0, 0, 0, 0, 0, 0, 0, 0, 0, 0, 0, 0, 0, 0, 0, 0, 0, 0, 0, 0, 0, 0, 0, 0, 0, 0, 0, 0, 0, 0, 0, 0, 0, 0, 0, 0, 0, 0, 0, 0, 0])
[11:42:43 +    24s] [!] [dedupe var] var 20359: keep=7697 drop=[7699] (scores=[2, 0])
[11:42:43 +    24s] [!] [dedupe var] var 20364: keep=7712 drop=[7713, 7714, 7715, 7716, 7717, 7718, 7719] (scores=[0, 0, 0, 0, 0, 0, 0, 0])
[11:42:43 +    24s] [!] [dedupe var] var 20592: keep=7943 drop=[7917, 7919, 7921, 7923, 7925, 7927, 7929, 7931, 7933, 7935, 7937, 7939, 7941] (scores=[2, 0, 0, 0, 0, 0, 0, 0, 0, 0, 0, 0, 0, 0])
[11:42:43 +    24s] [!] [dedupe var] var 20605: keep=7974 drop=[7975, 7976, 7977, 7978, 7979, 7980, 7981, 7982, 7983, 7984, 7985, 7986, 7987, 7988, 7989, 7990, 7991] (scores=[0, 0, 0, 0, 0, 0, 0, 0, 0, 0, 0, 0, 0, 0, 0, 0, 0, 0])
[11:42:43 +    24s] [!] [dedupe var] var 20630: keep=8022 drop=[8025, 8026, 8028, 8030, 8032, 8034, 8036, 8038, 8041] (scores=[0, 0, 0, 0, 0, 0, 0, 0, 0, 0])
[11:42:43 +    24s] [!] [dedupe var] var 20651: keep=8081 drop=[8082, 8083] (scores=[0, 0, 0])
[11:42:43 +    24s] [!] [dedupe var] var 20840: keep=8253 drop=[9556] (scores=[0, 0])
[11:42:43 +    24s] [!] [dedupe var] var 20843: keep=8255 drop=[8384] (scores=[0, 0])
[11:42:43 +    24s] [!] [dedupe var] var 20844: keep=8272 drop=[8529, 12900] (scores=[0, 0, 0])
[11:42:43 +    24s] [!] [dedupe var] var 20953: keep=8365 drop=[8485] (scores=[0, 0])
[11:42:43 +    24s] [!] [dedupe var] var 20957: keep=8369 drop=[8370, 8371] (scores=[0, 0, 0])
[11:42:43 +    24s] [!] [dedupe var] var 20958: keep=8372 drop=[8373, 8374] (scores=[0, 0, 0])
[11:42:43 +    24s] [!] [dedupe var] var 20959: keep=8375 drop=[8376, 8377] (scores=[0, 0, 0])
[11:42:43 +    24s] [!] [dedupe var] var 20975: keep=8423 drop=[10775] (scores=[0, 0])
[11:42:43 +    24s] [!] [dedupe var] var 21012: keep=8431 drop=[8544] (scores=[0, 0])
[11:42:43 +    24s] [!] [dedupe var] var 21042: keep=8462 drop=[8461] (scores=[2, 0])
[11:42:43 +    24s] [!] [dedupe var] var 21089: keep=8502 drop=[8504, 8505] (scores=[0, 0, 0])
[11:42:43 +    24s] [!] [dedupe var] var 21112: keep=8516 drop=[12569, 17162] (scores=[0, 0, 0])
[11:42:43 +    24s] [!] [dedupe var] var 21199: keep=8547 drop=[8615] (scores=[0, 0])
[11:42:43 +    24s] [!] [dedupe var] var 21239: keep=8570 drop=[8571, 8573, 8574, 8575, 8576, 8577, 8579, 8580, 8581, 8582, 8583, 8585, 8586, 8587, 8588, 8589, 8591, 8592, 8593, 8594, 8595, 8597, 8598, 8599, 8600, 8601, 8602, 8604, 8605, 8606, 8607, 8608, 8610, 8611, 8612, 8613, 8614, 8616, 8617, 8618, 8619, 8620, 8621, 8622, 8624, 8625, 8626, 8627, 8628, 8629, 8631, 8632, 8633, 8634, 8635, 8636, 8637, 8639, 8640, 8641, 8642, 8643, 8645, 8646, 8647, 8648, 8649, 8650, 8652, 8653, 8654, 8655, 8656, 8658, 8659, 8660, 8661, 8662, 8663, 8665, 8666, 8667, 8668, 8669, 8671, 8672, 8673, 8674, 8675, 8677, 8678, 8679, 8680, 8681, 8682, 8684, 8685, 8686, 8687, 8688, 8690, 8691, 8692, 8693, 8694, 8696, 8697, 8698, 8699, 8700, 8701, 8703, 8704, 8705, 8706] (scores=[0, 0, 0, 0, 0, 0, 0, 0, 0, 0, 0, 0, 0, 0, 0, 0, 0, 0, 0, 0, 0, 0, 0, 0, 0, 0, 0, 0, 0, 0, 0, 0, 0, 0, 0, 0, 0, 0, 0, 0, 0, 0, 0, 0, 0, 0, 0, 0, 0, 0, 0, 0, 0, 0, 0, 0, 0, 0, 0, 0, 0, 0, 0, 0, 0, 0, 0, 0, 0, 0, 0, 0, 0, 0, 0, 0, 0, 0, 0, 0, 0, 0, 0, 0, 0, 0, 0, 0, 0, 0, 0, 0, 0, 0, 0, 0, 0, 0, 0, 0, 0, 0, 0, 0, 0, 0, 0, 0, 0, 0, 0, 0, 0, 0, 0, 0])
[11:42:43 +    24s] [!] [dedupe var] var 21267: keep=8657 drop=[8664] (scores=[0, 0])
[11:42:43 +    24s] [!] [dedupe var] var 21094: keep=8733 drop=[8734] (scores=[0, 0])
[11:42:43 +    24s] [!] [dedupe var] var 21223: keep=8818 drop=[10440] (scores=[0, 0])
[11:42:43 +    24s] [!] [dedupe var] var 21243: keep=8828 drop=[8830, 8831, 8832, 8833, 8834, 8835, 8836, 8838, 8840, 8841, 8843, 8845, 8847, 8849, 8850, 8851, 8852, 8853, 8854, 8855, 8856, 8857, 8858, 8859, 8860, 8861, 8862, 8863, 8864, 8865, 8866, 8867, 8869, 8870, 8871, 8872, 8873, 8875, 8876, 8877, 8878, 8879, 8880, 8882, 8883, 8884, 8885, 8886, 8887, 8889, 8890, 8891, 8892] (scores=[0, 0, 0, 0, 0, 0, 0, 0, 0, 0, 0, 0, 0, 0, 0, 0, 0, 0, 0, 0, 0, 0, 0, 0, 0, 0, 0, 0, 0, 0, 0, 0, 0, 0, 0, 0, 0, 0, 0, 0, 0, 0, 0, 0, 0, 0, 0, 0, 0, 0, 0, 0, 0, 0])
[11:42:43 +    24s] [!] [dedupe var] var 21283: keep=8960 drop=[8903, 8904, 8905, 8906, 8907, 8908, 8909, 8910, 8911, 8912, 8913, 8914, 8915, 8916, 8917, 8918, 8919, 8920, 8921, 8922, 8923, 8924, 8925, 8926, 8927, 8928, 8929, 8930, 8931, 8932, 8933, 8934, 8935, 8936, 8937, 8938, 8939, 8940, 8941, 8942, 8943, 8944, 8945, 8946, 8947, 8948, 8949, 8950, 8951, 8952, 8953, 8954, 8955, 8956, 8957, 8958, 8959] (scores=[2, 0, 0, 0, 0, 0, 0, 0, 0, 0, 0, 0, 0, 0, 0, 0, 0, 0, 0, 0, 0, 0, 0, 0, 0, 0, 0, 0, 0, 0, 0, 0, 0, 0, 0, 0, 0, 0, 0, 0, 0, 0, 0, 0, 0, 0, 0, 0, 0, 0, 0, 0, 0, 0, 0, 0, 0, 0])
[11:42:43 +    24s] [!] [dedupe var] var 21293: keep=8966 drop=[8967, 8968, 8969, 8970, 8972, 8973, 8974, 8975, 8976, 8977, 8979, 8980, 8981, 8982, 8983, 8984, 8985, 8987, 8988, 8989, 8990, 8991, 8992, 8993, 8995, 8996, 8997, 8998, 8999, 9000, 9001, 9002, 9004, 9005, 9006, 9007, 9008, 9009, 9010, 9012, 9013, 9014, 9015, 9016, 9017] (scores=[0, 0, 0, 0, 0, 0, 0, 0, 0, 0, 0, 0, 0, 0, 0, 0, 0, 0, 0, 0, 0, 0, 0, 0, 0, 0, 0, 0, 0, 0, 0, 0, 0, 0, 0, 0, 0, 0, 0, 0, 0, 0, 0, 0, 0, 0])
[11:42:43 +    24s] [!] [dedupe var] var 21299: keep=8994 drop=[9011] (scores=[0, 0])
[11:42:43 +    24s] [!] [dedupe var] var 21316: keep=9031 drop=[9033, 9034, 9035, 9036, 9037, 9038, 9040, 9041, 9042, 9043, 9044, 9045, 9046] (scores=[0, 0, 0, 0, 0, 0, 0, 0, 0, 0, 0, 0, 0, 0])
[11:42:43 +    24s] [!] [dedupe var] var 21315: keep=9032 drop=[9039] (scores=[0, 0])
[11:42:43 +    24s] [!] [dedupe var] var 21317: keep=9049 drop=[12935] (scores=[0, 0])
[11:42:43 +    24s] [!] [dedupe var] var 21398: keep=9191 drop=[9193, 9195] (scores=[0, 0, 0])
[11:42:43 +    24s] [!] [dedupe var] var 21429: keep=9230 drop=[9226, 9228] (scores=[2, 0, 0])
[11:42:43 +    24s] [!] [dedupe var] var 21458: keep=9237 drop=[9238] (scores=[0, 0])
[11:42:43 +    24s] [!] [dedupe var] var 21490: keep=9243 drop=[9244] (scores=[0, 0])
[11:42:43 +    24s] [!] [dedupe var] var 21489: keep=9245 drop=[9246] (scores=[0, 0])
[11:42:43 +    24s] [!] [dedupe var] var 21494: keep=9302 drop=[9250, 9251, 9252, 9253, 9254, 9255, 9256, 9257, 9258, 9259, 9260, 9261, 9262, 9263, 9264, 9265, 9266, 9267, 9268, 9269, 9270, 9271, 9272, 9273, 9274, 9275, 9276, 9277, 9278, 9279, 9280, 9281, 9282, 9283, 9284, 9285, 9286, 9287, 9288, 9289, 9290, 9291, 9292, 9293, 9294, 9295, 9296, 9297, 9298, 9299, 9300, 9301] (scores=[2, 0, 0, 0, 0, 0, 0, 0, 0, 0, 0, 0, 0, 0, 0, 0, 0, 0, 0, 0, 0, 0, 0, 0, 0, 0, 0, 0, 0, 0, 0, 0, 0, 0, 0, 0, 0, 0, 0, 0, 0, 0, 0, 0, 0, 0, 0, 0, 0, 0, 0, 0, 0])
[11:42:43 +    24s] [!] [dedupe var] var 21546: keep=9359 drop=[13207] (scores=[0, 0])
[11:42:43 +    24s] [!] [dedupe var] var 21747: keep=9561 drop=[9562, 9563, 9564, 9565, 9566, 9567, 9568, 9569, 9570, 9571, 9572, 9573, 9574, 9575, 9576, 9577, 9578, 9579, 9580, 9581, 9582, 9583, 9584, 9585, 9586, 9587, 9588, 9589, 9590, 9591, 9592, 9593, 9594, 9595, 9596, 9597, 9598, 9599, 9600, 9601, 9602, 9603, 9604, 9605, 9606, 9607, 9608, 9609, 9610, 9611, 9612, 9613] (scores=[0, 0, 0, 0, 0, 0, 0, 0, 0, 0, 0, 0, 0, 0, 0, 0, 0, 0, 0, 0, 0, 0, 0, 0, 0, 0, 0, 0, 0, 0, 0, 0, 0, 0, 0, 0, 0, 0, 0, 0, 0, 0, 0, 0, 0, 0, 0, 0, 0, 0, 0, 0, 0])
[11:42:43 +    24s] [!] [dedupe var] var 21829: keep=9765 drop=[9766, 9767, 9768, 9769, 9770, 9771, 9772, 9773, 9774, 9775, 9776, 9777, 9778, 9779, 9780, 9781, 9782, 9783, 9784, 9785] (scores=[0, 0, 0, 0, 0, 0, 0, 0, 0, 0, 0, 0, 0, 0, 0, 0, 0, 0, 0, 0, 0])
[11:42:43 +    24s] [!] [dedupe var] var 21872: keep=9829 drop=[9830, 9831, 9832, 9834, 9835, 9836, 9837, 9838, 9839, 9841, 9843, 9845, 9847, 9849, 9851, 9853] (scores=[0, 0, 0, 0, 0, 0, 0, 0, 0, 0, 0, 0, 0, 0, 0, 0, 0])
[11:42:43 +    24s] [!] [dedupe var] var 21886: keep=9859 drop=[9860, 9861, 9862, 9863, 9864, 9865, 9866, 9867, 9868, 9870, 9872, 9874, 9876, 9878, 9880] (scores=[0, 0, 0, 0, 0, 0, 0, 0, 0, 0, 0, 0, 0, 0, 0, 0])
[11:42:43 +    24s] [!] [dedupe var] var 21887: keep=9917 drop=[9919, 9921, 9923, 9925, 9927, 9929, 9931, 9933, 9935, 9937, 9939, 9941, 9943, 9945, 9947, 9949, 9951, 9953] (scores=[0, 0, 0, 0, 0, 0, 0, 0, 0, 0, 0, 0, 0, 0, 0, 0, 0, 0, 0])
[11:42:43 +    24s] [!] [dedupe var] var 22079: keep=10121 drop=[10122, 10123, 10124, 10125, 10126, 10127, 10128, 10129, 10130, 10131, 10132, 10133, 10134, 10135, 10136, 10137, 10138, 10139, 10140, 10141, 10142, 10143, 10144, 10145, 10146, 10147, 10148, 10149, 10150, 10151, 10152, 10153, 10154, 10155, 10156, 10157, 10158, 10159, 10160, 10161, 10162, 10163, 10164, 10165, 10166, 10167, 10168] (scores=[0, 0, 0, 0, 0, 0, 0, 0, 0, 0, 0, 0, 0, 0, 0, 0, 0, 0, 0, 0, 0, 0, 0, 0, 0, 0, 0, 0, 0, 0, 0, 0, 0, 0, 0, 0, 0, 0, 0, 0, 0, 0, 0, 0, 0, 0, 0, 0])
[11:42:43 +    24s] [!] [dedupe var] var 22118: keep=10171 drop=[11521] (scores=[0, 0])
[11:42:43 +    24s] [!] [dedupe var] var 22119: keep=10172 drop=[10173, 10174] (scores=[0, 0, 0])
[11:42:43 +    24s] [!] [dedupe var] var 22122: keep=10176 drop=[10177] (scores=[0, 0])
[11:42:43 +    24s] [!] [dedupe var] var 22152: keep=10419 drop=[10193, 10194, 10195, 10196, 10197, 10198, 10199, 10200, 10201, 10203, 10204, 10205, 10206, 10207, 10209, 10211, 10213, 10215, 10217, 10218, 10219, 10220, 10221, 10222, 10223, 10224, 10225, 10226, 10227, 10228, 10229, 10230, 10231, 10232, 10233, 10234, 10236, 10237, 10239, 10241, 10243, 10245, 10246, 10247, 10248, 10249, 10250, 10251, 10252, 10253, 10254, 10255, 10256, 10257, 10258, 10259, 10260, 10261, 10262, 10263, 10265, 10267, 10268, 10269, 10270, 10271, 10272, 10273, 10274, 10275, 10276, 10278, 10280, 10282, 10283, 10286, 10287, 10288, 10289, 10290, 10291, 10292, 10293, 10294, 10295, 10296, 10297, 10298, 10299, 10300, 10301, 10302, 10304, 10305, 10306, 10307, 10308, 10310, 10312, 10314, 10316, 10318, 10319, 10320, 10321, 10322, 10323, 10324, 10325, 10326, 10327, 10328, 10329, 10330, 10331, 10332, 10333, 10334, 10335, 10337, 10338, 10339, 10340, 10341, 10343, 10345, 10347, 10349, 10351, 10353, 10354, 10355, 10356, 10357, 10358, 10359, 10360, 10361, 10362, 10363, 10364, 10365, 10366, 10367, 10368, 10369, 10370, 10371, 10372, 10373, 10374, 10375, 10377, 10379, 10382, 10384, 10386, 10387, 10388, 10389, 10390, 10391, 10392, 10393, 10394, 10395, 10396, 10397, 10398, 10399, 10400, 10401, 10402, 10403, 10404, 10405, 10407, 10409, 10411, 10413, 10414, 10415, 10416, 10417, 10418, 10420] (scores=[2, 0, 0, 0, 0, 0, 0, 0, 0, 0, 0, 0, 0, 0, 0, 0, 0, 0, 0, 0, 0, 0, 0, 0, 0, 0, 0, 0, 0, 0, 0, 0, 0, 0, 0, 0, 0, 0, 0, 0, 0, 0, 0, 0, 0, 0, 0, 0, 0, 0, 0, 0, 0, 0, 0, 0, 0, 0, 0, 0, 0, 0, 0, 0, 0, 0, 0, 0, 0, 0, 0, 0, 0, 0, 0, 0, 0, 0, 0, 0, 0, 0, 0, 0, 0, 0, 0, 0, 0, 0, 0, 0, 0, 0, 0, 0, 0, 0, 0, 0, 0, 0, 0, 0, 0, 0, 0, 0, 0, 0, 0, 0, 0, 0, 0, 0, 0, 0, 0, 0, 0, 0, 0, 0, 0, 0, 0, 0, 0, 0, 0, 0, 0, 0, 0, 0, 0, 0, 0, 0, 0, 0, 0, 0, 0, 0, 0, 0, 0, 0, 0, 0, 0, 0, 0, 0, 0, 0, 0, 0, 0, 0, 0, 0, 0, 0, 0, 0, 0, 0, 0, 0, 0, 0, 0, 0, 0, 0, 0, 0, 0, 0, 0, 0, 0, 0, 0])
[11:42:43 +    24s] [!] [dedupe var] var 22163: keep=10342 drop=[10344, 10346, 10348, 10350, 10352] (scores=[0, 0, 0, 0, 0, 0])
[11:42:43 +    24s] [!] [dedupe var] var 22250: keep=10532 drop=[10471, 10472, 10473, 10474, 10475, 10476, 10477, 10478, 10479, 10480, 10481, 10482, 10483, 10484, 10485, 10486, 10487, 10488, 10489, 10490, 10491, 10492, 10493, 10494, 10495, 10496, 10497, 10498, 10499, 10500, 10501, 10502, 10503, 10504, 10505, 10506, 10507, 10508, 10509, 10510, 10511, 10512, 10513, 10514, 10515, 10516, 10517, 10518, 10519, 10520, 10521, 10522, 10523, 10524, 10525, 10526, 10527, 10528, 10529, 10530, 10531] (scores=[2, 0, 0, 0, 0, 0, 0, 0, 0, 0, 0, 0, 0, 0, 0, 0, 0, 0, 0, 0, 0, 0, 0, 0, 0, 0, 0, 0, 0, 0, 0, 0, 0, 0, 0, 0, 0, 0, 0, 0, 0, 0, 0, 0, 0, 0, 0, 0, 0, 0, 0, 0, 0, 0, 0, 0, 0, 0, 0, 0, 0, 0])
[11:42:43 +    24s] [!] [dedupe var] var 22315: keep=10577 drop=[10578, 10579, 10580, 10581, 10582, 10583, 10584, 10585, 10586, 10587, 10588, 10589, 10590, 10591, 10592, 10593, 10594, 10595, 10596, 10597, 10598, 10599, 10600, 10601, 10602, 10603, 10604, 10605, 10606, 10607, 10608, 10609, 10610, 10611, 10612, 10613, 10614, 10615, 10616, 10617, 10618, 10619, 10620, 10621, 10622, 10623, 10624, 10625, 10626, 10627, 10628, 10629, 10630, 10631, 10632, 10633, 10634, 10635, 10636, 10637, 10638, 10639, 10640, 10641, 10642, 10643, 10644, 10645, 10646, 10647, 10648, 10649, 10650, 10651, 10652, 10653, 10654, 10655, 10656, 10657] (scores=[0, 0, 0, 0, 0, 0, 0, 0, 0, 0, 0, 0, 0, 0, 0, 0, 0, 0, 0, 0, 0, 0, 0, 0, 0, 0, 0, 0, 0, 0, 0, 0, 0, 0, 0, 0, 0, 0, 0, 0, 0, 0, 0, 0, 0, 0, 0, 0, 0, 0, 0, 0, 0, 0, 0, 0, 0, 0, 0, 0, 0, 0, 0, 0, 0, 0, 0, 0, 0, 0, 0, 0, 0, 0, 0, 0, 0, 0, 0, 0, 0])
[11:42:43 +    24s] [!] [dedupe var] var 22333: keep=10771 drop=[10665, 10666, 10667, 10668, 10669, 10670, 10671, 10672, 10673, 10674, 10675, 10676, 10678, 10679, 10680, 10681, 10682, 10683, 10685, 10686, 10687, 10688, 10689, 10690, 10692, 10693, 10694, 10695, 10696, 10698, 10699, 10700, 10701, 10702, 10703, 10705, 10706, 10707, 10708, 10709, 10711, 10712, 10713, 10714, 10715, 10716, 10718, 10719, 10720, 10721, 10722, 10724, 10725, 10726, 10727, 10728, 10729, 10730, 10731, 10732, 10733, 10734, 10735, 10736, 10737, 10738, 10739, 10740, 10741, 10742, 10743, 10744, 10745, 10746, 10747, 10748, 10749, 10750, 10751, 10752, 10753, 10754, 10755, 10756, 10757, 10758, 10759, 10760, 10761, 10762, 10763, 10764, 10765, 10766, 10767, 10768, 10769, 10770] (scores=[2, 0, 0, 0, 0, 0, 0, 0, 0, 0, 0, 0, 0, 0, 0, 0, 0, 0, 0, 0, 0, 0, 0, 0, 0, 0, 0, 0, 0, 0, 0, 0, 0, 0, 0, 0, 0, 0, 0, 0, 0, 0, 0, 0, 0, 0, 0, 0, 0, 0, 0, 0, 0, 0, 0, 0, 0, 0, 0, 0, 0, 0, 0, 0, 0, 0, 0, 0, 0, 0, 0, 0, 0, 0, 0, 0, 0, 0, 0, 0, 0, 0, 0, 0, 0, 0, 0, 0, 0, 0, 0, 0, 0, 0, 0, 0, 0, 0, 0])
[11:42:43 +    24s] [!] [dedupe var] var 22261: keep=10807 drop=[10796, 10797, 10799, 10800, 10801, 10802, 10803, 10804, 10806, 10808] (scores=[2, 0, 0, 0, 0, 0, 0, 0, 0, 0, 0])
[11:42:43 +    24s] [!] [dedupe var] var 22282: keep=10826 drop=[10815, 10816, 10818, 10819, 10820, 10821, 10822, 10823, 10825, 10827] (scores=[2, 0, 0, 0, 0, 0, 0, 0, 0, 0, 0])
[11:42:43 +    24s] [!] [dedupe var] var 22364: keep=10878 drop=[10879, 10880, 10881] (scores=[0, 0, 0, 0])
[11:42:43 +    24s] [!] [dedupe var] var 22379: keep=10896 drop=[10897] (scores=[0, 0])
[11:42:43 +    24s] [!] [dedupe var] var 22380: keep=10898 drop=[10899, 10900, 10901, 10902, 10903] (scores=[0, 0, 0, 0, 0, 0])
[11:42:43 +    24s] [!] [dedupe var] var 22420: keep=11347 drop=[10931, 10932, 10933, 10934, 10935, 10936, 10938, 10939, 10940, 10941, 10942, 10944, 10945, 10946, 10947, 10948, 10949, 10951, 10952, 10953, 10954, 10955, 10956, 10958, 10959, 10960, 10961, 10962, 10964, 10965, 10966, 10967, 10968, 10969, 10971, 10972, 10973, 10974, 10975, 10977, 10978, 10979, 10980, 10981, 10982, 10984, 10985, 10986, 10987, 10988, 10990, 10991, 10992, 10993, 10994, 10996, 10997, 10998, 10999, 11000, 11002, 11003, 11004, 11005, 11006, 11007, 11009, 11010, 11011, 11012, 11013, 11015, 11016, 11017, 11018, 11019, 11020, 11021, 11023, 11024, 11025, 11026, 11027, 11028, 11030, 11031, 11032, 11033, 11034, 11035, 11037, 11038, 11039, 11040, 11041, 11042, 11044, 11045, 11046, 11047, 11048, 11049, 11051, 11052, 11053, 11054, 11055, 11057, 11058, 11059, 11060, 11061, 11062, 11064, 11065, 11066, 11067, 11068, 11069, 11071, 11072, 11073, 11074, 11075, 11076, 11078, 11079, 11080, 11081, 11083, 11084, 11085, 11086, 11087, 11088, 11090, 11091, 11092, 11093, 11094, 11095, 11097, 11098, 11099, 11100, 11101, 11103, 11104, 11105, 11106, 11107, 11108, 11110, 11111, 11112, 11113, 11114, 11116, 11117, 11118, 11119, 11120, 11122, 11123, 11124, 11125, 11126, 11128, 11129, 11130, 11131, 11132, 11134, 11135, 11136, 11137, 11138, 11139, 11141, 11142, 11143, 11144, 11145, 11147, 11148, 11149, 11150, 11151, 11152, 11154, 11155, 11156, 11157, 11158, 11160, 11161, 11162, 11163, 11164, 11165, 11167, 11168, 11169, 11170, 11171, 11172, 11174, 11175, 11176, 11177, 11178, 11180, 11181, 11182, 11183, 11184, 11186, 11187, 11188, 11189, 11190, 11191, 11194, 11195, 11196, 11197, 11198, 11199, 11200, 11201, 11202, 11203, 11205, 11206, 11207, 11208, 11209, 11211, 11212, 11213, 11214, 11215, 11217, 11218, 11219, 11220, 11221, 11222, 11224, 11225, 11226, 11227, 11228, 11230, 11231, 11232, 11233, 11234, 11235, 11237, 11238, 11239, 11240, 11241, 11242, 11244, 11245, 11246, 11247, 11248, 11250, 11251, 11252, 11253, 11254, 11255, 11257, 11258, 11259, 11260, 11261, 11262, 11264, 11265, 11266, 11267, 11268, 11270, 11271, 11272, 11273, 11274, 11275, 11277, 11278, 11279, 11280, 11281, 11283, 11284, 11285, 11286, 11287, 11289, 11290, 11291, 11292, 11293, 11294, 11296, 11297, 11298, 11299, 11300, 11301, 11303, 11305, 11307, 11309, 11311, 11313, 11315, 11317, 11319, 11321, 11323, 11324, 11325, 11326, 11327, 11328, 11329, 11330, 11331, 11332, 11333, 11334, 11335, 11336, 11337, 11338, 11339, 11340, 11341, 11342, 11343, 11344, 11345, 11346] (scores=[2, 0, 0, 0, 0, 0, 0, 0, 0, 0, 0, 0, 0, 0, 0, 0, 0, 0, 0, 0, 0, 0, 0, 0, 0, 0, 0, 0, 0, 0, 0, 0, 0, 0, 0, 0, 0, 0, 0, 0, 0, 0, 0, 0, 0, 0, 0, 0, 0, 0, 0, 0, 0, 0, 0, 0, 0, 0, 0, 0, 0, 0, 0, 0, 0, 0, 0, 0, 0, 0, 0, 0, 0, 0, 0, 0, 0, 0, 0, 0, 0, 0, 0, 0, 0, 0, 0, 0, 0, 0, 0, 0, 0, 0, 0, 0, 0, 0, 0, 0, 0, 0, 0, 0, 0, 0, 0, 0, 0, 0, 0, 0, 0, 0, 0, 0, 0, 0, 0, 0, 0, 0, 0, 0, 0, 0, 0, 0, 0, 0, 0, 0, 0, 0, 0, 0, 0, 0, 0, 0, 0, 0, 0, 0, 0, 0, 0, 0, 0, 0, 0, 0, 0, 0, 0, 0, 0, 0, 0, 0, 0, 0, 0, 0, 0, 0, 0, 0, 0, 0, 0, 0, 0, 0, 0, 0, 0, 0, 0, 0, 0, 0, 0, 0, 0, 0, 0, 0, 0, 0, 0, 0, 0, 0, 0, 0, 0, 0, 0, 0, 0, 0, 0, 0, 0, 0, 0, 0, 0, 0, 0, 0, 0, 0, 0, 0, 0, 0, 0, 0, 0, 0, 0, 0, 0, 0, 0, 0, 0, 0, 0, 0, 0, 0, 0, 0, 0, 0, 0, 0, 0, 0, 0, 0, 0, 0, 0, 0, 0, 0, 0, 0, 0, 0, 0, 0, 0, 0, 0, 0, 0, 0, 0, 0, 0, 0, 0, 0, 0, 0, 0, 0, 0, 0, 0, 0, 0, 0, 0, 0, 0, 0, 0, 0, 0, 0, 0, 0, 0, 0, 0, 0, 0, 0, 0, 0, 0, 0, 0, 0, 0, 0, 0, 0, 0, 0, 0, 0, 0, 0, 0, 0, 0, 0, 0, 0, 0, 0, 0, 0, 0, 0, 0, 0, 0, 0, 0, 0, 0, 0, 0, 0, 0, 0, 0, 0, 0, 0, 0, 0, 0, 0, 0, 0, 0, 0, 0, 0, 0, 0])
[11:42:43 +    24s] [!] [dedupe var] var 22423: keep=11056 drop=[16623] (scores=[0, 0])
[11:42:43 +    24s] [!] [dedupe var] var 22444: keep=11192 drop=[11193] (scores=[0, 0])
[11:42:43 +    24s] [!] [dedupe var] var 22462: keep=11357 drop=[11348, 11349, 11350, 11351, 11352, 11353, 11354, 11355, 11356, 11358] (scores=[2, 0, 0, 0, 0, 0, 0, 0, 0, 0, 0])
[11:42:43 +    24s] [!] [dedupe var] var 22477: keep=11364 drop=[11365, 11366, 11367] (scores=[0, 0, 0, 0])
[11:42:43 +    24s] [!] [dedupe var] var 22481: keep=11371 drop=[11372] (scores=[0, 0])
[11:42:43 +    24s] [!] [dedupe var] var 22482: keep=11373 drop=[11374] (scores=[0, 0])
[11:42:43 +    24s] [!] [dedupe var] var 22500: keep=11392 drop=[11393, 11394] (scores=[0, 0, 0])
[11:42:43 +    24s] [!] [dedupe var] var 22501: keep=11395 drop=[11396] (scores=[0, 0])
[11:42:43 +    24s] [!] [dedupe var] var 28461: keep=11407 drop=[11517] (scores=[0, 0])
[11:42:43 +    24s] [!] [dedupe var] var 22512: keep=11523 drop=[11524, 11525, 11526, 11527, 11528, 11529, 11530, 11531, 11532, 11533, 11534, 11535, 11536] (scores=[0, 0, 0, 0, 0, 0, 0, 0, 0, 0, 0, 0, 0, 0])
[11:42:43 +    24s] [!] [dedupe var] var 22515: keep=11542 drop=[11539, 11540, 11541] (scores=[2, 0, 0, 0])
[11:42:43 +    24s] [!] [dedupe var] var 22616: keep=11671 drop=[11663, 11664, 11665, 11666, 11667, 11668, 11669, 11670] (scores=[2, 0, 0, 0, 0, 0, 0, 0, 0])
[11:42:43 +    24s] [!] [dedupe var] var 22659: keep=11701 drop=[11702, 11704, 11705, 11706, 11707] (scores=[0, 0, 0, 0, 0, 0])
[11:42:43 +    24s] [!] [dedupe var] var 22672: keep=11719 drop=[11720, 11721, 11723, 11724, 11725, 11726, 11727] (scores=[0, 0, 0, 0, 0, 0, 0, 0])
[11:42:43 +    24s] [!] [dedupe var] var 22730: keep=11784 drop=[12937] (scores=[0, 0])
[11:42:43 +    24s] [!] [dedupe var] var 22824: keep=11882 drop=[11883] (scores=[0, 0])
[11:42:43 +    24s] [!] [dedupe var] var 22844: keep=11902 drop=[11903, 11905, 11906, 11907, 11908, 11909, 11910] (scores=[0, 0, 0, 0, 0, 0, 0, 0])
[11:42:43 +    24s] [!] [dedupe var] var 22941: keep=12014 drop=[12016] (scores=[0, 0])
[11:42:43 +    24s] [!] [dedupe var] var 22945: keep=12021 drop=[12022, 12023, 12024, 12025, 12026, 12027] (scores=[0, 0, 0, 0, 0, 0, 0])
[11:42:43 +    24s] [!] [dedupe var] var 22955: keep=12037 drop=[12737] (scores=[0, 0])
[11:42:43 +    24s] [!] [dedupe var] var 23006: keep=12085 drop=[12086, 12087, 12088, 12089, 12090, 12091, 12092, 12093, 12094, 12095, 12096, 12097, 12098, 12099, 12100, 12101, 12102, 12103, 12104, 12105, 12106, 12107, 12108, 12109, 12110, 12111, 12112, 12113, 12114, 12115, 12116, 12117, 12118, 12119, 12120, 12121, 12122, 12123, 12124, 12125, 12126, 12127, 12128, 12129, 12130, 12131, 12132, 12133, 12134, 12135, 12136, 12137, 12138, 12139, 12140, 12141, 12142, 12143, 12144, 12145, 12146, 12147, 12148, 12149, 12150, 12151, 12152, 12153, 12154, 12155, 12156, 12157, 12158, 12159, 12160, 12161, 12162, 12163, 12164, 12165, 12166, 12167, 12168, 12169, 12170, 12171] (scores=[0, 0, 0, 0, 0, 0, 0, 0, 0, 0, 0, 0, 0, 0, 0, 0, 0, 0, 0, 0, 0, 0, 0, 0, 0, 0, 0, 0, 0, 0, 0, 0, 0, 0, 0, 0, 0, 0, 0, 0, 0, 0, 0, 0, 0, 0, 0, 0, 0, 0, 0, 0, 0, 0, 0, 0, 0, 0, 0, 0, 0, 0, 0, 0, 0, 0, 0, 0, 0, 0, 0, 0, 0, 0, 0, 0, 0, 0, 0, 0, 0, 0, 0, 0, 0, 0, 0])
[11:42:43 +    24s] [!] [dedupe var] var 23111: keep=12300 drop=[12178, 12179, 12180, 12181, 12182, 12183, 12184, 12185, 12186, 12187, 12188, 12189, 12190, 12191, 12192, 12194, 12195, 12196, 12197, 12198, 12200, 12201, 12202, 12203, 12205, 12206, 12207, 12208, 12209, 12211, 12212, 12213, 12214, 12216, 12217, 12218, 12219, 12221, 12222, 12223, 12224, 12225, 12227, 12228, 12229, 12230, 12231, 12233, 12234, 12235, 12236, 12237, 12238, 12240, 12241, 12242, 12243, 12244, 12245, 12246, 12247, 12249, 12250, 12251, 12252, 12253, 12255, 12257, 12259, 12261, 12263, 12264, 12265, 12266, 12267, 12268, 12269, 12270, 12271, 12272, 12273, 12274, 12275, 12276, 12277, 12279, 12281, 12282, 12283, 12284, 12285, 12286, 12287, 12288, 12289, 12291, 12293, 12295, 12296, 12297, 12298, 12299] (scores=[2, 0, 0, 0, 0, 0, 0, 0, 0, 0, 0, 0, 0, 0, 0, 0, 0, 0, 0, 0, 0, 0, 0, 0, 0, 0, 0, 0, 0, 0, 0, 0, 0, 0, 0, 0, 0, 0, 0, 0, 0, 0, 0, 0, 0, 0, 0, 0, 0, 0, 0, 0, 0, 0, 0, 0, 0, 0, 0, 0, 0, 0, 0, 0, 0, 0, 0, 0, 0, 0, 0, 0, 0, 0, 0, 0, 0, 0, 0, 0, 0, 0, 0, 0, 0, 0, 0, 0, 0, 0, 0, 0, 0, 0, 0, 0, 0, 0, 0, 0, 0, 0, 0])
[11:42:43 +    24s] [!] [dedupe var] var 23135: keep=12306 drop=[17520] (scores=[0, 0])
[11:42:43 +    24s] [!] [dedupe var] var 23152: keep=12326 drop=[12323, 12324, 12325] (scores=[2, 0, 0, 0])
[11:42:43 +    24s] [!] [dedupe var] var 23160: keep=12334 drop=[12336] (scores=[0, 0])
[11:42:43 +    24s] [!] [dedupe var] var 23192: keep=12369 drop=[12367, 12368] (scores=[2, 0, 0])
[11:42:43 +    24s] [!] [dedupe var] var 23204: keep=12381 drop=[12385, 12388] (scores=[0, 0, 0])
[11:42:43 +    24s] [!] [dedupe var] var 23205: keep=12382 drop=[12383, 12384] (scores=[0, 0, 0])
[11:42:43 +    24s] [!] [dedupe var] var 23210: keep=12391 drop=[12392, 12394, 12395, 12396, 12397] (scores=[0, 0, 0, 0, 0, 0])
[11:42:43 +    24s] [!] [dedupe var] var 23221: keep=12407 drop=[12408, 12409, 12411, 12412, 12413, 12414, 12415, 12416, 12418, 12419, 12420] (scores=[0, 0, 0, 0, 0, 0, 0, 0, 0, 0, 0, 0])
[11:42:43 +    24s] [!] [dedupe var] var 23231: keep=12428 drop=[12429, 12431, 12432, 12433, 12434, 12435, 12437] (scores=[0, 0, 0, 0, 0, 0, 0, 0])
[11:42:43 +    24s] [!] [dedupe var] var 23323: keep=12495 drop=[12496, 12497, 12498, 12500, 12501, 12502] (scores=[0, 0, 0, 0, 0, 0, 0])
[11:42:43 +    24s] [!] [dedupe var] var 23336: keep=12556 drop=[12507, 12508, 12509, 12511, 12512, 12513, 12514, 12515, 12517, 12519, 12520, 12523, 12525, 12527, 12528, 12530, 12531, 12532, 12533, 12534, 12535, 12536, 12537, 12538, 12539, 12540, 12541, 12542, 12543, 12544, 12545, 12546, 12548, 12549, 12550, 12551, 12552, 12554, 12555] (scores=[2, 0, 0, 0, 0, 0, 0, 0, 0, 0, 0, 0, 0, 0, 0, 0, 0, 0, 0, 0, 0, 0, 0, 0, 0, 0, 0, 0, 0, 0, 0, 0, 0, 0, 0, 0, 0, 0, 0, 0])
[11:42:43 +    24s] [!] [dedupe var] var 23384: keep=12581 drop=[12582, 18974] (scores=[0, 0, 0])
[11:42:43 +    24s] [!] [dedupe var] var 23389: keep=12586 drop=[12584, 12585, 12587] (scores=[2, 0, 0, 0])
[11:42:43 +    24s] [!] [dedupe var] var 23566: keep=12646 drop=[12647, 12648, 12649, 12650, 12651, 12652, 12653, 12654, 12655, 12656, 12657, 12658, 12659, 12660, 12661, 12662] (scores=[0, 0, 0, 0, 0, 0, 0, 0, 0, 0, 0, 0, 0, 0, 0, 0, 0])
[11:42:43 +    24s] [!] [dedupe var] var 23234: keep=12671 drop=[12672, 12673, 12674, 12675, 12676, 12678, 12679, 12680, 12681, 12682, 12683, 12684, 12686] (scores=[0, 0, 0, 0, 0, 0, 0, 0, 0, 0, 0, 0, 0, 0])
[11:42:43 +    24s] [!] [dedupe var] var 23242: keep=12688 drop=[12689] (scores=[0, 0])
[11:42:43 +    24s] [!] [dedupe var] var 23315: keep=12715 drop=[12717] (scores=[0, 0])
[11:42:43 +    24s] [!] [dedupe var] var 23322: keep=12719 drop=[12721] (scores=[0, 0])
[11:42:43 +    24s] [!] [dedupe var] var 23367: keep=12738 drop=[12739, 12740, 12741, 12742, 12743, 12744] (scores=[0, 0, 0, 0, 0, 0, 0])
[11:42:43 +    24s] [!] [dedupe var] var 23646: keep=12945 drop=[12947, 12949] (scores=[0, 0, 0])
[11:42:43 +    24s] [!] [dedupe var] var 23655: keep=12962 drop=[12963, 12964, 12965] (scores=[0, 0, 0, 0])
[11:42:43 +    24s] [!] [dedupe var] var 28495: keep=12980 drop=[12984] (scores=[0, 0])
[11:42:43 +    24s] [!] [dedupe var] var 23686: keep=13006 drop=[14066] (scores=[0, 0])
[11:42:43 +    24s] [!] [dedupe var] var 23840: keep=13189 drop=[13191] (scores=[0, 0])
[11:42:43 +    24s] [!] [dedupe var] var 23900: keep=13224 drop=[13226] (scores=[0, 0])
[11:42:43 +    24s] [!] [dedupe var] var 23923: keep=13248 drop=[13273] (scores=[0, 0])
[11:42:43 +    24s] [!] [dedupe var] var 23935: keep=13260 drop=[13303] (scores=[0, 0])
[11:42:43 +    24s] [!] [dedupe var] var 23981: keep=13308 drop=[16852] (scores=[0, 0])
[11:42:43 +    24s] [!] [dedupe var] var 23989: keep=13320 drop=[13315, 13316, 13317, 13318, 13319, 13321] (scores=[2, 0, 0, 0, 0, 0, 0])
[11:42:43 +    24s] [!] [dedupe var] var 24008: keep=13338 drop=[13340, 13341] (scores=[0, 0, 0])
[11:42:43 +    24s] [!] [dedupe var] var 24064: keep=13350 drop=[13352] (scores=[0, 0])
[11:42:43 +    24s] [!] [dedupe var] var 24145: keep=13353 drop=[13355] (scores=[0, 0])
[11:42:43 +    24s] [!] [dedupe var] var 24216: keep=13396 drop=[13395] (scores=[2, 0])
[11:42:43 +    24s] [!] [dedupe var] var 24253: keep=13412 drop=[13414] (scores=[0, 0])
[11:42:43 +    24s] [!] [dedupe var] var 24446: keep=13639 drop=[13572, 13573, 13574, 13575, 13576, 13577, 13578, 13579, 13580, 13581, 13582, 13583, 13584, 13585, 13586, 13587, 13588, 13589, 13590, 13591, 13592, 13593, 13594, 13595, 13596, 13597, 13598, 13599, 13600, 13601, 13602, 13603, 13604, 13605, 13606, 13607, 13608, 13609, 13610, 13611, 13612, 13613, 13614, 13615, 13616, 13617, 13618, 13619, 13620, 13621, 13622, 13623, 13624, 13625, 13626, 13627, 13628, 13629, 13630, 13631, 13632, 13633, 13634, 13635, 13636, 13637, 13638] (scores=[2, 0, 0, 0, 0, 0, 0, 0, 0, 0, 0, 0, 0, 0, 0, 0, 0, 0, 0, 0, 0, 0, 0, 0, 0, 0, 0, 0, 0, 0, 0, 0, 0, 0, 0, 0, 0, 0, 0, 0, 0, 0, 0, 0, 0, 0, 0, 0, 0, 0, 0, 0, 0, 0, 0, 0, 0, 0, 0, 0, 0, 0, 0, 0, 0, 0, 0, 0])
[11:42:43 +    24s] [!] [dedupe var] var 24003: keep=13665 drop=[13666, 13667, 13669, 13670, 13671, 13672, 13673, 13675, 13676, 13677, 13678, 13679, 13680, 13682, 13683, 13684, 13685, 13686, 13687, 13689, 13690, 13691, 13692, 13694, 13695, 13696, 13697, 13698, 13700, 13701, 13702, 13703, 13704, 13705, 13707, 13709, 13711, 13713, 13715, 13717, 13719, 13721, 13723, 13725, 13726, 13728, 13730, 13732, 13734, 13736, 13738, 13740, 13742, 13744, 13746, 13749, 13751, 13753, 13754, 13756, 13758, 13760, 13762, 13764, 13766, 13768, 13770, 13771, 13772, 13773, 13774, 13775, 13776, 13777, 13778, 13779, 13780, 13781, 13782] (scores=[0, 0, 0, 0, 0, 0, 0, 0, 0, 0, 0, 0, 0, 0, 0, 0, 0, 0, 0, 0, 0, 0, 0, 0, 0, 0, 0, 0, 0, 0, 0, 0, 0, 0, 0, 0, 0, 0, 0, 0, 0, 0, 0, 0, 0, 0, 0, 0, 0, 0, 0, 0, 0, 0, 0, 0, 0, 0, 0, 0, 0, 0, 0, 0, 0, 0, 0, 0, 0, 0, 0, 0, 0, 0, 0, 0, 0, 0, 0, 0])
[11:42:43 +    24s] [!] [dedupe var] var 24069: keep=13940 drop=[13871, 13872, 13873, 13874, 13875, 13876, 13877, 13878, 13879, 13880, 13881, 13882, 13883, 13884, 13885, 13886, 13887, 13888, 13889, 13890, 13891, 13892, 13893, 13894, 13895, 13896, 13897, 13898, 13899, 13900, 13901, 13902, 13903, 13904, 13905, 13906, 13907, 13908, 13909, 13910, 13911, 13912, 13913, 13914, 13915, 13916, 13917, 13918, 13919, 13920, 13921, 13922, 13923, 13924, 13925, 13926, 13927, 13928, 13929, 13930, 13931, 13932, 13933, 13934, 13935, 13936, 13937, 13938, 13939] (scores=[2, 0, 0, 0, 0, 0, 0, 0, 0, 0, 0, 0, 0, 0, 0, 0, 0, 0, 0, 0, 0, 0, 0, 0, 0, 0, 0, 0, 0, 0, 0, 0, 0, 0, 0, 0, 0, 0, 0, 0, 0, 0, 0, 0, 0, 0, 0, 0, 0, 0, 0, 0, 0, 0, 0, 0, 0, 0, 0, 0, 0, 0, 0, 0, 0, 0, 0, 0, 0, 0])
[11:42:43 +    24s] [!] [dedupe var] var 24136: keep=13942 drop=[13943, 13944, 13945, 13946, 13947, 13948, 13949, 13950, 13951, 13952, 13953, 13954, 13955, 13956, 13957, 13958, 13959, 13960, 13961, 13962, 13963, 13964, 13965, 13966, 13967, 13968, 13969, 13970, 13971, 13972, 13973, 13974, 13975, 13976, 13977, 13978, 13979, 13980, 13981] (scores=[0, 0, 0, 0, 0, 0, 0, 0, 0, 0, 0, 0, 0, 0, 0, 0, 0, 0, 0, 0, 0, 0, 0, 0, 0, 0, 0, 0, 0, 0, 0, 0, 0, 0, 0, 0, 0, 0, 0, 0])
[11:42:43 +    24s] [!] [dedupe var] var 28504: keep=14007 drop=[14008] (scores=[0, 0])
[11:42:43 +    24s] [!] [dedupe var] var 24203: keep=14011 drop=[14024] (scores=[0, 0])
[11:42:43 +    24s] [!] [dedupe var] var 24225: keep=14025 drop=[14026] (scores=[0, 0])
[11:42:43 +    24s] [!] [dedupe var] var 24298: keep=14058 drop=[14060] (scores=[0, 0])
[11:42:43 +    24s] [!] [dedupe var] var 24498: keep=14107 drop=[19330] (scores=[0, 0])
[11:42:43 +    24s] [!] [dedupe var] var 24506: keep=14115 drop=[16820] (scores=[0, 0])
[11:42:43 +    24s] [!] [dedupe var] var 24540: keep=14266 drop=[14147, 14148, 14150, 14151, 14152, 14153, 14154, 14155, 14157, 14158, 14159, 14160, 14161, 14162, 14164, 14165, 14166, 14167, 14168, 14170, 14171, 14172, 14173, 14174, 14175, 14177, 14178, 14179, 14180, 14181, 14182, 14184, 14185, 14186, 14187, 14188, 14190, 14192, 14193, 14195, 14196, 14197, 14198, 14199, 14200, 14201, 14202, 14203, 14204, 14205, 14207, 14208, 14209, 14210, 14211, 14212, 14214, 14215, 14216, 14217, 14218, 14219, 14221, 14222, 14223, 14224, 14225, 14226, 14227, 14228, 14229, 14230, 14231, 14232, 14233, 14234, 14235, 14236, 14237, 14238, 14239, 14240, 14241, 14242, 14243, 14244, 14245, 14246, 14247, 14248, 14249, 14250, 14251, 14252, 14253, 14254, 14255, 14256, 14257, 14258, 14259, 14260, 14261, 14262, 14263, 14264, 14265] (scores=[2, 0, 0, 0, 0, 0, 0, 0, 0, 0, 0, 0, 0, 0, 0, 0, 0, 0, 0, 0, 0, 0, 0, 0, 0, 0, 0, 0, 0, 0, 0, 0, 0, 0, 0, 0, 0, 0, 0, 0, 0, 0, 0, 0, 0, 0, 0, 0, 0, 0, 0, 0, 0, 0, 0, 0, 0, 0, 0, 0, 0, 0, 0, 0, 0, 0, 0, 0, 0, 0, 0, 0, 0, 0, 0, 0, 0, 0, 0, 0, 0, 0, 0, 0, 0, 0, 0, 0, 0, 0, 0, 0, 0, 0, 0, 0, 0, 0, 0, 0, 0, 0, 0, 0, 0, 0, 0, 0])
[11:42:43 +    24s] [!] [dedupe var] var 24544: keep=14189 drop=[14191, 14194] (scores=[0, 0, 0])
[11:42:43 +    24s] [!] [dedupe var] var 24546: keep=14213 drop=[14976] (scores=[0, 0])
[11:42:43 +    24s] [!] [dedupe var] var 24573: keep=14310 drop=[14291, 14292, 14293, 14294, 14295, 14297, 14298, 14299, 14300, 14301, 14303, 14304, 14305, 14306, 14307, 14308] (scores=[2, 0, 0, 0, 0, 0, 0, 0, 0, 0, 0, 0, 0, 0, 0, 0, 0])
[11:42:43 +    24s] [!] [dedupe var] var 24857: keep=14729 drop=[14587, 14588, 14589, 14590, 14591, 14592, 14593, 14594, 14595, 14596, 14597, 14598, 14599, 14600, 14601, 14602, 14603, 14604, 14605, 14606, 14607, 14608, 14609, 14610, 14611, 14612, 14613, 14614, 14615, 14616, 14617, 14618, 14619, 14620, 14622, 14623, 14624, 14625, 14626, 14628, 14629, 14630, 14631, 14633, 14634, 14635, 14636, 14637, 14639, 14640, 14641, 14642, 14643, 14645, 14646, 14647, 14648, 14649, 14650, 14652, 14655, 14657, 14658, 14660, 14663, 14664, 14666, 14668, 14670, 14673, 14674, 14677, 14679, 14681, 14683, 14685, 14687, 14689, 14691, 14693, 14695, 14697, 14699, 14701, 14703, 14704, 14705, 14706, 14707, 14708, 14709, 14710, 14711, 14712, 14713, 14714, 14715, 14716, 14717, 14718, 14719, 14720, 14721, 14722, 14723, 14724, 14725, 14726, 14727, 14728] (scores=[2, 0, 0, 0, 0, 0, 0, 0, 0, 0, 0, 0, 0, 0, 0, 0, 0, 0, 0, 0, 0, 0, 0, 0, 0, 0, 0, 0, 0, 0, 0, 0, 0, 0, 0, 0, 0, 0, 0, 0, 0, 0, 0, 0, 0, 0, 0, 0, 0, 0, 0, 0, 0, 0, 0, 0, 0, 0, 0, 0, 0, 0, 0, 0, 0, 0, 0, 0, 0, 0, 0, 0, 0, 0, 0, 0, 0, 0, 0, 0, 0, 0, 0, 0, 0, 0, 0, 0, 0, 0, 0, 0, 0, 0, 0, 0, 0, 0, 0, 0, 0, 0, 0, 0, 0, 0, 0, 0, 0, 0, 0])
[11:42:43 +    24s] [!] [dedupe var] var 24858: keep=14702 drop=[14651, 14653, 14654, 14656, 14659, 14661, 14662, 14665, 14667, 14669, 14671, 14672, 14675, 14676, 14678, 14680, 14682, 14684, 14686, 14688, 14690, 14692, 14694, 14696, 14698, 14700] (scores=[2, 0, 0, 0, 0, 0, 0, 0, 0, 0, 0, 0, 0, 0, 0, 0, 0, 0, 0, 0, 0, 0, 0, 0, 0, 0, 0])
[11:42:43 +    24s] [!] [dedupe var] var 24870: keep=14759 drop=[14744, 14745, 14746, 14747, 14748, 14749, 14750, 14751, 14752, 14753, 14754, 14755, 14756, 14757, 14758] (scores=[2, 0, 0, 0, 0, 0, 0, 0, 0, 0, 0, 0, 0, 0, 0, 0])
[11:42:43 +    24s] [!] [dedupe var] var 24885: keep=14771 drop=[14773] (scores=[0, 0])
[11:42:43 +    24s] [!] [dedupe var] var 24889: keep=14774 drop=[14775, 14776] (scores=[0, 0, 0])
[11:42:43 +    24s] [!] [dedupe var] var 24893: keep=14828 drop=[14779, 14780, 14781, 14782, 14783, 14784, 14785, 14786, 14787, 14788, 14789, 14790, 14791, 14792, 14793, 14794, 14795, 14796, 14797, 14798, 14799, 14800, 14801, 14802, 14803, 14804, 14805, 14806, 14807, 14808, 14809, 14810, 14811, 14812, 14813, 14814, 14815, 14816, 14817, 14818, 14820, 14821, 14822, 14823, 14824, 14826, 14827] (scores=[2, 0, 0, 0, 0, 0, 0, 0, 0, 0, 0, 0, 0, 0, 0, 0, 0, 0, 0, 0, 0, 0, 0, 0, 0, 0, 0, 0, 0, 0, 0, 0, 0, 0, 0, 0, 0, 0, 0, 0, 0, 0, 0, 0, 0, 0, 0, 0])
[11:42:43 +    24s] [!] [dedupe var] var 24900: keep=14885 drop=[14834, 14835, 14836, 14837, 14838, 14839, 14840, 14841, 14842, 14843, 14844, 14845, 14846, 14847, 14848, 14849, 14850, 14851, 14852, 14853, 14854, 14855, 14856, 14857, 14858, 14859, 14860, 14861, 14862, 14863, 14864, 14865, 14866, 14867, 14868, 14869, 14870, 14871, 14872, 14873, 14874, 14875, 14876, 14877, 14878, 14879, 14880, 14881, 14882, 14883, 14884] (scores=[2, 0, 0, 0, 0, 0, 0, 0, 0, 0, 0, 0, 0, 0, 0, 0, 0, 0, 0, 0, 0, 0, 0, 0, 0, 0, 0, 0, 0, 0, 0, 0, 0, 0, 0, 0, 0, 0, 0, 0, 0, 0, 0, 0, 0, 0, 0, 0, 0, 0, 0, 0])
[11:42:43 +    24s] [!] [dedupe var] var 24916: keep=14901 drop=[14902, 14903, 14904, 14905, 14906, 14907, 14908, 14909, 14910, 14911, 14912, 14913, 14914, 14915, 14916, 14917, 14918, 14919, 14920, 14921, 14923, 14925, 14926, 14927, 14928, 14929, 14930, 14931, 14932, 14933, 14935, 14937, 14938, 14939, 14940, 14941, 14942, 14943, 14944, 14945, 14946, 14948] (scores=[0, 0, 0, 0, 0, 0, 0, 0, 0, 0, 0, 0, 0, 0, 0, 0, 0, 0, 0, 0, 0, 0, 0, 0, 0, 0, 0, 0, 0, 0, 0, 0, 0, 0, 0, 0, 0, 0, 0, 0, 0, 0, 0])
[11:42:43 +    24s] [!] [dedupe var] var 24917: keep=14934 drop=[14936] (scores=[2, 0])
[11:42:43 +    24s] [!] [dedupe var] var 24930: keep=14960 drop=[14961, 14962, 14963, 14964, 14965, 14966, 14967, 14968] (scores=[0, 0, 0, 0, 0, 0, 0, 0, 0])
[11:42:43 +    24s] [!] [dedupe var] var 24960: keep=15152 drop=[15050, 15052, 15054, 15056, 15058, 15060, 15062, 15064, 15066, 15068, 15070, 15072, 15074, 15076, 15078, 15081, 15082, 15084, 15087, 15089, 15091, 15093, 15095, 15097, 15099, 15100, 15102, 15104, 15106, 15108, 15110, 15112, 15114, 15116, 15118, 15120, 15122, 15124, 15126, 15129, 15130, 15132, 15135, 15137, 15139, 15140, 15143, 15145, 15148, 15150] (scores=[2, 0, 0, 0, 0, 0, 0, 0, 0, 0, 0, 0, 0, 0, 0, 0, 0, 0, 0, 0, 0, 0, 0, 0, 0, 0, 0, 0, 0, 0, 0, 0, 0, 0, 0, 0, 0, 0, 0, 0, 0, 0, 0, 0, 0, 0, 0, 0, 0, 0, 0])
[11:42:43 +    24s] [!] [dedupe var] var 25001: keep=15514 drop=[15416, 15419, 15421, 15423, 15425, 15427, 15429, 15431, 15434, 15436, 15438, 15440, 15442, 15444, 15446, 15448, 15450, 15452, 15454, 15457, 15459, 15461, 15463, 15465, 15467, 15469, 15471, 15473, 15475, 15477, 15479, 15481, 15483, 15484, 15486, 15488, 15490, 15492, 15494, 15496, 15498, 15500, 15502, 15504, 15506, 15508, 15510, 15512] (scores=[2, 0, 0, 0, 0, 0, 0, 0, 0, 0, 0, 0, 0, 0, 0, 0, 0, 0, 0, 0, 0, 0, 0, 0, 0, 0, 0, 0, 0, 0, 0, 0, 0, 0, 0, 0, 0, 0, 0, 0, 0, 0, 0, 0, 0, 0, 0, 0, 0])
[11:42:43 +    24s] [!] [dedupe var] var 25136: keep=15914 drop=[15640, 15642, 15644, 15645, 15647, 15648, 15650, 15652, 15653, 15654, 15655, 15656, 15657, 15658, 15659, 15660, 15661, 15662, 15663, 15664, 15665, 15666, 15667, 15668, 15669, 15670, 15671, 15672, 15673, 15674, 15675, 15676, 15677, 15678, 15679, 15680, 15681, 15682, 15683, 15684, 15685, 15686, 15687, 15688, 15689, 15690, 15691, 15692, 15693, 15694, 15695, 15696, 15697, 15698, 15699, 15700, 15701, 15702, 15703, 15704, 15705, 15706, 15707, 15708, 15709, 15710, 15711, 15712, 15713, 15714, 15715, 15716, 15717, 15718, 15719, 15720, 15721, 15722, 15723, 15724, 15725, 15726, 15727, 15728, 15729, 15730, 15731, 15732, 15733, 15734, 15735, 15736, 15737, 15738, 15739, 15740, 15741, 15742, 15743, 15744, 15745, 15746, 15747, 15748, 15749, 15750, 15751, 15752, 15753, 15754, 15755, 15756, 15757, 15758, 15759, 15760, 15761, 15762, 15763, 15764, 15765, 15766, 15767, 15768, 15769, 15770, 15771, 15772, 15773, 15774, 15775, 15776, 15777, 15778, 15779, 15780, 15781, 15782, 15783, 15784, 15785, 15786, 15787, 15788, 15789, 15790, 15791, 15792, 15793, 15794, 15795, 15796, 15797, 15798, 15799, 15800, 15801, 15802, 15803, 15804, 15805, 15806, 15807, 15808, 15809, 15810, 15811, 15812, 15813, 15814, 15815, 15816, 15817, 15818, 15819, 15820, 15821, 15822, 15823, 15824, 15825, 15826, 15827, 15828, 15829, 15830, 15831, 15832, 15833, 15834, 15835, 15836, 15837, 15838, 15839, 15840, 15841, 15842, 15843, 15844, 15845, 15846, 15847, 15848, 15849, 15850, 15851, 15852, 15853, 15854, 15855, 15856, 15857, 15858, 15859, 15860, 15861, 15862, 15863, 15864, 15865, 15866, 15867, 15868, 15869, 15870, 15871, 15872, 15873, 15874, 15875, 15876, 15877, 15878, 15879, 15880, 15881, 15882, 15883, 15884, 15885, 15886, 15887, 15888, 15889, 15890, 15891, 15892, 15893, 15894, 15895, 15896, 15897, 15898, 15899, 15900, 15901, 15902, 15903, 15904, 15905, 15906, 15907, 15908, 15909, 15910, 15911, 15912, 15913] (scores=[2, 0, 0, 0, 0, 0, 0, 0, 0, 0, 0, 0, 0, 0, 0, 0, 0, 0, 0, 0, 0, 0, 0, 0, 0, 0, 0, 0, 0, 0, 0, 0, 0, 0, 0, 0, 0, 0, 0, 0, 0, 0, 0, 0, 0, 0, 0, 0, 0, 0, 0, 0, 0, 0, 0, 0, 0, 0, 0, 0, 0, 0, 0, 0, 0, 0, 0, 0, 0, 0, 0, 0, 0, 0, 0, 0, 0, 0, 0, 0, 0, 0, 0, 0, 0, 0, 0, 0, 0, 0, 0, 0, 0, 0, 0, 0, 0, 0, 0, 0, 0, 0, 0, 0, 0, 0, 0, 0, 0, 0, 0, 0, 0, 0, 0, 0, 0, 0, 0, 0, 0, 0, 0, 0, 0, 0, 0, 0, 0, 0, 0, 0, 0, 0, 0, 0, 0, 0, 0, 0, 0, 0, 0, 0, 0, 0, 0, 0, 0, 0, 0, 0, 0, 0, 0, 0, 0, 0, 0, 0, 0, 0, 0, 0, 0, 0, 0, 0, 0, 0, 0, 0, 0, 0, 0, 0, 0, 0, 0, 0, 0, 0, 0, 0, 0, 0, 0, 0, 0, 0, 0, 0, 0, 0, 0, 0, 0, 0, 0, 0, 0, 0, 0, 0, 0, 0, 0, 0, 0, 0, 0, 0, 0, 0, 0, 0, 0, 0, 0, 0, 0, 0, 0, 0, 0, 0, 0, 0, 0, 0, 0, 0, 0, 0, 0, 0, 0, 0, 0, 0, 0, 0, 0, 0, 0, 0, 0, 0, 0, 0, 0, 0, 0, 0, 0, 0, 0, 0, 0, 0, 0, 0, 0, 0, 0, 0, 0, 0, 0, 0])
[11:42:43 +    24s] [!] [dedupe var] var 25468: keep=16014 drop=[15991, 15992, 15993, 15994, 15995, 15996, 15997, 15998, 15999, 16000, 16001, 16002, 16003, 16004, 16005, 16006, 16007, 16008, 16009, 16010, 16011, 16012, 16013] (scores=[2, 0, 0, 0, 0, 0, 0, 0, 0, 0, 0, 0, 0, 0, 0, 0, 0, 0, 0, 0, 0, 0, 0, 0])
[11:42:43 +    24s] [!] [dedupe var] var 25643: keep=16072 drop=[16078] (scores=[0, 0])
[11:42:43 +    24s] [!] [dedupe var] var 25646: keep=16075 drop=[16077] (scores=[0, 0])
[11:42:43 +    24s] [!] [dedupe var] var 25669: keep=16234 drop=[16095, 16096, 16098, 16099, 16100, 16101, 16102, 16104, 16105, 16106, 16107, 16108, 16110, 16111, 16112, 16113, 16114, 16116, 16117, 16118, 16119, 16120, 16121, 16123, 16124, 16125, 16126, 16127, 16129, 16130, 16131, 16132, 16133, 16135, 16136, 16137, 16138, 16139, 16141, 16142, 16143, 16144, 16145, 16146, 16148, 16149, 16150, 16151, 16153, 16154, 16155, 16156, 16158, 16159, 16160, 16161, 16163, 16164, 16165, 16166, 16167, 16168, 16170, 16171, 16172, 16173, 16176, 16178, 16179, 16180, 16181, 16182, 16183, 16184, 16185, 16186, 16187, 16188, 16189, 16191, 16192, 16193, 16194, 16195, 16196, 16198, 16199, 16200, 16201, 16202, 16203, 16204, 16206, 16207, 16208, 16209, 16211, 16212, 16213, 16214, 16215, 16216, 16218, 16219, 16220, 16221, 16222, 16223, 16225, 16226, 16227, 16228, 16229, 16230, 16231, 16233] (scores=[2, 0, 0, 0, 0, 0, 0, 0, 0, 0, 0, 0, 0, 0, 0, 0, 0, 0, 0, 0, 0, 0, 0, 0, 0, 0, 0, 0, 0, 0, 0, 0, 0, 0, 0, 0, 0, 0, 0, 0, 0, 0, 0, 0, 0, 0, 0, 0, 0, 0, 0, 0, 0, 0, 0, 0, 0, 0, 0, 0, 0, 0, 0, 0, 0, 0, 0, 0, 0, 0, 0, 0, 0, 0, 0, 0, 0, 0, 0, 0, 0, 0, 0, 0, 0, 0, 0, 0, 0, 0, 0, 0, 0, 0, 0, 0, 0, 0, 0, 0, 0, 0, 0, 0, 0, 0, 0, 0, 0, 0, 0, 0, 0, 0, 0, 0, 0])
[11:42:43 +    24s] [!] [dedupe var] var 25679: keep=16177 drop=[16174, 16175] (scores=[2, 0, 0])
[11:42:43 +    24s] [!] [dedupe var] var 28508: keep=16385 drop=[16386] (scores=[0, 0])
[11:42:43 +    24s] [!] [dedupe var] var 25878: keep=16460 drop=[16466] (scores=[0, 0])
[11:42:43 +    24s] [!] [dedupe var] var 25956: keep=16509 drop=[16515] (scores=[0, 0])
[11:42:43 +    24s] [!] [dedupe var] var 25995: keep=16568 drop=[16543, 16545, 16547, 16549, 16551, 16553, 16555, 16556, 16557, 16558, 16559, 16560, 16561, 16562, 16563, 16564, 16565, 16566, 16567] (scores=[2, 0, 0, 0, 0, 0, 0, 0, 0, 0, 0, 0, 0, 0, 0, 0, 0, 0, 0, 0])
[11:42:43 +    24s] [!] [dedupe var] var 25994: keep=16569 drop=[16572] (scores=[0, 0])
[11:42:43 +    24s] [!] [dedupe var] var 26064: keep=16641 drop=[16642] (scores=[0, 0])
[11:42:43 +    24s] [!] [dedupe var] var 26079: keep=16653 drop=[16654, 16655, 16656, 16657, 16658, 16659, 16660, 16661, 16662, 16663, 16664, 16665, 16666, 16667, 16668, 16669, 16670, 16671, 16672, 16673, 16674, 16675, 16676, 16677, 16678, 16679, 16680, 16681, 16682, 16683, 16684, 16685, 16686, 16687, 16688, 16689, 16690, 16691, 16692, 16693, 16694, 16695, 16696, 16697, 16698, 16699, 16700, 16701, 16702, 16703, 16704, 16705, 16706, 16707, 16708, 16709, 16710, 16711, 16712, 16713, 16714, 16715, 16716, 16717, 16718, 16719, 16720, 16721, 16722, 16723, 16724, 16725, 16726, 16727, 16728, 16729, 16730, 16731, 16732, 16733, 16734, 16735] (scores=[0, 0, 0, 0, 0, 0, 0, 0, 0, 0, 0, 0, 0, 0, 0, 0, 0, 0, 0, 0, 0, 0, 0, 0, 0, 0, 0, 0, 0, 0, 0, 0, 0, 0, 0, 0, 0, 0, 0, 0, 0, 0, 0, 0, 0, 0, 0, 0, 0, 0, 0, 0, 0, 0, 0, 0, 0, 0, 0, 0, 0, 0, 0, 0, 0, 0, 0, 0, 0, 0, 0, 0, 0, 0, 0, 0, 0, 0, 0, 0, 0, 0, 0])
[11:42:43 +    24s] [!] [dedupe var] var 26106: keep=16765 drop=[18790] (scores=[0, 0])
[11:42:43 +    24s] [!] [dedupe var] var 26219: keep=16908 drop=[16912] (scores=[0, 0])
[11:42:43 +    24s] [!] [dedupe var] var 26226: keep=16929 drop=[16918, 16919, 16920, 16922, 16923, 16924, 16925, 16926, 16928] (scores=[2, 0, 0, 0, 0, 0, 0, 0, 0, 0])
[11:42:43 +    24s] [!] [dedupe var] var 26236: keep=17040 drop=[16935, 16936, 16938, 16940, 16942, 16944, 16946, 16947, 16949, 16951, 16953, 16954, 16955, 16956, 16957, 16958, 16959, 16960, 16961, 16962, 16963, 16964, 16965, 16966, 16967, 16968, 16969, 16970, 16971, 16972, 16973, 16974, 16975, 16976, 16977, 16978, 16980, 16981, 16982, 16983, 16984, 16986, 16987, 16988, 16989, 16990, 16991, 16992, 16994, 16995, 16996, 16997, 16998, 16999, 17001, 17002, 17003, 17004, 17005, 17007, 17008, 17009, 17010, 17011, 17012, 17013, 17014, 17016, 17017, 17018, 17019, 17020, 17022, 17023, 17024, 17025, 17026, 17027, 17028, 17030, 17031, 17032, 17033, 17034, 17036, 17037, 17038, 17039] (scores=[2, 0, 0, 0, 0, 0, 0, 0, 0, 0, 0, 0, 0, 0, 0, 0, 0, 0, 0, 0, 0, 0, 0, 0, 0, 0, 0, 0, 0, 0, 0, 0, 0, 0, 0, 0, 0, 0, 0, 0, 0, 0, 0, 0, 0, 0, 0, 0, 0, 0, 0, 0, 0, 0, 0, 0, 0, 0, 0, 0, 0, 0, 0, 0, 0, 0, 0, 0, 0, 0, 0, 0, 0, 0, 0, 0, 0, 0, 0, 0, 0, 0, 0, 0, 0, 0, 0, 0, 0])
[11:42:43 +    24s] [!] [dedupe var] var 26234: keep=16937 drop=[16939, 16941, 16943, 16945, 16948, 16950, 16952] (scores=[0, 0, 0, 0, 0, 0, 0, 0])
[11:42:43 +    24s] [!] [dedupe var] var 2635: keep=16985 drop=[16993] (scores=[0, 0])
[11:42:43 +    24s] [!] [dedupe var] var 26246: keep=17046 drop=[17049] (scores=[0, 0])
[11:42:43 +    24s] [!] [dedupe var] var 26288: keep=17089 drop=[17090, 17091, 17092] (scores=[0, 0, 0, 0])
[11:42:43 +    24s] [!] [dedupe var] var 26340: keep=17144 drop=[17148] (scores=[0, 0])
[11:42:43 +    24s] [!] [dedupe var] var 26365: keep=17182 drop=[17171, 17172, 17173, 17174, 17176, 17178, 17180] (scores=[2, 0, 0, 0, 0, 0, 0, 0])
[11:42:43 +    24s] [!] [dedupe var] var 26366: keep=17175 drop=[17177, 17179, 17181, 17183, 17184] (scores=[0, 0, 0, 0, 0, 0])
[11:42:43 +    24s] [!] [dedupe var] var 26389: keep=17230 drop=[17225, 17226, 17227, 17228, 17229] (scores=[2, 0, 0, 0, 0, 0])
[11:42:43 +    24s] [!] [dedupe var] var 26478: keep=17326 drop=[17318, 17319, 17320, 17321, 17322, 17323, 17324, 17325] (scores=[2, 0, 0, 0, 0, 0, 0, 0, 0])
[11:42:43 +    24s] [!] [dedupe var] var 26497: keep=17345 drop=[17358] (scores=[0, 0])
[11:42:43 +    24s] [!] [dedupe var] var 26519: keep=17492 drop=[17496] (scores=[0, 0])
[11:42:43 +    24s] [!] [dedupe var] var 26678: keep=17529 drop=[17530, 17531, 17532, 17533, 17534, 17535] (scores=[0, 0, 0, 0, 0, 0, 0])
[11:42:43 +    24s] [!] [dedupe var] var 26696: keep=17559 drop=[17557] (scores=[2, 0])
[11:42:43 +    24s] [!] [dedupe var] var 26814: keep=17612 drop=[17614] (scores=[0, 0])
[11:42:43 +    24s] [!] [dedupe var] var 26849: keep=17874 drop=[17627, 17628, 17630, 17632, 17633, 17634, 17635, 17636, 17637, 17638, 17639, 17640, 17641, 17643, 17644, 17645, 17646, 17647, 17649, 17650, 17651, 17652, 17653, 17654, 17656, 17657, 17658, 17659, 17660, 17662, 17663, 17664, 17665, 17666, 17668, 17669, 17670, 17671, 17672, 17673, 17675, 17676, 17677, 17678, 17679, 17681, 17682, 17683, 17684, 17685, 17686, 17688, 17689, 17690, 17691, 17692, 17693, 17694, 17695, 17697, 17698, 17699, 17700, 17701, 17702, 17704, 17705, 17706, 17707, 17708, 17709, 17710, 17711, 17713, 17714, 17715, 17716, 17717, 17718, 17720, 17721, 17722, 17723, 17724, 17725, 17727, 17728, 17729, 17730, 17732, 17733, 17734, 17735, 17736, 17737, 17738, 17740, 17742, 17743, 17745, 17747, 17748, 17750, 17753, 17755, 17757, 17759, 17760, 17762, 17764, 17766, 17768, 17769, 17771, 17773, 17775, 17777, 17779, 17781, 17783, 17785, 17786, 17788, 17790, 17791, 17792, 17793, 17794, 17795, 17796, 17797, 17798, 17799, 17800, 17801, 17802, 17803, 17804, 17805, 17806, 17807, 17808, 17809, 17810, 17811, 17812, 17813, 17814, 17815, 17816, 17817, 17818, 17819, 17820, 17821, 17822, 17823, 17824, 17825, 17826, 17827, 17828, 17829, 17830, 17831, 17832, 17833, 17834, 17835, 17836, 17837, 17838, 17839, 17840, 17841, 17842, 17843, 17844, 17845, 17846, 17847, 17848, 17849, 17850, 17851, 17853, 17854, 17855, 17856, 17857, 17860, 17862, 17863, 17865, 17867, 17869, 17871] (scores=[2, 0, 0, 0, 0, 0, 0, 0, 0, 0, 0, 0, 0, 0, 0, 0, 0, 0, 0, 0, 0, 0, 0, 0, 0, 0, 0, 0, 0, 0, 0, 0, 0, 0, 0, 0, 0, 0, 0, 0, 0, 0, 0, 0, 0, 0, 0, 0, 0, 0, 0, 0, 0, 0, 0, 0, 0, 0, 0, 0, 0, 0, 0, 0, 0, 0, 0, 0, 0, 0, 0, 0, 0, 0, 0, 0, 0, 0, 0, 0, 0, 0, 0, 0, 0, 0, 0, 0, 0, 0, 0, 0, 0, 0, 0, 0, 0, 0, 0, 0, 0, 0, 0, 0, 0, 0, 0, 0, 0, 0, 0, 0, 0, 0, 0, 0, 0, 0, 0, 0, 0, 0, 0, 0, 0, 0, 0, 0, 0, 0, 0, 0, 0, 0, 0, 0, 0, 0, 0, 0, 0, 0, 0, 0, 0, 0, 0, 0, 0, 0, 0, 0, 0, 0, 0, 0, 0, 0, 0, 0, 0, 0, 0, 0, 0, 0, 0, 0, 0, 0, 0, 0, 0, 0, 0, 0, 0, 0, 0, 0, 0, 0, 0, 0, 0, 0, 0, 0, 0, 0, 0, 0, 0, 0, 0, 0, 0, 0])
[11:42:43 +    24s] [!] [dedupe var] var 26846: keep=17642 drop=[17648] (scores=[0, 0])
[11:42:43 +    24s] [!] [dedupe var] var 26879: keep=17687 drop=[17696] (scores=[0, 0])
[11:42:43 +    24s] [!] [dedupe var] var 26910: keep=17712 drop=[19548] (scores=[0, 0])
[11:42:43 +    24s] [!] [dedupe var] var 26945: keep=17969 drop=[17858, 17859, 17861, 17864, 17866, 17868, 17870, 17872, 17873, 17875, 17876, 17877, 17878, 17879, 17880, 17881, 17882, 17883, 17884, 17885, 17886, 17887, 17888, 17889, 17890, 17891, 17892, 17893, 17894, 17895, 17896, 17897, 17898, 17899, 17900, 17901, 17902, 17903, 17904, 17905, 17906, 17907, 17908, 17909, 17910, 17911, 17912, 17913, 17914, 17915, 17916, 17917, 17918, 17919, 17920, 17921, 17922, 17923, 17924, 17925, 17926, 17927, 17928, 17929, 17930, 17931, 17932, 17933, 17934, 17935, 17936, 17937, 17938, 17939, 17940, 17941, 17942, 17943, 17944, 17945, 17946, 17947, 17948, 17949, 17950, 17951, 17952, 17953, 17954, 17955, 17956, 17957, 17958, 17959, 17960, 17961, 17962, 17963, 17964, 17965, 17966, 17967, 17968] (scores=[2, 0, 0, 0, 0, 0, 0, 0, 0, 0, 0, 0, 0, 0, 0, 0, 0, 0, 0, 0, 0, 0, 0, 0, 0, 0, 0, 0, 0, 0, 0, 0, 0, 0, 0, 0, 0, 0, 0, 0, 0, 0, 0, 0, 0, 0, 0, 0, 0, 0, 0, 0, 0, 0, 0, 0, 0, 0, 0, 0, 0, 0, 0, 0, 0, 0, 0, 0, 0, 0, 0, 0, 0, 0, 0, 0, 0, 0, 0, 0, 0, 0, 0, 0, 0, 0, 0, 0, 0, 0, 0, 0, 0, 0, 0, 0, 0, 0, 0, 0, 0, 0, 0, 0])
[11:42:43 +    24s] [!] [dedupe var] var 26809: keep=18156 drop=[18031, 18032, 18033, 18034, 18036, 18037, 18038, 18039, 18041, 18042, 18043, 18044, 18045, 18047, 18048, 18049, 18050, 18051, 18052, 18054, 18055, 18056, 18057, 18058, 18059, 18061, 18062, 18063, 18064, 18065, 18066, 18068, 18069, 18070, 18071, 18072, 18074, 18075, 18076, 18077, 18078, 18079, 18081, 18082, 18083, 18084, 18085, 18086, 18087, 18089, 18090, 18091, 18092, 18094, 18095, 18096, 18097, 18098, 18100, 18101, 18102, 18103, 18104, 18106, 18107, 18108, 18109, 18110, 18112, 18113, 18114, 18115, 18116, 18117, 18119, 18120, 18121, 18122, 18123, 18125, 18126, 18127, 18128, 18129, 18131, 18132, 18133, 18134, 18135, 18137, 18138, 18139, 18140, 18141, 18143, 18144, 18145, 18146, 18147, 18149, 18150, 18151, 18152, 18153, 18154] (scores=[2, 0, 0, 0, 0, 0, 0, 0, 0, 0, 0, 0, 0, 0, 0, 0, 0, 0, 0, 0, 0, 0, 0, 0, 0, 0, 0, 0, 0, 0, 0, 0, 0, 0, 0, 0, 0, 0, 0, 0, 0, 0, 0, 0, 0, 0, 0, 0, 0, 0, 0, 0, 0, 0, 0, 0, 0, 0, 0, 0, 0, 0, 0, 0, 0, 0, 0, 0, 0, 0, 0, 0, 0, 0, 0, 0, 0, 0, 0, 0, 0, 0, 0, 0, 0, 0, 0, 0, 0, 0, 0, 0, 0, 0, 0, 0, 0, 0, 0, 0, 0, 0, 0, 0, 0, 0])
[11:42:43 +    24s] [!] [dedupe var] var 26848: keep=18171 drop=[18157, 18158, 18159, 18160, 18161, 18162, 18163, 18164, 18165, 18166, 18167, 18168, 18169, 18170] (scores=[2, 0, 0, 0, 0, 0, 0, 0, 0, 0, 0, 0, 0, 0, 0])
[11:42:43 +    24s] [!] [dedupe var] var 26916: keep=18229 drop=[18231, 18232, 19008] (scores=[0, 0, 0, 0])
[11:42:43 +    24s] [!] [dedupe var] var 26947: keep=18234 drop=[19005] (scores=[0, 0])
[11:42:43 +    24s] [!] [dedupe var] var 26948: keep=18243 drop=[18235, 18236, 18237, 18238, 18239, 18241, 18242] (scores=[2, 0, 0, 0, 0, 0, 0, 0])
[11:42:43 +    24s] [!] [dedupe var] var 26956: keep=18257 drop=[18249, 18250, 18251, 18253, 18254, 18255, 18256] (scores=[2, 0, 0, 0, 0, 0, 0, 0])
[11:42:43 +    24s] [!] [dedupe var] var 26961: keep=18260 drop=[18261] (scores=[0, 0])
[11:42:43 +    24s] [!] [dedupe var] var 26966: keep=18268 drop=[18267] (scores=[2, 0])
[11:42:43 +    24s] [!] [dedupe var] var 26978: keep=18276 drop=[18277, 18278, 18279, 18280, 18281, 18282, 18283, 18284, 18285, 18286, 18288, 18290, 18293, 18294, 18295, 18296, 18297, 18298, 18299, 18300, 18301, 18302, 18304, 18306, 18308, 18310, 18312, 18313, 18316, 18318, 18320, 18322, 18324, 18325, 18326, 18327, 18328, 18329, 18330, 18331, 18332, 18333, 18334, 18335, 18336, 18337, 18338, 18339, 18340, 18341, 18342, 18343, 18344, 18345, 18346, 18347, 18348, 18349, 18350, 18352, 18354, 18356, 18358] (scores=[0, 0, 0, 0, 0, 0, 0, 0, 0, 0, 0, 0, 0, 0, 0, 0, 0, 0, 0, 0, 0, 0, 0, 0, 0, 0, 0, 0, 0, 0, 0, 0, 0, 0, 0, 0, 0, 0, 0, 0, 0, 0, 0, 0, 0, 0, 0, 0, 0, 0, 0, 0, 0, 0, 0, 0, 0, 0, 0, 0, 0, 0, 0, 0])
[11:42:43 +    24s] [!] [dedupe var] var 27001: keep=18370 drop=[18371, 18372, 18373, 18374, 18375, 18376, 18377, 18378, 18379, 18380] (scores=[0, 0, 0, 0, 0, 0, 0, 0, 0, 0, 0])
[11:42:43 +    24s] [!] [dedupe var] var 27191: keep=18566 drop=[18567, 18568, 18569, 18570, 18571, 18572, 18573, 18574, 18575, 18577, 18579, 18581, 18583, 18585, 18587] (scores=[0, 0, 0, 0, 0, 0, 0, 0, 0, 0, 0, 0, 0, 0, 0, 0])
[11:42:43 +    24s] [!] [dedupe var] var 28566: keep=18578 drop=[18611] (scores=[0, 0])
[11:42:43 +    24s] [!] [dedupe var] var 27211: keep=18631 drop=[18632, 18633, 18634, 18635, 18636, 18637, 18638, 18640, 18641, 18643, 18645, 18647, 18649, 18651, 18653] (scores=[0, 0, 0, 0, 0, 0, 0, 0, 0, 0, 0, 0, 0, 0, 0, 0])
[11:42:43 +    24s] [!] [dedupe var] var 27214: keep=18639 drop=[18642, 18644, 18646, 18648, 18650, 18652, 18654, 18655, 18656, 18657, 18658, 18659, 18660, 18661, 18662, 18663, 18664, 18665, 18666, 18667, 18668, 18669, 18670, 18671, 18672, 18673, 18674, 18675, 18676] (scores=[0, 0, 0, 0, 0, 0, 0, 0, 0, 0, 0, 0, 0, 0, 0, 0, 0, 0, 0, 0, 0, 0, 0, 0, 0, 0, 0, 0, 0, 0])
[11:42:43 +    24s] [!] [dedupe var] var 27228: keep=18689 drop=[18690, 18691, 18692, 18693, 18694, 18695, 18696, 18697, 18698, 18699, 18700, 18701, 18702, 18703, 18704, 18705] (scores=[0, 0, 0, 0, 0, 0, 0, 0, 0, 0, 0, 0, 0, 0, 0, 0, 0])
[11:42:43 +    24s] [!] [dedupe var] var 27233: keep=18716 drop=[19447] (scores=[0, 0])
[11:42:43 +    24s] [!] [dedupe var] var 27243: keep=18722 drop=[19445] (scores=[0, 0])
[11:42:43 +    24s] [!] [dedupe var] var 27250: keep=18728 drop=[19446] (scores=[0, 0])
[11:42:43 +    24s] [!] [dedupe var] var 27278: keep=18758 drop=[18760] (scores=[0, 0])
[11:42:43 +    24s] [!] [dedupe var] var 27284: keep=18773 drop=[18766, 18767, 18768, 18769, 18771, 18772] (scores=[2, 0, 0, 0, 0, 0, 0])
[11:42:43 +    24s] [!] [dedupe var] var 27311: keep=18816 drop=[18799, 18800, 18801, 18803, 18804, 18805, 18806, 18807, 18809, 18810, 18811, 18812, 18813, 18814] (scores=[2, 0, 0, 0, 0, 0, 0, 0, 0, 0, 0, 0, 0, 0, 0])
[11:42:43 +    24s] [!] [dedupe var] var 27347: keep=18847 drop=[18848, 18849, 18850, 18851, 18852, 18853, 18854, 18855, 18856, 18857, 18858, 18859, 18860, 18861, 18862, 18863, 18864, 18865, 18866, 18867, 18868, 18869, 18870, 18871, 18872, 18873, 18874, 18875, 18876, 18877, 18878, 18879, 18880, 18881, 18882, 18883, 18884, 18885, 18886, 18887, 18888, 18889, 18890, 18891, 18892, 18893, 18894, 18895, 18896, 18897, 18898, 18899] (scores=[0, 0, 0, 0, 0, 0, 0, 0, 0, 0, 0, 0, 0, 0, 0, 0, 0, 0, 0, 0, 0, 0, 0, 0, 0, 0, 0, 0, 0, 0, 0, 0, 0, 0, 0, 0, 0, 0, 0, 0, 0, 0, 0, 0, 0, 0, 0, 0, 0, 0, 0, 0, 0])
[11:42:43 +    24s] [!] [dedupe var] var 27369: keep=18923 drop=[19214] (scores=[0, 0])
[11:42:43 +    24s] [!] [dedupe var] var 27407: keep=19128 drop=[19011, 19012, 19013, 19014, 19016, 19017, 19018, 19019, 19020, 19022, 19023, 19024, 19025, 19026, 19028, 19029, 19030, 19031, 19032, 19033, 19035, 19036, 19037, 19038, 19039, 19041, 19042, 19043, 19044, 19045, 19046, 19048, 19049, 19050, 19051, 19052, 19053, 19055, 19056, 19057, 19058, 19059, 19061, 19062, 19063, 19064, 19065, 19066, 19068, 19069, 19070, 19071, 19072, 19073, 19075, 19076, 19077, 19078, 19079, 19081, 19082, 19083, 19084, 19085, 19086, 19088, 19089, 19090, 19091, 19093, 19094, 19095, 19096, 19097, 19099, 19100, 19101, 19102, 19103, 19105, 19106, 19107, 19108, 19109, 19111, 19112, 19113, 19114, 19115, 19116, 19118, 19119, 19120, 19121, 19122, 19123, 19125, 19126, 19127] (scores=[2, 0, 0, 0, 0, 0, 0, 0, 0, 0, 0, 0, 0, 0, 0, 0, 0, 0, 0, 0, 0, 0, 0, 0, 0, 0, 0, 0, 0, 0, 0, 0, 0, 0, 0, 0, 0, 0, 0, 0, 0, 0, 0, 0, 0, 0, 0, 0, 0, 0, 0, 0, 0, 0, 0, 0, 0, 0, 0, 0, 0, 0, 0, 0, 0, 0, 0, 0, 0, 0, 0, 0, 0, 0, 0, 0, 0, 0, 0, 0, 0, 0, 0, 0, 0, 0, 0, 0, 0, 0, 0, 0, 0, 0, 0, 0, 0, 0, 0, 0])
[11:42:43 +    24s] [!] [dedupe var] var 27466: keep=19179 drop=[19140, 19141, 19142, 19143, 19144, 19145, 19146, 19147, 19148, 19149, 19150, 19151, 19152, 19153, 19154, 19155, 19156, 19157, 19158, 19159, 19160, 19161, 19162, 19163, 19164, 19165, 19166, 19167, 19168, 19169, 19170, 19171, 19172, 19173, 19174, 19175, 19176, 19177, 19178] (scores=[2, 0, 0, 0, 0, 0, 0, 0, 0, 0, 0, 0, 0, 0, 0, 0, 0, 0, 0, 0, 0, 0, 0, 0, 0, 0, 0, 0, 0, 0, 0, 0, 0, 0, 0, 0, 0, 0, 0, 0])
[11:42:43 +    24s] [!] [dedupe var] var 27588: keep=19287 drop=[19288, 19289, 19290] (scores=[0, 0, 0, 0])
[11:42:43 +    24s] [!] [dedupe var] var 27619: keep=19321 drop=[19323] (scores=[0, 0])
[11:42:43 +    24s] [!] [dedupe var] var 27762: keep=19497 drop=[19469, 19470, 19471, 19472, 19473, 19474, 19475, 19476, 19477, 19478, 19479, 19480, 19481, 19482, 19483, 19484, 19485, 19486, 19487, 19488, 19489, 19490, 19491, 19492, 19493, 19494, 19495, 19496] (scores=[2, 0, 0, 0, 0, 0, 0, 0, 0, 0, 0, 0, 0, 0, 0, 0, 0, 0, 0, 0, 0, 0, 0, 0, 0, 0, 0, 0, 0])
[11:42:43 +    24s] [!] [dedupe var] var 27785: keep=19521 drop=[19522, 19523, 19524, 19525] (scores=[0, 0, 0, 0, 0])
[11:42:43 +    24s] [!] [dedupe var] var 27814: keep=19555 drop=[19559] (scores=[0, 0])
[11:42:43 +    24s] [*] [dedupe var] eliminados 7171 mappings
[11:42:43 +    24s] [*] [dedupe] grupos tpl=99, elim tpl=107, grupos var=414, elim var=7171
[11:42:43 +    24s] [*] TERMINADO. Tiempo total: 24s
