Categoria;Accion recomendada;Prioridad;ID Odoo;ID WooCommerce;Referencia interna;SKU WC;Nombre;Enlazado WC;Origen;Stock;Pedidos;Variantes;Tipo producto Odoo;Producto relacionado ID;Producto relacionado nombre;Causa / motivo;Notas
RESUMEN;INFORMATIVO;-;;;;;;;;;;;;;;Productos Odoo activos;3210
RESUMEN;INFORMATIVO;-;;;;;;;;;;;;;;Variantes Odoo;3244
RESUMEN;INFORMATIVO;-;;;;;;;;;;;;;;Productos WooCommerce;688
RESUMEN;INFORMATIVO;-;;;;;;;;;;;;;;Enlazados OK Odoo-WC;662
RESUMEN;INFORMATIVO;-;;;;;;;;;;;;;;WC sin producto Odoo;26
RESUMEN;INFORMATIVO;-;;;;;;;;;;;;;;Odoo sin enlace WC;2537
RESUMEN;INFORMATIVO;-;;;;;;;;;;;;;;Grupos referencia duplicada;94
RESUMEN;INFORMATIVO;-;;;;;;;;;;;;;;Archivar seguro (duplicados import);40
RESUMEN;INFORMATIVO;-;;;;;;;;;;;;;;Integracion;latiendadelbordado
RESUMEN;INFORMATIVO;-;;;;;;;;;;;;;;Fecha diagnostico;2026-07-07
;;;;;;;;;;;;;;;;;
DUPLICADO IMPORT;ARCHIVAR;ALTA;3198;;103H7823-0416;;"MOTOR MOVIMIENTO ""Y"" SWF";NO;import reciente (copia);0;0;;;1945;"MOTOR MOVIMIENTO &quot;Y&quot; SWF";"Mismo SKU que producto legacy; copia del import sin enlace WC";Conservar producto ID 1945
DUPLICADO IMPORT;ARCHIVAR;ALTA;3203;;5.04.112A;;"PATA/PRENSATELAS ""A"" MEC-VAL";NO;import reciente (copia);0;0;;;2109;"PATA/PRENSATELAS &quot;A&quot; MEC-VAL";"Mismo SKU que producto legacy; copia del import sin enlace WC";Conservar producto ID 2109
DUPLICADO IMPORT;ARCHIVAR;ALTA;3219;;CORREADENTADA;;"CORREA DENTADA MOTOR ""Y"" LASER";NO;import reciente (copia);0;0;;;2672;"CORREA DENTADA MOTOR &quot;Y&quot; LASER";"Mismo SKU que producto legacy; copia del import sin enlace WC";Conservar producto ID 2672
DUPLICADO IMPORT;ARCHIVAR;ALTA;3225;;DUO-HCS3-1201-40;;"DUO COMBO HAPPY HCS3.

COMBO ESPECIAL DE DOS CABEZALES DE HCS3, UNIDOS SOBRE UNA BANCADA ESPECIAL. (ESTE TIPO DE COMBO, OFRECE UNA MAYOR VERSATILIDAD Y PRODUCCIÓN, QUE LAS MÁQUINAS DE BORDAR DE DOS CABEZALES CONVENCIONALES)
CARACTERISTICAS DE CADA CABEZAL:
- MAQUINA DE BORDAR INDUSTRIAL de 12 agujas, CON UN AREA MAX DE BORDADO REAL DE 320X320MM EN BASTIDOR PORTAL (OPCIONAL), de 290x290 en bastidor TUBULAR Y DE 67X290MM CON EL BASTIDOR DE GORRAS.
- NUEVO BRAZO, DE TAMAÑO MUCHO MAS PEQUEÑO, QUE PERMITE BORDAR EN ESPACIOS MAS REDUCIDOS.
- NUEVO SOPORTE PARA LOS HILOS, QUE PERMITE PONER BOINAS DE HILO CON UNA BASE MAS ANCHA.
- VELOCIDAD MAX DE 1.000 PUNTADAS.
- NUEVA PANTALLA TACTIL 7"" con nuevo sistema de tratamiento de datos, con posibilidad de usar cualquier adaptador wifi por usb, CONEXION LAN incorporada , USB Y USB FRONTAL.
- Nuevo sistema de movimiento de bastidor sin vib
esperaciones. 
- bOBINADOR DE HILO DE CANILLA INCORPORADO E INDEPENDIENTE (NO ES NECESARIO QUE LA MAQUINA ESTE EN MARCHA PARA QUE ESTE TRABAJE).
- pOSIBILIDAD DE CREAR TEXTOS CON DISTINTOS ESTILOS DE FUENTES, TAMAÑOS Y FORMAS DESDE EL PANEL.
- pOSICIONAMIENTO CON MARCADOR LÁSER TIPO CRUZ.
- LUZ LED FRONTAL.
- reconocimiento DEL ÁREA DE BORDADO QUE PERMITE EL CENTRAR EL DISEÑO EN EL BASTIDOR CON SOLO PULSAR UN BOTÓN Y TAMBIÉN EVITAR POSIBLES GOLPES DE LA AGUJA EN EL BASTIDOR.
- iNCLUYE 100 DISEÑOS EN LA MEMORIA.
- edición CON SOFTWARE HAPPY LINK/LAN INCLUIDO.
- pOSIBILIDAD DE DISTINTOS TIPOS DE BASTIDORES ESPECIALES (OPCIONAL VEASE EN EL CATALOGO 

- Se entrega con: bancada, kits de gorras,  6 juegos dobles de bastidores de 15, 18 y 21 cm y dos de 32X32.";NO;import reciente (copia);0;0;;;2885;"DUO COMBO HAPPY HCS3.  COMBO ESPECIAL DE DOS CABEZALES DE HCS3, UNIDOS SOBRE UNA BANCADA ESPECIAL. (ESTE TIPO DE COMBO, OFRECE UNA MAYOR VERSATILIDAD Y PRODUCCIÓN, QUE LAS MÁQUINAS DE BORDAR DE DOS CABEZALES CONVENCIONALES) CARACTERISTICAS DE CADA CABEZAL: - MAQUINA DE BORDAR INDUSTRIAL de 12 agujas, CON UN AREA MAX DE BORDADO REAL DE 320X320MM EN BASTIDOR PORTAL (OPCIONAL), de 290x290 en bastidor TUBULAR Y DE 67X290MM CON EL BASTIDOR DE GORRAS. - NUEVO BRAZO, DE TAMAÑO MUCHO MAS PEQUEÑO, QUE PERMITE BORDAR EN ESPACIOS MAS REDUCIDOS. - NUEVO SOPORTE PARA LOS HILOS, QUE PERMITE PONER BOINAS DE HILO CON UNA BASE MAS ANCHA. - VELOCIDAD MAX DE 1.000 PUNTADAS. - NUEVA PANTALLA TACTIL 7&quot; con nuevo sistema de tratamiento de datos, con posibilidad de usar cualquier adaptador wifi por usb, CONEXION LAN incorporada , USB Y USB FRONTAL. - Nuevo sistema de movimiento de bastidor sin vib esperaciones.  - bOBINADOR DE HILO DE CANILLA INCORPORADO E INDEPENDIENTE (NO ES NECESARIO QUE LA MAQUINA ESTE EN MARCHA PARA QUE ESTE TRABAJE). - pOSIBILIDAD DE CREAR TEXTOS CON DISTINTOS ESTILOS DE FUENTES, TAMAÑOS Y FORMAS DESDE EL PANEL. - pOSICIONAMIENTO CON MARCADOR LÁSER TIPO CRUZ. - LUZ LED FRONTAL. - reconocimiento DEL ÁREA DE BORDADO QUE PERMITE EL CENTRAR EL DISEÑO EN EL BASTIDOR CON SOLO PULSAR UN BOTÓN Y TAMBIÉN EVITAR POSIBLES GOLPES DE LA AGUJA EN EL BASTIDOR. - iNCLUYE 100 DISEÑOS EN LA MEMORIA. - edición CON SOFTWARE HAPPY LINK/LAN INCLUIDO. - pOSIBILIDAD DE DISTINTOS TIPOS DE BASTIDORES ESPECIALES (OPCIONAL VEASE EN EL CATALOGO   - Se entrega con: bancada, kits de gorras,  6 juegos dobles de bastidores de 15, 18 y 21 cm y dos de 32X32.";"Mismo SKU que producto legacy; copia del import sin enlace WC";Conservar producto ID 2885
DUPLICADO IMPORT;ARCHIVAR;ALTA;3188;;EPZ01410;;"PANEL LCD 10"" HAPPY";NO;import reciente (copia);0;0;;;1664;"PANEL LCD 10&quot; HAPPY";"Mismo SKU que producto legacy; copia del import sin enlace WC";Conservar producto ID 1664
DUPLICADO IMPORT;ARCHIVAR;ALTA;3212;;EPZ01490;;"PANTALLA LCD HAPPY 7""";NO;import reciente (copia);0;0;;;2431;"PANTALLA LCD HAPPY 7&quot;";"Mismo SKU que producto legacy; copia del import sin enlace WC";Conservar producto ID 2431
DUPLICADO IMPORT;ARCHIVAR;ALTA;3207;;FC345;;"BASTIDOR FAST CLAMPING 3,5""X4""(89X101,5MM)";NO;import reciente (copia);0;0;;;2225;"BASTIDOR FAST CLAMPING 3,5&quot;X4&quot;(89X101,5MM)";"Mismo SKU que producto legacy; copia del import sin enlace WC";Conservar producto ID 2225
DUPLICADO IMPORT;ARCHIVAR;ALTA;3206;;FC45;;"BASTIDOR FAST CLAMPING 4,5""X4,5"" (114X114MM)";NO;import reciente (copia);0;0;;;2224;"BASTIDOR FAST CLAMPING 4,5&quot;X4,5&quot; (114X114MM)";"Mismo SKU que producto legacy; copia del import sin enlace WC";Conservar producto ID 2224
DUPLICADO IMPORT;ARCHIVAR;ALTA;3208;;FC456;;"BASTIDOR FAST CLAMPING 4,5""X6"" (114,3X152,4MM)";NO;import reciente (copia);0;0;;;2226;"BASTIDOR FAST CLAMPING 4,5&quot;X6&quot; (114,3X152,4MM)";"Mismo SKU que producto legacy; copia del import sin enlace WC";Conservar producto ID 2226
DUPLICADO IMPORT;ARCHIVAR;ALTA;3205;;FC65;;"BASTIDOR FAST CLAMPING 6,5""X6,5"" (165,1X165,1MM)";NO;import reciente (copia);0;0;;;2223;"BASTIDOR FAST CLAMPING 6,5&quot;X6,5&quot; (165,1X165,1MM)";"Mismo SKU que producto legacy; copia del import sin enlace WC";Conservar producto ID 2223
DUPLICADO IMPORT;ARCHIVAR;ALTA;3222;;HCA04100;;"CUCHILLA FIJA HAPPY ""B"" HCA/HCG/HCM";NO;import reciente (copia);0;0;;;2857;"CUCHILLA FIJA HAPPY &quot;B&quot; HCA/HCG/HCM";"Mismo SKU que producto legacy; copia del import sin enlace WC";Conservar producto ID 2857
DUPLICADO IMPORT;ARCHIVAR;ALTA;3209;;HCD05A13;;SOPORTE CUCHILLAS HAPPY HCD2 // THREAD CUTTING DEVICE BASE ASS'Y;NO;import reciente (copia);0;0;;;2314;"SOPORTE CUCHILLAS HAPPY HCD2 // THREAD CUTTING DEVICE BASE ASS&apos;Y";"Mismo SKU que producto legacy; copia del import sin enlace WC";Conservar producto ID 2314
DUPLICADO IMPORT;ARCHIVAR;ALTA;3217;;HCD29540;;"REAR COVER (10.4 in) HAPPY (SOPORTE LCD 10"")";NO;import reciente (copia);0;0;;;2592;"REAR COVER (10.4 in) HAPPY (SOPORTE LCD 10&quot;)";"Mismo SKU que producto legacy; copia del import sin enlace WC";Conservar producto ID 2592
DUPLICADO IMPORT;ARCHIVAR;ALTA;3189;;HCD72800;;"CABLE CONEXIÓN LCD 10"" HAPPY";NO;import reciente (copia);0;0;;;1665;"CABLE CONEXIÓN LCD 10&quot; HAPPY";"Mismo SKU que producto legacy; copia del import sin enlace WC";Conservar producto ID 1665
DUPLICADO IMPORT;ARCHIVAR;ALTA;3197;;HCD79621;;"MODULO CORE 7"" PANEL LCD HAPPY";NO;import reciente (copia);0;0;;;1926;"MODULO CORE 7&quot; PANEL LCD HAPPY";"Mismo SKU que producto legacy; copia del import sin enlace WC";Conservar producto ID 1926
DUPLICADO IMPORT;ARCHIVAR;ALTA;3211;;HCDU37A41;;"BASTIDOR PORTAL ""X"" HAPPY HCD2-X (400X1200).";NO;import reciente (copia);0;0;;;2428;"BASTIDOR PORTAL &quot;X&quot; HAPPY HCD2-X (400X1200).";"Mismo SKU que producto legacy; copia del import sin enlace WC";Conservar producto ID 2428
DUPLICADO IMPORT;ARCHIVAR;ALTA;3210;;HCR16A46;;"CONJUNTO TENSOR DETECCIÓN DE HILO HAPPY HCR2.
(TENSOR NEGRO COMPLETO)";NO;import reciente (copia);0;0;;;2322;CONJUNTO TENSOR DETECCIÓN DE HILO HAPPY HCR2. (TENSOR NEGRO COMPLETO);"Mismo SKU que producto legacy; copia del import sin enlace WC";Conservar producto ID 2322
DUPLICADO IMPORT;ARCHIVAR;ALTA;3229;;HCSU29010;;"DISPLAY MODULE 7"" HCD3E/HCD2 HAPPY";NO;import reciente (copia);0;0;;;2977;"DISPLAY MODULE 7&quot; HCD3E/HCD2 HAPPY";"Mismo SKU que producto legacy; copia del import sin enlace WC";Conservar producto ID 2977
DUPLICADO IMPORT;ARCHIVAR;ALTA;3200;;HCU25100;;"PLETINA SUJECIÓN CORREA EJE ""Y"" HAPPY HCU";NO;import reciente (copia);0;0;;;1948;"PLETINA SUJECIÓN CORREA EJE &quot;Y&quot; HAPPY HCU";"Mismo SKU que producto legacy; copia del import sin enlace WC";Conservar producto ID 1948
DUPLICADO IMPORT;ARCHIVAR;ALTA;3199;;HCU25110;;"PLETINA CONEXIÓN CORREA EJE ""Y"" HAPPY HCU";NO;import reciente (copia);0;0;;;1947;"PLETINA CONEXIÓN CORREA EJE &quot;Y&quot; HAPPY HCU";"Mismo SKU que producto legacy; copia del import sin enlace WC";Conservar producto ID 1947
DUPLICADO IMPORT;ARCHIVAR;ALTA;3201;;HMG08130;;"CUSHION ""B"" HAPPY BLANCO HCGB/HMF";NO;import reciente (copia);0;0;;;2015;"CUSHION &quot;B&quot; HAPPY BLANCO HCGB/HMF";"Mismo SKU que producto legacy; copia del import sin enlace WC";Conservar producto ID 2015
DUPLICADO IMPORT;ARCHIVAR;ALTA;3196;;ST-M0404-HA360;;"MIGHTYHOOP 4"" X 4"" ECO";NO;import reciente (copia);0;0;;;1725;"MIGHTYHOOP 4&quot; X 4&quot; ECO";"Mismo SKU que producto legacy; copia del import sin enlace WC";Conservar producto ID 1725
DUPLICADO IMPORT;ARCHIVAR;ALTA;3193;;ST-M0413-HA500;;"MIGHTYHOOP 4"" X 12,75"" ECO";NO;import reciente (copia);0;0;;;1722;"MIGHTYHOOP 4&quot; X 12,75&quot; ECO";"Mismo SKU que producto legacy; copia del import sin enlace WC";Conservar producto ID 1722
DUPLICADO IMPORT;ARCHIVAR;ALTA;3204;;ST-M0505-W;;"""MARCO"" MIGHTYHOOP 5,5"" ECO";NO;import reciente (copia);0;0;;;2206;MARCO MIGHTYHOOP 5,5 ECO;"Mismo SKU que producto legacy; copia del import sin enlace WC";Conservar producto ID 2206
DUPLICADO IMPORT;ARCHIVAR;ALTA;3194;;ST-M0608-HA360;;"MIGHTYHOOP 6"" X 8"" ECO";NO;import reciente (copia);0;0;;;1723;"MIGHTYHOOP 6&quot; X 8&quot; ECO";"Mismo SKU que producto legacy; copia del import sin enlace WC";Conservar producto ID 1723
DUPLICADO IMPORT;ARCHIVAR;ALTA;3191;;ST-M0803-HA360;;"MIGHTYHOOP 7,75"" X 2,75"" ECO";NO;import reciente (copia);0;0;;;1719;"MIGHTYHOOP 7,75&quot; X 2,75&quot; ECO";"Mismo SKU que producto legacy; copia del import sin enlace WC";Conservar producto ID 1719
DUPLICADO IMPORT;ARCHIVAR;ALTA;3231;;ST-M0809-HA360;;"MIGHTYHOOP 8,5 X 9"" ECO";NO;import reciente (copia);0;0;;;2991;"MIGHTYHOOP 8,5 X 9&quot; ECO";"Mismo SKU que producto legacy; copia del import sin enlace WC";Conservar producto ID 2991
DUPLICADO IMPORT;ARCHIVAR;ALTA;3190;;ST-M0813-HA500;;"MIGHTYHOOP 8 X 13"" ECO";NO;import reciente (copia);0;0;;;1716;"MIGHTYHOOP 8 X 13&quot; ECO";"Mismo SKU que producto legacy; copia del import sin enlace WC";Conservar producto ID 1716
DUPLICADO IMPORT;ARCHIVAR;ALTA;3230;;ST-M0905-HA360;;"MIGHTYHOOP 8,7 X 4,9"" ECO";NO;import reciente (copia);0;0;;;2990;"MIGHTYHOOP 8,7 X 4,9&quot; ECO";"Mismo SKU que producto legacy; copia del import sin enlace WC";Conservar producto ID 2990
DUPLICADO IMPORT;ARCHIVAR;ALTA;3228;;ST-M1010;;"""MARCO"" MIGHTYHOOP 10"" ECO";NO;import reciente (copia);0;0;;;2950;MARCO MIGHTYHOOP 10 ECO;"Mismo SKU que producto legacy; copia del import sin enlace WC";Conservar producto ID 2950
DUPLICADO IMPORT;ARCHIVAR;ALTA;3226;;ST-M1212-HA500;;"MIDGHTYHOOP 12 X 12"" ECO";NO;import reciente (copia);0;0;;;2948;MIDGHTYHOOP 12 X 12 ECO;"Mismo SKU que producto legacy; copia del import sin enlace WC";Conservar producto ID 2948
DUPLICADO IMPORT;ARCHIVAR;ALTA;3220;;ST-M1304-HA500;;"MIGHTYHOOP 12,6"" X 3,9"" ECO";NO;import reciente (copia);0;0;;;2719;"MIGHTYHOOP 12,6&quot; X 3,9&quot; ECO";"Mismo SKU que producto legacy; copia del import sin enlace WC";Conservar producto ID 2719
DUPLICADO IMPORT;ARCHIVAR;ALTA;3192;;ST-M1316-HA500;;"MIGHTYHOOP 12,5"" X 15,5"" ECO";NO;import reciente (copia);0;0;;;1721;"MIGHTYHOOP 12,5&quot; X 15,5&quot; ECO";"Mismo SKU que producto legacy; copia del import sin enlace WC";Conservar producto ID 1721
DUPLICADO IMPORT;ARCHIVAR;ALTA;3227;;ST-M1716-HA500;;"MIGHTYHOOP 17 X 16""";NO;import reciente (copia);0;0;;;2949;"MIGHTYHOOP 17 X 16&quot;";"Mismo SKU que producto legacy; copia del import sin enlace WC";Conservar producto ID 2949
DUPLICADO IMPORT;ARCHIVAR;ALTA;3195;;ST-M6565-HA360;;"MIGHTYHOOP 6,5"" X 6,5"" ECO";NO;import reciente (copia);0;0;;;1724;"MIGHTYHOOP 6,5&quot; X 6,5&quot; ECO";"Mismo SKU que producto legacy; copia del import sin enlace WC";Conservar producto ID 1724
DUPLICADO IMPORT;ARCHIVAR;ALTA;3221;;ST-M7272-HA500;;"MIGHTYHOOP 7,25"" ECO";NO;import reciente (copia);0;0;;;2720;"MIGHTYHOOP 7,25&quot; ECO";"Mismo SKU que producto legacy; copia del import sin enlace WC";Conservar producto ID 2720
DUPLICADO IMPORT;ARCHIVAR;ALTA;3224;;TA-9A0802400012;;"EXCENTRICO PARTIDO  PRENSATELAS (M) TAJIMA:
(TFMX, TFMXII, TFGN,)";NO;import reciente (copia);0;0;;;2863;EXCENTRICO PARTIDO  PRENSATELAS (M) TAJIMA: (TFMX, TFMXII, TFGN,);"Mismo SKU que producto legacy; copia del import sin enlace WC";Conservar producto ID 2863
DUPLICADO IMPORT;ARCHIVAR;ALTA;3223;;TA-9A0802500000;;"EXCENTRICO PARTIDO  PRENSATELAS (F1) TAJIMA:
(TFHX, TMFD, TFGN, TMLH-MIX, TMLHII-MIX Y TCMX-MIX)";NO;import reciente (copia);0;0;;;2862;EXCENTRICO PARTIDO  PRENSATELAS (F1) TAJIMA: (TFHX, TMFD, TFGN, TMLH-MIX, TMLHII-MIX Y TCMX-MIX);"Mismo SKU que producto legacy; copia del import sin enlace WC";Conservar producto ID 2862
DUPLICADO IMPORT;ARCHIVAR;ALTA;3213;;hcd29582;;"FRONT PANEL COVER 7"" HAPPY";NO;import reciente (copia);0;0;;;2432;"FRONT PANEL COVER 7&quot; HAPPY";"Mismo SKU que producto legacy; copia del import sin enlace WC";Conservar producto ID 2432
DUPLICADO IMPORT;ARCHIVAR;ALTA;3214;;hcd29590;;"REAR COVER PANEL 7"" HAPPY";NO;import reciente (copia);0;0;;;2433;"REAR COVER PANEL 7&quot; HAPPY";"Mismo SKU que producto legacy; copia del import sin enlace WC";Conservar producto ID 2433
DUPLICADO REFERENCIA;REVISAR;BAJA;1274;;0888 200050;;"PLACA 1 AGUJA &quot;b&quot; dk 888";NO;legacy;0.0;0;;;;;Referencia interna duplicada en Odoo;
DUPLICADO REFERENCIA;REVISAR - tiene pedidos;MEDIA;3174;;0888 200050;;"PLACA 1 AGUJA ""b"" dk 888";NO;medio;0.0;3;;;;;Referencia interna duplicada en Odoo;
DUPLICADO REFERENCIA;REVISAR;BAJA;1300;;0888 200060;;"PLACA 1 AGUJA &quot;c&quot; dk 888/HIGHLEAD/GOLDEN WHEEL";NO;legacy;0.0;0;;;;;Referencia interna duplicada en Odoo;
DUPLICADO REFERENCIA;REVISAR;BAJA;3177;;0888 200060;;"PLACA 1 AGUJA ""c"" dk 888/HIGHLEAD/GOLDEN WHEEL";NO;medio;0.0;0;;;;;Referencia interna duplicada en Odoo;
DUPLICADO REFERENCIA;REVISAR;BAJA;1945;;103H7823-0416;;"MOTOR MOVIMIENTO &quot;Y&quot; SWF";NO;legacy;0.0;0;;;;;Referencia interna duplicada en Odoo;
DUPLICADO REFERENCIA;REVISAR;BAJA;2109;;5.04.112A;;"PATA/PRENSATELAS &quot;A&quot; MEC-VAL";NO;medio;0.0;0;;;;;Referencia interna duplicada en Odoo;
DUPLICADO REFERENCIA;REVISAR;BAJA;1624;;522080-271538;;TOPE GUIA;NO;legacy;0.0;0;;;;;Referencia interna duplicada en Odoo;
DUPLICADO REFERENCIA;REVISAR;BAJA;2547;;522080-271538;;TOPE GUIA;NO;medio;0.0;0;;;;;Referencia interna duplicada en Odoo;
DUPLICADO REFERENCIA;REVISAR;BAJA;1564;;720;;ENGRANE HEMBRA EJE ACOPLAMIENTO RULETA PF-491/591/ZOJE/TTY;NO;legacy;0.0;0;;;;;Referencia interna duplicada en Odoo;
DUPLICADO REFERENCIA;REVISAR;BAJA;2137;;720;;ENGRANE HEMBRA EJE ACOPLAMIENTO RULETA PF-491/591/ZOJE/TTY;NO;medio;0.0;0;;;;;Referencia interna duplicada en Odoo;
DUPLICADO REFERENCIA;REVISAR;BAJA;2090;;8.01.114;;BUJE MEC-VAL CS-87;NO;medio;0.0;0;;;;;Referencia interna duplicada en Odoo;
DUPLICADO REFERENCIA;REVISAR;BAJA;3079;;8.01.114;;BUJE MEC-VAL CS-87;NO;medio;0.0;0;;;;;Referencia interna duplicada en Odoo;
DUPLICADO REFERENCIA;REVISAR;BAJA;1434;;91-059186-04/004;;"DIENTE PF-1293 &quot;B&quot;";NO;legacy;0.0;0;;;;;Referencia interna duplicada en Odoo;
DUPLICADO REFERENCIA;REVISAR;BAJA;3182;;91-059186-04/004;;"DIENTE PF-1293 ""B""";NO;medio;0.0;0;;;;;Referencia interna duplicada en Odoo;
DUPLICADO REFERENCIA;REVISAR;BAJA;1483;;91-150526-04/001;;"PLACA AGUJA PF-491 &quot;B&quot;";NO;legacy;0.0;0;;;;;Referencia interna duplicada en Odoo;
DUPLICADO REFERENCIA;REVISAR;BAJA;3183;;91-150526-04/001;;"PLACA AGUJA PF-491 ""B""";NO;medio;0.0;0;;;;;Referencia interna duplicada en Odoo;
DUPLICADO REFERENCIA;REVISAR;BAJA;1404;;91-150739-24/001;;"PLACA AGUJA PF-591 &quot;B&quot; tty";NO;legacy;0.0;0;;;;;Referencia interna duplicada en Odoo;
DUPLICADO REFERENCIA;REVISAR;BAJA;3180;;91-150739-24/001;;"PLACA AGUJA PF-591 ""B"" tty";NO;medio;0.0;0;;;;;Referencia interna duplicada en Odoo;
DUPLICADO REFERENCIA;REVISAR;BAJA;1560;;91-150739-24/003;;"PLACA AGUJA PEQUEÑA PF-591 &quot;A&quot; tty";NO;legacy;0.0;0;;;;;Referencia interna duplicada en Odoo;
DUPLICADO REFERENCIA;REVISAR;BAJA;3185;;91-150739-24/003;;"PLACA AGUJA PEQUEÑA PF-591 ""A"" tty";NO;medio;0.0;0;;;;;Referencia interna duplicada en Odoo;
DUPLICADO REFERENCIA;REVISAR;BAJA;1559;;91-150739-24/004;;"PLACA AGUJA PF-591 &quot;C&quot; tty";NO;legacy;0.0;0;;;;;Referencia interna duplicada en Odoo;
DUPLICADO REFERENCIA;REVISAR;BAJA;3184;;91-150739-24/004;;"PLACA AGUJA PF-591 ""C"" tty";NO;medio;0.0;0;;;;;Referencia interna duplicada en Odoo;
DUPLICADO REFERENCIA;REVISAR;BAJA;3088;;C0066;;"CUCHILLA VERTICAL KM10&quot;";NO;medio;0.0;0;;;;;Referencia interna duplicada en Odoo;
DUPLICADO REFERENCIA;REVISAR;BAJA;3235;;C0066;;"CUCHILLA VERTICAL KM10""";NO;import reciente;0.0;0;;;;;Referencia interna duplicada en Odoo;
DUPLICADO REFERENCIA;REVISAR;BAJA;2672;;CORREADENTADA;;"CORREA DENTADA MOTOR &quot;Y&quot; LASER";NO;medio;0.0;0;;;;;Referencia interna duplicada en Odoo;
DUPLICADO REFERENCIA;REVISAR;BAJA;2885;;DUO-HCS3-1201-40;;"DUO COMBO HAPPY HCS3.  COMBO ESPECIAL DE DOS CABEZALES DE HCS3, UNIDOS SOBRE UNA BANCADA ESPECIAL. (ESTE TIPO DE COMBO, OFRECE UNA MAYOR VERSATILIDAD Y PRODUCCIÓN, QUE LAS MÁQUINAS DE BORDAR DE DOS CABEZALES CONVENCIONALES) CARACTERISTICAS DE CADA CABEZAL: - MAQUINA DE BORDAR INDUSTRIAL de 12 agujas, CON UN AREA MAX DE BORDADO REAL DE 320X320MM EN BASTIDOR PORTAL (OPCIONAL), de 290x290 en bastidor TUBULAR Y DE 67X290MM CON EL BASTIDOR DE GORRAS. - NUEVO BRAZO, DE TAMAÑO MUCHO MAS PEQUEÑO, QUE PERMITE BORDAR EN ESPACIOS MAS REDUCIDOS. - NUEVO SOPORTE PARA LOS HILOS, QUE PERMITE PONER BOINAS DE HILO CON UNA BASE MAS ANCHA. - VELOCIDAD MAX DE 1.000 PUNTADAS. - NUEVA PANTALLA TACTIL 7&quot; con nuevo sistema de tratamiento de datos, con posibilidad de usar cualquier adaptador wifi por usb, CONEXION LAN incorporada , USB Y USB FRONTAL. - Nuevo sistema de movimiento de bastidor sin vib esperaciones.  - bOBINADOR DE HILO DE CANILLA INCORPORADO E INDEPENDIENTE (NO ES NECESARIO QUE LA MAQUINA ESTE EN MARCHA PARA QUE ESTE TRABAJE). - pOSIBILIDAD DE CREAR TEXTOS CON DISTINTOS ESTILOS DE FUENTES, TAMAÑOS Y FORMAS DESDE EL PANEL. - pOSICIONAMIENTO CON MARCADOR LÁSER TIPO CRUZ. - LUZ LED FRONTAL. - reconocimiento DEL ÁREA DE BORDADO QUE PERMITE EL CENTRAR EL DISEÑO EN EL BASTIDOR CON SOLO PULSAR UN BOTÓN Y TAMBIÉN EVITAR POSIBLES GOLPES DE LA AGUJA EN EL BASTIDOR. - iNCLUYE 100 DISEÑOS EN LA MEMORIA. - edición CON SOFTWARE HAPPY LINK/LAN INCLUIDO. - pOSIBILIDAD DE DISTINTOS TIPOS DE BASTIDORES ESPECIALES (OPCIONAL VEASE EN EL CATALOGO   - Se entrega con: bancada, kits de gorras,  6 juegos dobles de bastidores de 15, 18 y 21 cm y dos de 32X32.";NO;medio;0.0;0;;;;;Referencia interna duplicada en Odoo;
DUPLICADO REFERENCIA;REVISAR;BAJA;2489;;EL6001392;;RODILLO ALIMENTAC. MAQUINA REBAJAR 50MM GRANO 2;NO;medio;0.0;0;;;;;Referencia interna duplicada en Odoo;
DUPLICADO REFERENCIA;REVISAR;BAJA;2491;;EL6001392;;RODILLO ALIMENTAC. MAQUINA REBAJAR 50MM GRANO 2;NO;medio;0.0;0;;;;;Referencia interna duplicada en Odoo;
DUPLICADO REFERENCIA;REVISAR;BAJA;1027;;EPM00980;;ROTARY SERVOMOTOR EJE X,Y. YASKAWA 200W PARA MÁQUINA HAPPY, MODELO HCU.;NO;legacy;0.0;0;;;;;Referencia interna duplicada en Odoo;
DUPLICADO REFERENCIA;REVISAR;BAJA;3166;;EPM00980;;"ROTARY SERVOMOTOR EJE X,Y.
YASKAWA 200W PARA MÁQUINA HAPPY, MODELO HCU.";NO;medio;0.0;0;;;;;Referencia interna duplicada en Odoo;
DUPLICADO REFERENCIA;REVISAR;BAJA;1664;;EPZ01410;;"PANEL LCD 10&quot; HAPPY";NO;legacy;0.0;0;;;;;Referencia interna duplicada en Odoo;
DUPLICADO REFERENCIA;REVISAR;BAJA;424;;EPZ01480;;"PANEL TACTIL 7&apos;&apos; HAPPY HCH/HCS/HCD2/HCR2/HCR3";NO;legacy;0.0;0;;;;;Referencia interna duplicada en Odoo;
DUPLICADO REFERENCIA;REVISAR - tiene pedidos;MEDIA;3143;;EPZ01480;;PANEL TACTIL 7'' HAPPY HCH/HCS/HCD2/HCR2/HCR3;NO;medio;0.0;1;;;;;Referencia interna duplicada en Odoo;
DUPLICADO REFERENCIA;REVISAR;BAJA;2431;;EPZ01490;;"PANTALLA LCD HAPPY 7&quot;";NO;medio;0.0;0;;;;;Referencia interna duplicada en Odoo;
DUPLICADO REFERENCIA;REVISAR;BAJA;2225;;FC345;;"BASTIDOR FAST CLAMPING 3,5&quot;X4&quot;(89X101,5MM)";NO;medio;0.0;0;;;;;Referencia interna duplicada en Odoo;
DUPLICADO REFERENCIA;REVISAR;BAJA;2224;;FC45;;"BASTIDOR FAST CLAMPING 4,5&quot;X4,5&quot; (114X114MM)";NO;medio;0.0;0;;;;;Referencia interna duplicada en Odoo;
DUPLICADO REFERENCIA;REVISAR;BAJA;2226;;FC456;;"BASTIDOR FAST CLAMPING 4,5&quot;X6&quot; (114,3X152,4MM)";NO;medio;0.0;0;;;;;Referencia interna duplicada en Odoo;
DUPLICADO REFERENCIA;REVISAR;BAJA;2223;;FC65;;"BASTIDOR FAST CLAMPING 6,5&quot;X6,5&quot; (165,1X165,1MM)";NO;medio;0.0;0;;;;;Referencia interna duplicada en Odoo;
DUPLICADO REFERENCIA;REVISAR;BAJA;3083;;FRA44003;;"Cap hold frame ass&apos;y (wide type) HAPPY";NO;medio;0.0;0;;;;;Referencia interna duplicada en Odoo;
DUPLICADO REFERENCIA;REVISAR;BAJA;3234;;FRA44003;;Cap hold frame ass'y (wide type) HAPPY;NO;import reciente;0.0;0;;;;;Referencia interna duplicada en Odoo;
DUPLICADO REFERENCIA;REVISAR;BAJA;3130;;FW-711445;;HILO DE LANA FISWOOLY 1000MT;NO;medio;0.0;0;;;;;Referencia interna duplicada en Odoo;
DUPLICADO REFERENCIA;REVISAR;BAJA;3131;;FW-711445;;HILO DE LANA FISWOOLY 1000MT;NO;medio;0.0;0;;;;;Referencia interna duplicada en Odoo;
DUPLICADO REFERENCIA;REVISAR;BAJA;2857;;HCA04100;;"CUCHILLA FIJA HAPPY &quot;B&quot; HCA/HCG/HCM";NO;medio;0.0;0;;;;;Referencia interna duplicada en Odoo;
DUPLICADO REFERENCIA;REVISAR;BAJA;1360;;HCB79210;;"MOTOR &quot;Y&quot; HAPPY HCS2";NO;legacy;0.0;0;;;;;Referencia interna duplicada en Odoo;
DUPLICADO REFERENCIA;REVISAR;BAJA;3178;;HCB79210;;"MOTOR ""Y"" HAPPY HCS2";NO;medio;0.0;0;;;;;Referencia interna duplicada en Odoo;
DUPLICADO REFERENCIA;REVISAR;BAJA;1088;;HCB79600;;"POTENCIOMETRO CAMBIO COLOR HCH-HCS2-HCU/HCU2 POTENTIOMETER ASS&apos;Y HAPPY";NO;legacy;0.0;0;;;;;Referencia interna duplicada en Odoo;
DUPLICADO REFERENCIA;REVISAR;BAJA;3168;;HCB79600;;POTENCIOMETRO CAMBIO COLOR HCH-HCS2-HCU/HCU2 POTENTIOMETER ASS'Y HAPPY;NO;medio;0.0;0;;;;;Referencia interna duplicada en Odoo;
DUPLICADO REFERENCIA;REVISAR;BAJA;1010;;HCB914022;;"THREAD HOLDER ASS&apos;Y HAPPY HCS/HCS2";NO;legacy;0.0;0;;;;;Referencia interna duplicada en Odoo;
DUPLICADO REFERENCIA;REVISAR;BAJA;3163;;HCB914022;;THREAD HOLDER ASS'Y HAPPY HCS/HCS2;NO;medio;0.0;0;;;;;Referencia interna duplicada en Odoo;
DUPLICADO REFERENCIA;REVISAR;BAJA;1021;;HCBU08040;;"POSITIONING PLATE ASS&apos;Y-HCS Upgrade Kit A HAPPY";NO;legacy;0.0;0;;;;;Referencia interna duplicada en Odoo;
DUPLICADO REFERENCIA;REVISAR;BAJA;3165;;HCBU08040;;POSITIONING PLATE ASS'Y-HCS Upgrade Kit A HAPPY;NO;medio;0.0;0;;;;;Referencia interna duplicada en Odoo;
DUPLICADO REFERENCIA;REVISAR;BAJA;1016;;HCBU13020;;"LEVER FOR PRESSURE FOOT ASS&apos;Y HAPPY HCH/HCS/HCS2";NO;legacy;0.0;0;;;;;Referencia interna duplicada en Odoo;
DUPLICADO REFERENCIA;REVISAR;BAJA;3164;;HCBU13020;;LEVER FOR PRESSURE FOOT ASS'Y HAPPY HCH/HCS/HCS2;NO;medio;0.0;0;;;;;Referencia interna duplicada en Odoo;
DUPLICADO REFERENCIA;REVISAR;BAJA;1009;;HCBU14011;;"THREAD CATCHER ASS&apos;Y-HCS Upgrade kit a HAPPY";NO;legacy;0.0;0;;;;;Referencia interna duplicada en Odoo;
DUPLICADO REFERENCIA;REVISAR;BAJA;3162;;HCBU14011;;THREAD CATCHER ASS'Y-HCS Upgrade kit a HAPPY;NO;medio;0.0;0;;;;;Referencia interna duplicada en Odoo;
DUPLICADO REFERENCIA;REVISAR;BAJA;2314;;HCD05A13;;"SOPORTE CUCHILLAS HAPPY HCD2 // THREAD CUTTING DEVICE BASE ASS&apos;Y";NO;medio;0.0;0;;;;;Referencia interna duplicada en Odoo;
DUPLICADO REFERENCIA;REVISAR;BAJA;2592;;HCD29540;;"REAR COVER (10.4 in) HAPPY (SOPORTE LCD 10&quot;)";NO;medio;0.0;0;;;;;Referencia interna duplicada en Odoo;
DUPLICADO REFERENCIA;REVISAR;BAJA;3043;;HCD29572;;"CARCASA FRONTAL PANEL 10&quot; HAPPY";NO;medio;0.0;0;;;;;Referencia interna duplicada en Odoo;
DUPLICADO REFERENCIA;REVISAR;BAJA;3233;;HCD29572;;"CARCASA FRONTAL PANEL 10"" HAPPY";NO;import reciente;0.0;0;;;;;Referencia interna duplicada en Odoo;
DUPLICADO REFERENCIA;REVISAR;BAJA;1665;;HCD72800;;"CABLE CONEXIÓN LCD 10&quot; HAPPY";NO;legacy;0.0;0;;;;;Referencia interna duplicada en Odoo;
DUPLICADO REFERENCIA;REVISAR;BAJA;1926;;HCD79621;;"MODULO CORE 7&quot; PANEL LCD HAPPY";NO;legacy;0.0;0;;;;;Referencia interna duplicada en Odoo;
DUPLICADO REFERENCIA;REVISAR;BAJA;1028;;HCD79720;;DRIVER MOVIMIENTOS X, Y, A. PARA MÁQUINA DE BORDAR HAPPY MODELO HCU. SERVOPACK 200V YASKAWA.;NO;legacy;0.0;0;;;;;Referencia interna duplicada en Odoo;
DUPLICADO REFERENCIA;REVISAR;BAJA;3167;;HCD79720;;"DRIVER MOVIMIENTOS X, Y, A. PARA MÁQUINA DE BORDAR HAPPY MODELO HCU.
SERVOPACK 200V YASKAWA.";NO;medio;0.0;0;;;;;Referencia interna duplicada en Odoo;
DUPLICADO REFERENCIA;REVISAR;BAJA;3137;;HCD81022;;"LCD ATA CIRCUIT BOARD (Pb FREE) ASSY HAPPY &quot;HCS LCD COLOR&quot;";NO;medio;0.0;0;;;;;Referencia interna duplicada en Odoo;
DUPLICADO REFERENCIA;REVISAR;BAJA;3237;;HCD81022;;"LCD ATA CIRCUIT BOARD (Pb FREE) ASSY HAPPY ""HCS LCD COLOR""";NO;import reciente;0.0;0;;;;;Referencia interna duplicada en Odoo;
DUPLICADO REFERENCIA;REVISAR;BAJA;1125;;HCD81092H;;"PLACA DE POSICION &quot;L&quot; Y &quot;C&quot; HAPPY HCD2 (TIMING BOARD)";NO;legacy;0.0;0;;;;;Referencia interna duplicada en Odoo;
DUPLICADO REFERENCIA;REVISAR;BAJA;3170;;HCD81092H;;"PLACA DE POSICION ""L"" Y ""C"" HAPPY HCD2 (TIMING BOARD)";NO;medio;0.0;0;;;;;Referencia interna duplicada en Odoo;
DUPLICADO REFERENCIA;REVISAR;BAJA;1121;;HCD81093;;"CONJUNTO PLACA DE POSICION &quot;L&quot; Y &quot;C&quot; HAPPY HCD2 (TIMING BOARD)";NO;legacy;0.0;0;;;;;Referencia interna duplicada en Odoo;
DUPLICADO REFERENCIA;REVISAR;BAJA;3169;;HCD81093;;"CONJUNTO PLACA DE POSICION ""L"" Y ""C"" HAPPY HCD2 (TIMING BOARD)";NO;medio;0.0;0;;;;;Referencia interna duplicada en Odoo;
DUPLICADO REFERENCIA;REVISAR;BAJA;2428;;HCDU37A41;;"BASTIDOR PORTAL &quot;X&quot; HAPPY HCD2-X (400X1200).";NO;medio;0.0;0;;;;;Referencia interna duplicada en Odoo;
DUPLICADO REFERENCIA;REVISAR;BAJA;436;;HCHplus-701 S/G;;HAPPY HCHplus-701-30 S/G .;NO;legacy;0.0;0;;;;;Referencia interna duplicada en Odoo;
DUPLICADO REFERENCIA;REVISAR;BAJA;3146;;HCHplus-701 S/G;;"HAPPY HCHplus-701-30 S/G
.";NO;medio;0.0;0;;;;;Referencia interna duplicada en Odoo;
DUPLICADO REFERENCIA;REVISAR;BAJA;1287;;HCR15B40;;"SUJETAHILOS TIPO CLIP happy hcd2/hcr2 moderno/HOLDER ASS&apos;Y (lower)";NO;legacy;0.0;0;;;;;Referencia interna duplicada en Odoo;
DUPLICADO REFERENCIA;REVISAR;BAJA;3176;;HCR15B40;;SUJETAHILOS TIPO CLIP happy hcd2/hcr2 moderno/HOLDER ASS'Y (lower);NO;medio;0.0;0;;;;;Referencia interna duplicada en Odoo;
DUPLICADO REFERENCIA;REVISAR;BAJA;2322;;HCR16A46;;CONJUNTO TENSOR DETECCIÓN DE HILO HAPPY HCR2. (TENSOR NEGRO COMPLETO);NO;medio;0.0;0;;;;;Referencia interna duplicada en Odoo;
DUPLICADO REFERENCIA;REVISAR;BAJA;455;;HCR3-1502-45;;"HAPPY HCR3-X1502-45  Máquina de bordar, de 2 cabezas y 15 agujas, con una distancia entre cabezales de 500mm., un campo de bordado de 450x500mm. en plano y de 420x440mm. con bastidor tubular a una velocidad de 1.200rpm. - Nuevos motores servo, mayor calidad en el bordado (todos los motores de la máquina son servomotores, X, Y y Z). - 999 memorias con 40.000.000 de puntadas libres. - Dotada de sujetahilos tipo clip, puntero de posición en el primer cabezal, panel de control táctil de 10,4&quot; con conexión wifi incorporada para la transferencia bidireccional ente ordenador y máquina de diseños, son necesidad de acceso a internet. - Desde el panel tenemos la posibilidad desde crear albafetos, como combinar 3 diseños en 1, así como una gran capacidad de funciones para la edición y el posicionamiento de los bordados. - Bobinador de hilo de canilla con motor independiente. - Puertos USB/LAN. - Iluminación led sobre el área de bordado. - Opcionalmente dispone de dispositivos de lentejuelas, cordón y punzón, así como una gran variedad de bastidores para trabajos específicos.  Equipamiento suministrado con la máquina: - Bastidor portal. .-3 juegos de bastidores tubulares a elegir entre varias medidas. -Kit bastidor de gorras.";NO;legacy;0.0;0;;;;;Referencia interna duplicada en Odoo;
DUPLICADO REFERENCIA;REVISAR;BAJA;3154;;HCR3-1502-45;;"HAPPY HCR3-X1502-45

Máquina de bordar, de 2 cabezas y 15 agujas, con una distancia entre cabezales de 500mm., un campo de bordado de 450x500mm. en plano y de 420x440mm. con bastidor tubular a una velocidad de 1.200rpm.
- Nuevos motores servo, mayor calidad en el bordado (todos los motores de la máquina son servomotores, X, Y y Z).
- 999 memorias con 40.000.000 de puntadas libres.
- Dotada de sujetahilos tipo clip, puntero de posición en el primer cabezal, panel de control táctil de 10,4"" con conexión wifi incorporada para la transferencia bidireccional ente ordenador y máquina de diseños, son necesidad de acceso a internet.
- Desde el panel tenemos la posibilidad desde crear albafetos, como combinar 3 diseños en 1, así como una gran capacidad de funciones para la edición y el posicionamiento de los bordados.
- Bobinador de hilo de canilla con motor independiente.
- Puertos USB/LAN.
- Iluminación led sobre el área de bordado.
- Opcionalmente dispone de dispositivos de lentejuelas, cordón y punzón, así como una gran variedad de bastidores para trabajos específicos.

Equipamiento suministrado con la máquina:
- Bastidor portal.
.-3 juegos de bastidores tubulares a elegir entre varias medidas.
-Kit bastidor de gorras.";NO;medio;0.0;0;;;;;Referencia interna duplicada en Odoo;
DUPLICADO REFERENCIA;REVISAR;BAJA;454;;HCR3-1502-45 S/G;;"HAPPY HCR3-X1502-45 S/G  Máquina de bordar, de 2 cabezas y 15 agujas, con una distancia entre cabezales de 500mm., un campo de bordado de 450x500mm. en plano y de 420x440mm. con bastidor tubular a una velocidad de 1.200rpm. - Nuevos motores servo, mayor calidad en el bordado (todos los motores de la máquina son servomotores, X, Y y Z). - 999 memorias con 40.000.000 de puntadas libres. - Dotada de sujetahilos tipo clip, puntero de posición en el primer cabezal, panel de control táctil de 10,4&quot; con conexión wifi incorporada para la transferencia bidireccional ente ordenador y máquina de diseños, son necesidad de acceso a internet. - Desde el panel tenemos la posibilidad desde crear albafetos, como combinar 3 diseños en 1, así como una gran capacidad de funciones para la edición y el posicionamiento de los bordados. - Bobinador de hilo de canilla con motor independiente. - Puertos USB/LAN. - Iluminación led sobre el área de bordado. - Opcionalmente dispone de dispositivos de lentejuelas, cordón y punzón, así como una gran variedad de bastidores para trabajos específicos.  Equipamiento suministrado con la máquina: - Bastidor portal. .-3 juegos de bastidores tubulares a elegir entre varias medidas.";NO;legacy;0.0;0;;;;;Referencia interna duplicada en Odoo;
DUPLICADO REFERENCIA;REVISAR;BAJA;3153;;HCR3-1502-45 S/G;;"HAPPY HCR3-X1502-45 S/G

Máquina de bordar, de 2 cabezas y 15 agujas, con una distancia entre cabezales de 500mm., un campo de bordado de 450x500mm. en plano y de 420x440mm. con bastidor tubular a una velocidad de 1.200rpm.
- Nuevos motores servo, mayor calidad en el bordado (todos los motores de la máquina son servomotores, X, Y y Z).
- 999 memorias con 40.000.000 de puntadas libres.
- Dotada de sujetahilos tipo clip, puntero de posición en el primer cabezal, panel de control táctil de 10,4"" con conexión wifi incorporada para la transferencia bidireccional ente ordenador y máquina de diseños, son necesidad de acceso a internet.
- Desde el panel tenemos la posibilidad desde crear albafetos, como combinar 3 diseños en 1, así como una gran capacidad de funciones para la edición y el posicionamiento de los bordados.
- Bobinador de hilo de canilla con motor independiente.
- Puertos USB/LAN.
- Iluminación led sobre el área de bordado.
- Opcionalmente dispone de dispositivos de lentejuelas, cordón y punzón, así como una gran variedad de bastidores para trabajos específicos.

Equipamiento suministrado con la máquina:
- Bastidor portal.
.-3 juegos de bastidores tubulares a elegir entre varias medidas.";NO;medio;0.0;0;;;;;Referencia interna duplicada en Odoo;
DUPLICADO REFERENCIA;REVISAR;BAJA;425;;HCR3-1504-45;;"HAPPY HCR3-1504-45 - Máquina de bordar, de 4 cabezas y 15 agujas, con una distancia entre cabezales de 360mm, un campo de bordado de 450x360mm en plano y de 320x320mm con bastidor tubular a una velocidad de 1.100rpm. - Nuevos motores servo, mayor calidad en el bordado (todos los motores de la máquina son servomotores, X, Y y Z). - 999 memorias con 40.000.000 de puntadas libres. - Dotada de sujetahilos tipo clip, puntero de posición en el primer cabezal, panel de control táctil de 10,4&quot; con conexión wifi incorporada para la tranferencia bidireccional entre ordenador y máquina de diseños, sin necesidad de acceso a internet. - desde el panel tenemos la posibilidad desde crear alfabetos como combinar 2 diseños en 1, así como una gran cantidad de funciones para la edición y el posicionamiento de los bordados. - Bobinador de hilo de canilla con motor independiente. - puertos usb/lan. - 1000 memorias. - Iluminación led sobre el área de bordado. - Opcionalmente dispone de dispositivos de lentejuela, cordón y punzón, así como una gran variedad de bastidores para trabajos específicos.  - Equipamiento suministrado con la máquina: . Bastidor portal . Kit Bastidor de gorras  . 3 juegos de bastidores tubulares a elegir entre varias medidas.";NO;legacy;0.0;0;;;;;Referencia interna duplicada en Odoo;
DUPLICADO REFERENCIA;REVISAR;BAJA;3144;;HCR3-1504-45;;"HAPPY HCR3-1504-45
- Máquina de bordar, de 4 cabezas y 15 agujas, con una distancia entre cabezales de 360mm, un campo de bordado de 450x360mm en plano y de 320x320mm con bastidor tubular a una velocidad de 1.100rpm.
- Nuevos motores servo, mayor calidad en el bordado (todos los motores de la máquina son servomotores, X, Y y Z).
- 999 memorias con 40.000.000 de puntadas libres.
- Dotada de sujetahilos tipo clip, puntero de posición en el primer cabezal, panel de control táctil de 10,4"" con conexión wifi incorporada para la tranferencia bidireccional entre ordenador y máquina de diseños, sin necesidad de acceso a internet.
- desde el panel tenemos la posibilidad desde crear alfabetos como combinar 2 diseños en 1, así como una gran cantidad de funciones para la edición y el posicionamiento de los bordados.
- Bobinador de hilo de canilla con motor independiente.
- puertos usb/lan.
- 1000 memorias.
- Iluminación led sobre el área de bordado.
- Opcionalmente dispone de dispositivos de lentejuela, cordón y punzón, así como una gran variedad de bastidores para trabajos específicos.

- Equipamiento suministrado con la máquina:
. Bastidor portal
. Kit Bastidor de gorras 
. 3 juegos de bastidores tubulares a elegir entre varias medidas.";NO;medio;0.0;0;;;;;Referencia interna duplicada en Odoo;
DUPLICADO REFERENCIA;REVISAR;BAJA;426;;HCR3-1504-45 S/G;;"HAPPY HCR3-1504-45 S/G -Máquina de bordar, de 4 cabezas y 15 agujas, con una distancia entre cabezales de 360mm, un campo de bordado de 450x360mm en plano y de 320x320mm con bastidor tubular a una velocidad de 1.100rpm. - Nuevos motores servo, mayor calidad en el bordado (todos los motores de la máquina son servomotores, X, Y y Z). - 999 memorias con 40.000.000 de puntadas libres. -Dotada de sujetahilos tipo clip, puntero de posición en el primer cabezal, panel de control táctil de 10,4&quot;, con conexión WIFI incorporada para la transferencia bidireccional entre ordenador y máquina de diseños, sin necesidad de acceso a internet. -Desde el panel tenemos la posibilidad, desde crear alfabetos, como combinar 2 diseños en 1, así como una gran cantidad de funciones para la edición y el posicionamiento de los bordados. - Bobinador de hilo de canilla con motor independiente. - Puertos usb/lan. -Iluminación led sobre el área de bordado. - Opcionalmente dispone de dispositivos de lentejuela, cordón y punzón, así como una gran variedad de bastidores para trabajos específicos.  - Equipamiento suministrado con la máquina: -Bastidor portal. - 3 juegos de bastidores tubulares a elegir entre varias medidas.";NO;legacy;0.0;0;;;;;Referencia interna duplicada en Odoo;
DUPLICADO REFERENCIA;REVISAR;BAJA;3145;;HCR3-1504-45 S/G;;"HAPPY HCR3-1504-45 S/G
-Máquina de bordar, de 4 cabezas y 15 agujas, con una distancia entre cabezales de 360mm, un campo de bordado de 450x360mm en plano y de 320x320mm con bastidor tubular a una velocidad de 1.100rpm.
- Nuevos motores servo, mayor calidad en el bordado (todos los motores de la máquina son servomotores, X, Y y Z).
- 999 memorias con 40.000.000 de puntadas libres.
-Dotada de sujetahilos tipo clip, puntero de posición en el primer cabezal, panel de control táctil de 10,4"", con conexión WIFI incorporada para la transferencia bidireccional entre ordenador y máquina de diseños, sin necesidad de acceso a internet.
-Desde el panel tenemos la posibilidad, desde crear alfabetos, como combinar 2 diseños en 1, así como una gran cantidad de funciones para la edición y el posicionamiento de los bordados.
- Bobinador de hilo de canilla con motor independiente.
- Puertos usb/lan.
-Iluminación led sobre el área de bordado.
- Opcionalmente dispone de dispositivos de lentejuela, cordón y punzón, así como una gran variedad de bastidores para trabajos específicos.

- Equipamiento suministrado con la máquina:
-Bastidor portal.
- 3 juegos de bastidores tubulares a elegir entre varias medidas.";NO;medio;0.0;0;;;;;Referencia interna duplicada en Odoo;
DUPLICADO REFERENCIA;REVISAR;BAJA;445;;HCR3-1506-45;;"HAPPY HCR3-1506-45  - Máquina de bordar, de 6 cabezas y 15 agujas, con una distancia entre cabezales de 360mm, un campo de bordado de 450x360mm en plano y de 320x320mm con bastidor tubular a una velocidad de 1.100rpm. - Nuevos motores servo, mayor calidad en el bordado (todos los motores de la máquina son servomotores, X, Y y Z). - 999 memorias con 40.000.000 de puntadas libres. - Dotada de sujetahilos tipo clip, puntero de posición en el primer cabezal, panel de control táctil de 10,4&quot; con conexión wifi incorporada para la tranferencia bidireccional entre ordenador y máquina de diseños, sin necesidad de acceso a internet. - desde el panel tenemos la posibilidad desde crear alfabetos como combinar 2 diseños en 1, así como una gran cantidad de funciones para la edición y el posicionamiento de los bordados. - Bobinador de hilo de canilla con motor independiente. - puertos usb/lan. - 1000 memorias. - Iluminación led sobre el área de bordado. - Opcionalmente dispone de dispositivos de lentejuela, cordón y punzón, así como una gran variedad de bastidores para trabajos específicos. -  Equipamiento suministrado con la máquina: - Bastidor portal - Kit bastidor gorras.  - 3 juegos de bastidores tubulares a elegir entre varias medidas.";NO;legacy;0.0;0;;;;;Referencia interna duplicada en Odoo;
DUPLICADO REFERENCIA;REVISAR;BAJA;3148;;HCR3-1506-45;;"HAPPY HCR3-1506-45 
- Máquina de bordar, de 6 cabezas y 15 agujas, con una distancia entre cabezales de 360mm, un campo de bordado de 450x360mm en plano y de 320x320mm con bastidor tubular a una velocidad de 1.100rpm.
- Nuevos motores servo, mayor calidad en el bordado (todos los motores de la máquina son servomotores, X, Y y Z).
- 999 memorias con 40.000.000 de puntadas libres.
- Dotada de sujetahilos tipo clip, puntero de posición en el primer cabezal, panel de control táctil de 10,4"" con conexión wifi incorporada para la tranferencia bidireccional entre ordenador y máquina de diseños, sin necesidad de acceso a internet.
- desde el panel tenemos la posibilidad desde crear alfabetos como combinar 2 diseños en 1, así como una gran cantidad de funciones para la edición y el posicionamiento de los bordados.
- Bobinador de hilo de canilla con motor independiente.
- puertos usb/lan.
- 1000 memorias.
- Iluminación led sobre el área de bordado.
- Opcionalmente dispone de dispositivos de lentejuela, cordón y punzón, así como una gran variedad de bastidores para trabajos específicos.
-
 Equipamiento suministrado con la máquina:
- Bastidor portal
- Kit bastidor gorras.
 - 3 juegos de bastidores tubulares a elegir entre varias medidas.";NO;medio;0.0;0;;;;;Referencia interna duplicada en Odoo;
DUPLICADO REFERENCIA;REVISAR;BAJA;444;;HCR3-1506-45 S/G;;"HAPPY HCR3-1506-45 S/G - Máquina de bordar, de 6 cabezas y 15 agujas, con una distancia entre cabezales de 360mm, un campo de bordado de 450x360mm en plano y de 320x320mm con bastidor tubular a una velocidad de 1.100rpm. - Nuevos motores servo, mayor calidad en el bordado (todos los motores de la máquina son servomotores, X, Y y Z). - 999 memorias con 40.000.000 de puntadas libres. - Dotada de sujetahilos tipo clip, puntero de posición en el primer cabezal, panel de control táctil de 10,4&quot; con conexión wifi incorporada para la tranferencia bidireccional entre ordenador y máquina de diseños, sin necesidad de acceso a internet. - desde el panel tenemos la posibilidad desde crear alfabetos como combinar 2 diseños en 1, así como una gran cantidad de funciones para la edición y el posicionamiento de los bordados. - Bobinador de hilo de canilla con motor independiente. - puertos usb/lan. - 1000 memorias. - Iluminación led sobre el área de bordado. - Opcionalmente dispone de dispositivos de lentejuela, cordón y punzón, así como una gran variedad de bastidores para trabajos específicos.  - Equipamiento suministrado con la máquina: - Bastidor portal  - 3 juegos de bastidores tubulares a elegir entre varias medidas.u";NO;legacy;0.0;0;;;;;Referencia interna duplicada en Odoo;
DUPLICADO REFERENCIA;REVISAR - tiene pedidos;MEDIA;3147;;HCR3-1506-45 S/G;;"HAPPY HCR3-1506-45 S/G
- Máquina de bordar, de 6 cabezas y 15 agujas, con una distancia entre cabezales de 360mm, un campo de bordado de 450x360mm en plano y de 320x320mm con bastidor tubular a una velocidad de 1.100rpm.
- Nuevos motores servo, mayor calidad en el bordado (todos los motores de la máquina son servomotores, X, Y y Z).
- 999 memorias con 40.000.000 de puntadas libres.
- Dotada de sujetahilos tipo clip, puntero de posición en el primer cabezal, panel de control táctil de 10,4"" con conexión wifi incorporada para la tranferencia bidireccional entre ordenador y máquina de diseños, sin necesidad de acceso a internet.
- desde el panel tenemos la posibilidad desde crear alfabetos como combinar 2 diseños en 1, así como una gran cantidad de funciones para la edición y el posicionamiento de los bordados.
- Bobinador de hilo de canilla con motor independiente.
- puertos usb/lan.
- 1000 memorias.
- Iluminación led sobre el área de bordado.
- Opcionalmente dispone de dispositivos de lentejuela, cordón y punzón, así como una gran variedad de bastidores para trabajos específicos.

- Equipamiento suministrado con la máquina:
- Bastidor portal
 - 3 juegos de bastidores tubulares a elegir entre varias medidas.u";NO;medio;0.0;1;;;;;Referencia interna duplicada en Odoo;
DUPLICADO REFERENCIA;REVISAR;BAJA;984;;HCR3-X1504-45;;"HAPPY HCR3-X1504-45  -Máquina de bordar, de 4 cabezas y 15 agujas, con una distancia entre cabezales de 500mm, un campo de bordado de 450x500mm en plano y de 420x440mm con bastidor tubular a una velocidad de 1.100rpm. - Nuevos motores servo, mayor calidad en el bordado (todos los motores de la máquina son servomotores, X, Y y Z). -Dotada de sujetahilos tipo clip, puntero de posición en el primer cabezal, panel de control táctil de 10,4&quot;, con conexión WIFI incorporada para la transferencia bidireccional entre ordenador y máquina de diseños, sin necesidad de acceso a internet. -Desde el panel tenemos la posibilidad, desde crear alfabetos, como combinar 2 diseños en 1, así como una gran cantidad de funciones para la edición y el posicionamiento de los bordados. - Bobinador de hilo de canilla con motor independiente. - Puertos usb/lan. -Iluminación led sobre el área de bordado. - Opcionalmente dispone de dispositivos de lentejuela, cordón y punzón, así como una gran variedad de bastidores para trabajos específicos.  - Equipamiento suministrado con la máquina: - Bastidor portal. - Kit bastidor de gorras - 3 juegos de bastidores tubulares a elegir entre varias medidas.";NO;legacy;0.0;0;;;;;Referencia interna duplicada en Odoo;
DUPLICADO REFERENCIA;REVISAR;BAJA;3161;;HCR3-X1504-45;;"HAPPY HCR3-X1504-45 
-Máquina de bordar, de 4 cabezas y 15 agujas, con una distancia entre cabezales de 500mm, un campo de bordado de 450x500mm en plano y de 420x440mm con bastidor tubular a una velocidad de 1.100rpm.
- Nuevos motores servo, mayor calidad en el bordado (todos los motores de la máquina son servomotores, X, Y y Z).
-Dotada de sujetahilos tipo clip, puntero de posición en el primer cabezal, panel de control táctil de 10,4"", con conexión WIFI incorporada para la transferencia bidireccional entre ordenador y máquina de diseños, sin necesidad de acceso a internet.
-Desde el panel tenemos la posibilidad, desde crear alfabetos, como combinar 2 diseños en 1, así como una gran cantidad de funciones para la edición y el posicionamiento de los bordados.
- Bobinador de hilo de canilla con motor independiente.
- Puertos usb/lan.
-Iluminación led sobre el área de bordado.
- Opcionalmente dispone de dispositivos de lentejuela, cordón y punzón, así como una gran variedad de bastidores para trabajos específicos.

- Equipamiento suministrado con la máquina:
- Bastidor portal.
- Kit bastidor de gorras
- 3 juegos de bastidores tubulares a elegir entre varias medidas.";NO;medio;0.0;0;;;;;Referencia interna duplicada en Odoo;
DUPLICADO REFERENCIA;REVISAR;BAJA;446;;HCR3-X1506 S/G;;"HAPPY HCR3-X1506-45 S/G -Máquina de bordar, de 6 cabezas y 15 agujas, con una distancia entre cabezales de 500mm, un campo de bordado de 450x500mm en plano y de 420x440mm con bastidor tubular a una velocidad de 1.100rpm. - Nuevos motores servo, mayor calidad en el bordado (todos los motores de la máquina son servomotores, X, Y y Z). -Dotada de sujetahilos tipo clip, puntero de posición en el primer cabezal, panel de control táctil de 10,4&quot;, con conexión WIFI incorporada para la transferencia bidireccional entre ordenador y máquina de diseños, sin necesidad de acceso a internet. -Desde el panel tenemos la posibilidad, desde crear alfabetos, como combinar 2 diseños en 1, así como una gran cantidad de funciones para la edición y el posicionamiento de los bordados. - Bobinador de hilo de canilla con motor independiente. - Puertos usb/lan. -Iluminación led sobre el área de bordado. - Opcionalmente dispone de dispositivos de lentejuela, cordón y punzón, así como una gran variedad de bastidores para trabajos específicos.  - Equipamiento suministrado con la máquina: . Bastidor portal . 3 juegos de bastidores tubulares a elegir entre varias medidas.";NO;legacy;0.0;0;;;;;Referencia interna duplicada en Odoo;
DUPLICADO REFERENCIA;REVISAR;BAJA;3149;;HCR3-X1506 S/G;;"HAPPY HCR3-X1506-45 S/G
-Máquina de bordar, de 6 cabezas y 15 agujas, con una distancia entre cabezales de 500mm, un campo de bordado de 450x500mm en plano y de 420x440mm con bastidor tubular a una velocidad de 1.100rpm.
- Nuevos motores servo, mayor calidad en el bordado (todos los motores de la máquina son servomotores, X, Y y Z).
-Dotada de sujetahilos tipo clip, puntero de posición en el primer cabezal, panel de control táctil de 10,4"", con conexión WIFI incorporada para la transferencia bidireccional entre ordenador y máquina de diseños, sin necesidad de acceso a internet.
-Desde el panel tenemos la posibilidad, desde crear alfabetos, como combinar 2 diseños en 1, así como una gran cantidad de funciones para la edición y el posicionamiento de los bordados.
- Bobinador de hilo de canilla con motor independiente.
- Puertos usb/lan.
-Iluminación led sobre el área de bordado.
- Opcionalmente dispone de dispositivos de lentejuela, cordón y punzón, así como una gran variedad de bastidores para trabajos específicos.

- Equipamiento suministrado con la máquina:
. Bastidor portal
. 3 juegos de bastidores tubulares a elegir entre varias medidas.";NO;medio;0.0;0;;;;;Referencia interna duplicada en Odoo;
DUPLICADO REFERENCIA;REVISAR;BAJA;447;;HCR3-X1506-45;;"HAPPY HCR3-X1506-45  -Máquina de bordar, de 6 cabezas y 15 agujas, con una distancia entre cabezales de 500mm, un campo de bordado de 450x500mm en plano y de 420x440mm con bastidor tubular a una velocidad de 1.100rpm. - Nuevos motores servo, mayor calidad en el bordado (todos los motores de la máquina son servomotores, X, Y y Z). -Dotada de sujetahilos tipo clip, puntero de posición en el primer cabezal, panel de control táctil de 10,4&quot;, con conexión WIFI incorporada para la transferencia bidireccional entre ordenador y máquina de diseños, sin necesidad de acceso a internet. -Desde el panel tenemos la posibilidad, desde crear alfabetos, como combinar 2 diseños en 1, así como una gran cantidad de funciones para la edición y el posicionamiento de los bordados. - Bobinador de hilo de canilla con motor independiente. - Puertos usb/lan. -Iluminación led sobre el área de bordado. - Opcionalmente dispone de dispositivos de lentejuela, cordón y punzón, así como una gran variedad de bastidores para trabajos específicos.  - Equipamiento suministrado con la máquina: - Bastidor portal. - Kit bastidor de gorras - 3 juegos de bastidores tubulares a elegir entre varias medidas.";NO;legacy;0.0;0;;;;;Referencia interna duplicada en Odoo;
DUPLICADO REFERENCIA;REVISAR;BAJA;3150;;HCR3-X1506-45;;"HAPPY HCR3-X1506-45 
-Máquina de bordar, de 6 cabezas y 15 agujas, con una distancia entre cabezales de 500mm, un campo de bordado de 450x500mm en plano y de 420x440mm con bastidor tubular a una velocidad de 1.100rpm.
- Nuevos motores servo, mayor calidad en el bordado (todos los motores de la máquina son servomotores, X, Y y Z).
-Dotada de sujetahilos tipo clip, puntero de posición en el primer cabezal, panel de control táctil de 10,4"", con conexión WIFI incorporada para la transferencia bidireccional entre ordenador y máquina de diseños, sin necesidad de acceso a internet.
-Desde el panel tenemos la posibilidad, desde crear alfabetos, como combinar 2 diseños en 1, así como una gran cantidad de funciones para la edición y el posicionamiento de los bordados.
- Bobinador de hilo de canilla con motor independiente.
- Puertos usb/lan.
-Iluminación led sobre el área de bordado.
- Opcionalmente dispone de dispositivos de lentejuela, cordón y punzón, así como una gran variedad de bastidores para trabajos específicos.

- Equipamiento suministrado con la máquina:
- Bastidor portal.
- Kit bastidor de gorras
- 3 juegos de bastidores tubulares a elegir entre varias medidas.";NO;medio;0.0;0;;;;;Referencia interna duplicada en Odoo;
DUPLICADO REFERENCIA;REVISAR;BAJA;450;;HCR3-X1508 S/G;;"HAPPY HCR3-X1508-45 S/G -Máquina de bordar, de 6 cabezas y 15 agujas, con una distancia entre cabezales de 500mm, un campo de bordado de 450x500mm en plano y de 420x440mm con bastidor tubular a una velocidad de 1.100rpm. - Nuevos motores Servo, mayor calidad en el bordado (Todos los motores de la Máquina son Servomotores, X, Y y Z. -Dotada de sujetahilos tipo clip, puntero de posición en el primer cabezal, panel de control táctil de 10,4&quot;, con conexión WIFI incorporada para la transferencia bidireccional entre ordenador y máquina de diseños, sin necesidad de acceso a internet. -Desde el panel tenemos la posibilidad, desde crear alfabetos, como combinar 2 diseños en 1, así como una gran cantidad de funciones para la edición y el posicionamiento de los bordados. - Bobinador de hilo de canilla con motor independiente. - Puertos usb/lan. -Iluminación led sobre el área de bordado. - Opcionalmente dispone de dispositivos de lentejuela, cordón y punzón, así como una gran variedad de bastidores para trabajos específicos.  - Equipamiento suministrado con la máquina: . Bastidor portal . 3 juegos de bastidores tubulares a elegir entre varias medidas.";NO;legacy;0.0;0;;;;;Referencia interna duplicada en Odoo;
DUPLICADO REFERENCIA;REVISAR;BAJA;3151;;HCR3-X1508 S/G;;"HAPPY HCR3-X1508-45 S/G
-Máquina de bordar, de 6 cabezas y 15 agujas, con una distancia entre cabezales de 500mm, un campo de bordado de 450x500mm en plano y de 420x440mm con bastidor tubular a una velocidad de 1.100rpm.
- Nuevos motores Servo, mayor calidad en el bordado (Todos los motores de la Máquina son Servomotores, X, Y y Z.
-Dotada de sujetahilos tipo clip, puntero de posición en el primer cabezal, panel de control táctil de 10,4"", con conexión WIFI incorporada para la transferencia bidireccional entre ordenador y máquina de diseños, sin necesidad de acceso a internet.
-Desde el panel tenemos la posibilidad, desde crear alfabetos, como combinar 2 diseños en 1, así como una gran cantidad de funciones para la edición y el posicionamiento de los bordados.
- Bobinador de hilo de canilla con motor independiente.
- Puertos usb/lan.
-Iluminación led sobre el área de bordado.
- Opcionalmente dispone de dispositivos de lentejuela, cordón y punzón, así como una gran variedad de bastidores para trabajos específicos.

- Equipamiento suministrado con la máquina:
. Bastidor portal
. 3 juegos de bastidores tubulares a elegir entre varias medidas.";NO;medio;0.0;0;;;;;Referencia interna duplicada en Odoo;
DUPLICADO REFERENCIA;REVISAR;BAJA;451;;HCR3-X1508-45;;"HAPPY HCR3-X1508-45 - Máquina de bordar, de 8 cabezas y 15 agujas, con una distancia entre cabezales de 500mm, un campo de bordado de 450x500mm en plano y de 420x440mm con bastidor tubular a una velocidad de 1.100rpm. - Nuevos motores Servo, mayor calidad en el bordado (Todos los motores de la Máquina son Servomotores, X, Y y Z. - Dotada de sujetahilos tipo clip, puntero de posición en el primer cabezal, panel de control táctil de 10,4&quot;, con conexión WIFI incorporada para la transferencia bidireccional entre ordenador y máquina de diseños, sin necesidad de acceso a internet. - Desde el panel tenemos la posibilidad, desde crear alfabetos, como combinar 2 diseños en 1, así como una gran cantidad de funciones para la edición y el posicionamiento de los bordados. - Bobinador de hilo de canilla con motor independiente. - Puertos usb/lan. - Iluminación led sobre el área de bordado. - Opcionalmente dispone de dispositivos de lentejuela, cordón y punzón, así como una gran variedad de bastidores para trabajos específicos.  - Equipamiento suministrado con la máquina: . Bastidor portal. - Kit bastidor de gorras. - 3 juegos de bastidores tubulares a elegir entre varias medidas.";NO;legacy;0.0;0;;;;;Referencia interna duplicada en Odoo;
DUPLICADO REFERENCIA;REVISAR;BAJA;3152;;HCR3-X1508-45;;"HAPPY HCR3-X1508-45
- Máquina de bordar, de 8 cabezas y 15 agujas, con una distancia entre cabezales de 500mm, un campo de bordado de 450x500mm en plano y de 420x440mm con bastidor tubular a una velocidad de 1.100rpm.
- Nuevos motores Servo, mayor calidad en el bordado (Todos los motores de la Máquina son Servomotores, X, Y y Z.
- Dotada de sujetahilos tipo clip, puntero de posición en el primer cabezal, panel de control táctil de 10,4"", con conexión WIFI incorporada para la transferencia bidireccional entre ordenador y máquina de diseños, sin necesidad de acceso a internet.
- Desde el panel tenemos la posibilidad, desde crear alfabetos, como combinar 2 diseños en 1, así como una gran cantidad de funciones para la edición y el posicionamiento de los bordados.
- Bobinador de hilo de canilla con motor independiente.
- Puertos usb/lan.
- Iluminación led sobre el área de bordado.
- Opcionalmente dispone de dispositivos de lentejuela, cordón y punzón, así como una gran variedad de bastidores para trabajos específicos.

- Equipamiento suministrado con la máquina:
. Bastidor portal.
- Kit bastidor de gorras.
- 3 juegos de bastidores tubulares a elegir entre varias medidas.";NO;medio;0.0;0;;;;;Referencia interna duplicada en Odoo;
DUPLICADO REFERENCIA;REVISAR;BAJA;2977;;HCSU29010;;"DISPLAY MODULE 7&quot; HCD3E/HCD2 HAPPY";NO;medio;0.0;0;;;;;Referencia interna duplicada en Odoo;
DUPLICADO REFERENCIA;REVISAR;BAJA;979;;HCU-1401-40 S/G;;"HCU-1401-40W - Máquina de bordar de 1 cabezal y 14 agujas. - Prensatelas con regulación electrónica de altura y ajuste automático de el espesor del genero, que permite al usuario no tener que realizar ajustes manuales, en los bordados 3D, etc. - Equipada con marcador láser en cruz 100% preciso, un campo de trabajo de 400X600 tanto en tubular como en plano. - Campo ampliable a 400X1200. - Pantalla táctil de 7&quot;, con la mayor posibilidad personalizar la configuración, para hacerla aun mas productiva.  - Auto reparación automática de todos lo errores que los fallos humanos puedan producir, o por cortes de luz. - Conexión WIFI y LAN, bidireccional, que permite tanto enviar los diseños desde el ordenador, como obtenerlos desde la máquina. - Iluminación LED sobre el área de bordado. - Velocidad de 1500 r.p.m., que ofrecen la máxima calidad gracias a la incorporación de servomotores en todos sus movimientos.  Incluye, 4 juegos de bastidores tubulares, bancada y accesorios.";NO;legacy;0.0;0;;;;;Referencia interna duplicada en Odoo;
DUPLICADO REFERENCIA;REVISAR;BAJA;3160;;HCU-1401-40 S/G;;"HCU-1401-40W
- Máquina de bordar de 1 cabezal y 14 agujas.
- Prensatelas con regulación electrónica de altura y ajuste automático de el espesor del genero, que permite al usuario no tener que realizar ajustes manuales, en los bordados 3D, etc.
- Equipada con marcador láser en cruz 100% preciso, un campo de trabajo de 400X600 tanto en tubular como en plano.
- Campo ampliable a 400X1200.
- Pantalla táctil de 7"", con la mayor posibilidad personalizar la configuración, para hacerla aun mas productiva. 
- Auto reparación automática de todos lo errores que los fallos humanos puedan producir, o por cortes de luz.
- Conexión WIFI y LAN, bidireccional, que permite tanto enviar los diseños desde el ordenador, como obtenerlos desde la máquina.
- Iluminación LED sobre el área de bordado.
- Velocidad de 1500 r.p.m., que ofrecen la máxima calidad gracias a la incorporación de servomotores en todos sus movimientos.

Incluye, 4 juegos de bastidores tubulares, bancada y accesorios.";NO;medio;0.0;0;;;;;Referencia interna duplicada en Odoo;
DUPLICADO REFERENCIA;REVISAR;BAJA;1948;;HCU25100;;"PLETINA SUJECIÓN CORREA EJE &quot;Y&quot; HAPPY HCU";NO;legacy;0.0;0;;;;;Referencia interna duplicada en Odoo;
DUPLICADO REFERENCIA;REVISAR;BAJA;1947;;HCU25110;;"PLETINA CONEXIÓN CORREA EJE &quot;Y&quot; HAPPY HCU";NO;legacy;0.0;0;;;;;Referencia interna duplicada en Odoo;
DUPLICADO REFERENCIA;REVISAR;BAJA;457;;HFR-W1502-120;;"HAPPY HFR-W1502-120 - Campo de trabajo: 2 cabezales Y1200xX600 mm. - Máquina de 15 Agujas; velocidad máxima 1000rpm. - Panel de control 10,4&quot; LCD color táctil. - HAPPY LAN software. - Cambio de color automático. - Detección rotura de hilo automática. - Ranura para memoria USB. -&quot;Offset&quot; automático/bastidor fuera. - Retorno al origen. - Función trazado, edición de diseños, rotación y repetición de diseños - Posibilidad de colocación de dispositivos para la aplicación de lentejuelas, cordones y cintas.";NO;legacy;0.0;0;;;;;Referencia interna duplicada en Odoo;
DUPLICADO REFERENCIA;REVISAR;BAJA;3156;;HFR-W1502-120;;"HAPPY HFR-W1502-120
- Campo de trabajo: 2 cabezales Y1200xX600 mm.
- Máquina de 15 Agujas; velocidad máxima 1000rpm.
- Panel de control 10,4"" LCD color táctil.
- HAPPY LAN software.
- Cambio de color automático.
- Detección rotura de hilo automática.
- Ranura para memoria USB.
-""Offset"" automático/bastidor fuera.
- Retorno al origen.
- Función trazado, edición de diseños, rotación y repetición de diseños
- Posibilidad de colocación de dispositivos para la aplicación de lentejuelas, cordones y cintas.";NO;medio;0.0;0;;;;;Referencia interna duplicada en Odoo;
DUPLICADO REFERENCIA;REVISAR;BAJA;456;;HFR-W1502A-120;;"HAPPY HFR-W1502A-120 - Campo de trabajo: 2 cabezales Y1200xX600 mm.; 1 cabezal Y1200xX1200 mm. - Máquina de 15 Agujas; velocidad máxima 1000rpm. - Panel de control 10,4&quot; LCD color táctil. - HAPPY LAN software. - Cambio de color automático. - Detección rotura de hilo automática. - Ranura para memoria USB. -&quot;Offset&quot; automático/bastidor fuera. - Retorno al origen. - Función trazado, edición de diseños, rotación y repetición de diseños - Posibilidad de colocación de dispositivos para la aplicación de lentejuelas, cordones y cintas.";NO;legacy;0.0;0;;;;;Referencia interna duplicada en Odoo;
DUPLICADO REFERENCIA;REVISAR - tiene pedidos;MEDIA;3155;;HFR-W1502A-120;;"HAPPY HFR-W1502A-120
- Campo de trabajo: 2 cabezales Y1200xX600 mm.; 1 cabezal Y1200xX1200 mm.
- Máquina de 15 Agujas; velocidad máxima 1000rpm.
- Panel de control 10,4"" LCD color táctil.
- HAPPY LAN software.
- Cambio de color automático.
- Detección rotura de hilo automática.
- Ranura para memoria USB.
-""Offset"" automático/bastidor fuera.
- Retorno al origen.
- Función trazado, edición de diseños, rotación y repetición de diseños
- Posibilidad de colocación de dispositivos para la aplicación de lentejuelas, cordones y cintas.";NO;medio;0.0;1;;;;;Referencia interna duplicada en Odoo;
DUPLICADO REFERENCIA;REVISAR;BAJA;2015;;HMG08130;;"CUSHION &quot;B&quot; HAPPY BLANCO HCGB/HMF";NO;medio;0.0;0;;;;;Referencia interna duplicada en Odoo;
DUPLICADO REFERENCIA;REVISAR;BAJA;1234;;M0483229;;"THREAD DETECTING CIRCUIT BOARD ASS&apos;Y HAPPY HCG SERIES";NO;legacy;0.0;0;;;;;Referencia interna duplicada en Odoo;
DUPLICADO REFERENCIA;REVISAR;BAJA;3173;;M0483229;;THREAD DETECTING CIRCUIT BOARD ASS'Y HAPPY HCG SERIES;NO;medio;0.0;0;;;;;Referencia interna duplicada en Odoo;
DUPLICADO REFERENCIA;REVISAR;BAJA;3035;;MF00A0834-B;;"CUCHILLA MOVIL MITSUBISHI &quot;B&quot; LS2-150/180/190";NO;medio;0.0;0;;;;;Referencia interna duplicada en Odoo;
DUPLICADO REFERENCIA;REVISAR;BAJA;3232;;MF00A0834-B;;"CUCHILLA MOVIL MITSUBISHI ""B"" LS2-150/180/190";NO;import reciente;0.0;0;;;;;Referencia interna duplicada en Odoo;
DUPLICADO REFERENCIA;REVISAR;BAJA;1583;;MH 9x5;;MIGHTY HOOP PARA HAPPY 360;NO;legacy;0.0;0;;;;;Referencia interna duplicada en Odoo;
DUPLICADO REFERENCIA;REVISAR;BAJA;3186;;MH 9x5;;"9""x5"" MIGHTY HOOP PARA HAPPY 360";NO;medio;0.0;0;;;;;Referencia interna duplicada en Odoo;
DUPLICADO REFERENCIA;REVISAR;BAJA;1626;;NEO10;;BOBINA HILO POLYNEON 40 COLOR 1000M C/;NO;legacy;0.0;0;;;;;Referencia interna duplicada en Odoo;
DUPLICADO REFERENCIA;REVISAR;BAJA;3187;;NEO10;;"BOBINA HILO POLYNEON 40 COLOR 1000M
C/";NO;medio;0.0;0;;;;;Referencia interna duplicada en Odoo;
DUPLICADO REFERENCIA;REVISAR;BAJA;1685;;PISAIRDES;;PISTOLA AIRE;NO;legacy;0.0;0;;;;;Referencia interna duplicada en Odoo;
DUPLICADO REFERENCIA;REVISAR;BAJA;2574;;PISAIRDES;;PISTOLA AIRE;NO;medio;0.0;0;;;;;Referencia interna duplicada en Odoo;
DUPLICADO REFERENCIA;REVISAR;BAJA;1202;;SBBD03005;;"TORNILLO SUJECC. PRENSATELAS HAPPY HCD2/HCR2/HMF &amp; HMG NOISE REDUCTION";NO;legacy;0.0;0;;;;;Referencia interna duplicada en Odoo;
DUPLICADO REFERENCIA;REVISAR;BAJA;3172;;SBBD03005;;TORNILLO SUJECC. PRENSATELAS HAPPY HCD2/HCR2/HMF & HMG NOISE REDUCTION;NO;medio;0.0;0;;;;;Referencia interna duplicada en Odoo;
DUPLICADO REFERENCIA;REVISAR;BAJA;1318;;SCH134KKD90;;AGUJAS 134KKD-90;NO;legacy;0.0;0;;;;;Referencia interna duplicada en Odoo;
DUPLICADO REFERENCIA;REVISAR;BAJA;1772;;SCH134KKD90;;AGUJAS 134KKD-90;NO;legacy;0.0;0;;;;;Referencia interna duplicada en Odoo;
DUPLICADO REFERENCIA;REVISAR;BAJA;1725;;ST-M0404-HA360;;"MIGHTYHOOP 4&quot; X 4&quot; ECO";NO;legacy;0.0;0;;;;;Referencia interna duplicada en Odoo;
DUPLICADO REFERENCIA;REVISAR;BAJA;1722;;ST-M0413-HA500;;"MIGHTYHOOP 4&quot; X 12,75&quot; ECO";NO;legacy;0.0;0;;;;;Referencia interna duplicada en Odoo;
DUPLICADO REFERENCIA;REVISAR;BAJA;968;;ST-M0505-HA360;;"MIGHTYHOOP 5,5&quot; ECO";NO;legacy;0.0;0;;;;;Referencia interna duplicada en Odoo;
DUPLICADO REFERENCIA;REVISAR - tiene pedidos;MEDIA;3157;;ST-M0505-HA360;;"MIGHTYHOOP 5,5"" ECO";NO;medio;0.0;1;;;;;Referencia interna duplicada en Odoo;
DUPLICADO REFERENCIA;REVISAR;BAJA;2206;;ST-M0505-W;;MARCO MIGHTYHOOP 5,5 ECO;NO;medio;0.0;0;;;;;Referencia interna duplicada en Odoo;
DUPLICADO REFERENCIA;REVISAR;BAJA;1723;;ST-M0608-HA360;;"MIGHTYHOOP 6&quot; X 8&quot; ECO";NO;legacy;0.0;0;;;;;Referencia interna duplicada en Odoo;
DUPLICADO REFERENCIA;REVISAR;BAJA;1719;;ST-M0803-HA360;;"MIGHTYHOOP 7,75&quot; X 2,75&quot; ECO";NO;legacy;0.0;0;;;;;Referencia interna duplicada en Odoo;
DUPLICADO REFERENCIA;REVISAR;BAJA;2991;;ST-M0809-HA360;;"MIGHTYHOOP 8,5 X 9&quot; ECO";NO;medio;0.0;0;;;;;Referencia interna duplicada en Odoo;
DUPLICADO REFERENCIA;REVISAR;BAJA;1716;;ST-M0813-HA500;;"MIGHTYHOOP 8 X 13&quot; ECO";NO;legacy;0.0;0;;;;;Referencia interna duplicada en Odoo;
DUPLICADO REFERENCIA;REVISAR;BAJA;2990;;ST-M0905-HA360;;"MIGHTYHOOP 8,7 X 4,9&quot; ECO";NO;medio;0.0;0;;;;;Referencia interna duplicada en Odoo;
DUPLICADO REFERENCIA;REVISAR;BAJA;2950;;ST-M1010;;MARCO MIGHTYHOOP 10 ECO;NO;medio;0.0;0;;;;;Referencia interna duplicada en Odoo;
DUPLICADO REFERENCIA;REVISAR;BAJA;969;;ST-M1010-HA360;;"MIGHTYHOOP 10 X 10&quot; ECO";NO;legacy;0.0;0;;;;;Referencia interna duplicada en Odoo;
DUPLICADO REFERENCIA;REVISAR - tiene pedidos;MEDIA;3158;;ST-M1010-HA360;;"MIGHTYHOOP 10 X 10"" ECO";NO;medio;0.0;2;;;;;Referencia interna duplicada en Odoo;
DUPLICADO REFERENCIA;REVISAR;BAJA;970;;ST-M1113-HA500;;"MIGHTYHOOP 11 X 13&quot; ECO";NO;legacy;0.0;0;;;;;Referencia interna duplicada en Odoo;
DUPLICADO REFERENCIA;REVISAR;BAJA;3159;;ST-M1113-HA500;;"MIGHTYHOOP 11 X 13"" ECO";NO;medio;0.0;0;;;;;Referencia interna duplicada en Odoo;
DUPLICADO REFERENCIA;REVISAR;BAJA;2948;;ST-M1212-HA500;;MIDGHTYHOOP 12 X 12 ECO;NO;medio;0.0;0;;;;;Referencia interna duplicada en Odoo;
DUPLICADO REFERENCIA;REVISAR;BAJA;2719;;ST-M1304-HA500;;"MIGHTYHOOP 12,6&quot; X 3,9&quot; ECO";NO;medio;0.0;0;;;;;Referencia interna duplicada en Odoo;
DUPLICADO REFERENCIA;REVISAR;BAJA;1721;;ST-M1316-HA500;;"MIGHTYHOOP 12,5&quot; X 15,5&quot; ECO";NO;legacy;0.0;0;;;;;Referencia interna duplicada en Odoo;
DUPLICADO REFERENCIA;REVISAR;BAJA;2949;;ST-M1716-HA500;;"MIGHTYHOOP 17 X 16&quot;";NO;medio;0.0;0;;;;;Referencia interna duplicada en Odoo;
DUPLICADO REFERENCIA;REVISAR;BAJA;1724;;ST-M6565-HA360;;"MIGHTYHOOP 6,5&quot; X 6,5&quot; ECO";NO;legacy;0.0;0;;;;;Referencia interna duplicada en Odoo;
DUPLICADO REFERENCIA;REVISAR;BAJA;2720;;ST-M7272-HA500;;"MIGHTYHOOP 7,25&quot; ECO";NO;medio;0.0;0;;;;;Referencia interna duplicada en Odoo;
DUPLICADO REFERENCIA;REVISAR;BAJA;2863;;TA-9A0802400012;;EXCENTRICO PARTIDO  PRENSATELAS (M) TAJIMA: (TFMX, TFMXII, TFGN,);NO;medio;0.0;0;;;;;Referencia interna duplicada en Odoo;
DUPLICADO REFERENCIA;REVISAR;BAJA;2862;;TA-9A0802500000;;EXCENTRICO PARTIDO  PRENSATELAS (F1) TAJIMA: (TFHX, TMFD, TFGN, TMLH-MIX, TMLHII-MIX Y TCMX-MIX);NO;medio;0.0;0;;;;;Referencia interna duplicada en Odoo;
DUPLICADO REFERENCIA;REVISAR;BAJA;1281;;WPAA03000;;"ARANDELA PRENSATELAS HAPPY HCD2/HCR2/HMF &amp; HMG NOISE REDUCTION";NO;legacy;0.0;0;;;;;Referencia interna duplicada en Odoo;
DUPLICADO REFERENCIA;REVISAR;BAJA;3175;;WPAA03000;;ARANDELA PRENSATELAS HAPPY HCD2/HCR2/HMF & HMG NOISE REDUCTION;NO;medio;0.0;0;;;;;Referencia interna duplicada en Odoo;
DUPLICADO REFERENCIA;REVISAR;BAJA;2432;;hcd29582;;"FRONT PANEL COVER 7&quot; HAPPY";NO;medio;0.0;0;;;;;Referencia interna duplicada en Odoo;
DUPLICADO REFERENCIA;REVISAR;BAJA;2433;;hcd29590;;"REAR COVER PANEL 7&quot; HAPPY";NO;medio;0.0;0;;;;;Referencia interna duplicada en Odoo;
WC SIN ENLAZAR;CORREGIR Y REIMPORTAR;ALTA;;1192096;;ST-M1010w;"""MARCO"" MIGHTYHOOP 10"" ECO";NO;;;;;;;;SKU duplicado en Odoo;Duplicados Odoo con mismo SKU: 0. IDs: N/A
WC SIN ENLAZAR;CORREGIR Y REIMPORTAR;ALTA;;1192091;;ST-M0505-W;"""MARCO"" MIGHTYHOOP 5,5"" ECO";NO;;;;;;;;SKU duplicado en Odoo;Duplicados Odoo con mismo SKU: 2. IDs: 2206, 3204
WC SIN ENLAZAR;CORREGIR Y REIMPORTAR;ALTA;;1190942;;;AGUJAS 134D 10 uds;NO;;;;;;;;SKU vacio en WooCommerce;Duplicados Odoo con mismo SKU: 0. IDs: N/A
WC SIN ENLAZAR;CORREGIR Y REIMPORTAR;ALTA;;7986;;;CAJA DE CANILLAS PREBOBINADAS PREMIUM ROYAL 70D/2 L;NO;;;;;;;;SKU vacio en WooCommerce;Duplicados Odoo con mismo SKU: 0. IDs: N/A
WC SIN ENLAZAR;CORREGIR Y REIMPORTAR;ALTA;;287248;;;ESPUMA 3D;NO;;;;;;;;SKU vacio en WooCommerce;Duplicados Odoo con mismo SKU: 0. IDs: N/A
WC SIN ENLAZAR;CORREGIR Y REIMPORTAR;ALTA;;1192083;;TA-9A0802400012;EXCENTRICO PARTIDO  PRENSATELAS (M) TAJIMA: (TFMX, TFMXII, TFGN,);NO;;;;;;;;SKU duplicado en Odoo;Duplicados Odoo con mismo SKU: 2. IDs: 2863, 3224
WC SIN ENLAZAR;CORREGIR Y REIMPORTAR;ALTA;;8342;;;HILO DE CANILLA ANZEL SUPER 10.000MT;NO;;;;;;;;SKU vacio en WooCommerce;Duplicados Odoo con mismo SKU: 0. IDs: N/A
WC SIN ENLAZAR;CORREGIR Y REIMPORTAR;ALTA;;1191055;;;HILO DE ESPUMA 10.000;NO;;;;;;;;SKU vacio en WooCommerce;Duplicados Odoo con mismo SKU: 0. IDs: N/A
WC SIN ENLAZAR;CORREGIR Y REIMPORTAR;ALTA;;1191063;;;HILO MERROW 10.000MT;NO;;;;;;;;SKU vacio en WooCommerce;Duplicados Odoo con mismo SKU: 0. IDs: N/A
WC SIN ENLAZAR;CORREGIR Y REIMPORTAR;ALTA;;1190014;;ST-M1212-HA500;"MIDGHTYHOOP 12 X 12"" ECO";NO;;;;;;;;SKU duplicado en Odoo;Duplicados Odoo con mismo SKU: 2. IDs: 2948, 3226
WC SIN ENLAZAR;CORREGIR Y REIMPORTAR;ALTA;;393712;;ST-M1316-HA500;"MIGHTYHOOP 12,5&quot; X 15,5&quot; ECO";NO;;;;;;;;SKU duplicado en Odoo;Duplicados Odoo con mismo SKU: 2. IDs: 1721, 3192
WC SIN ENLAZAR;CORREGIR Y REIMPORTAR;ALTA;;1189760;;ST-M1304-HA500;"MIGHTYHOOP 12,6"" X 3,9"" ECO";NO;;;;;;;;SKU duplicado en Odoo;Duplicados Odoo con mismo SKU: 2. IDs: 2719, 3220
WC SIN ENLAZAR;CORREGIR Y REIMPORTAR;ALTA;;393715;;ST-M0413-HA500;"MIGHTYHOOP 4&quot; X 12,75&quot; ECO";NO;;;;;;;;SKU duplicado en Odoo;Duplicados Odoo con mismo SKU: 2. IDs: 1722, 3193
WC SIN ENLAZAR;CORREGIR Y REIMPORTAR;ALTA;;393967;;ST-M0404-HA360;"MIGHTYHOOP 4&quot; X 4&quot; ECO";NO;;;;;;;;SKU duplicado en Odoo;Duplicados Odoo con mismo SKU: 2. IDs: 1725, 3196
WC SIN ENLAZAR;CORREGIR Y REIMPORTAR;ALTA;;410409;;ST-M0608-HA360;"MIGHTYHOOP 6&quot; X 8&quot; ECO";NO;;;;;;;;SKU duplicado en Odoo;Duplicados Odoo con mismo SKU: 2. IDs: 1723, 3194
WC SIN ENLAZAR;CORREGIR Y REIMPORTAR;ALTA;;393964;;ST-M6565-HA360;"MIGHTYHOOP 6,5&quot; X 6,5&quot; ECO";NO;;;;;;;;SKU duplicado en Odoo;Duplicados Odoo con mismo SKU: 2. IDs: 1724, 3195
WC SIN ENLAZAR;CORREGIR Y REIMPORTAR;ALTA;;1189765;;ST-M7272-HA500;"MIGHTYHOOP 7,25"" ECO";NO;;;;;;;;SKU duplicado en Odoo;Duplicados Odoo con mismo SKU: 2. IDs: 2720, 3221
WC SIN ENLAZAR;CORREGIR Y REIMPORTAR;ALTA;;393709;;ST-M0803-HA360;"MIGHTYHOOP 7,75&quot; X 2,75&quot; ECO";NO;;;;;;;;SKU duplicado en Odoo;Duplicados Odoo con mismo SKU: 2. IDs: 1719, 3191
WC SIN ENLAZAR;CORREGIR Y REIMPORTAR;ALTA;;393466;;ST-M0813-HA500;"MIGHTYHOOP 8 X 13&quot; ECO";NO;;;;;;;;SKU duplicado en Odoo;Duplicados Odoo con mismo SKU: 2. IDs: 1716, 3190
WC SIN ENLAZAR;CORREGIR Y REIMPORTAR;ALTA;;1191141;;ST-M0809-HA360;"MIGHTYHOOP 8,5 X 9"" ECO";NO;;;;;;;;SKU duplicado en Odoo;Duplicados Odoo con mismo SKU: 2. IDs: 2991, 3231
WC SIN ENLAZAR;CORREGIR Y REIMPORTAR;ALTA;;1189918;;;PLÁSTICO HIDROSOLUBLE;NO;;;;;;;;SKU vacio en WooCommerce;Duplicados Odoo con mismo SKU: 0. IDs: N/A
WC SIN ENLAZAR;CORREGIR Y REIMPORTAR;ALTA;;1189943;;;PRO-NYLON PARA EL BORDADO;NO;;;;;;;;SKU vacio en WooCommerce;Duplicados Odoo con mismo SKU: 0. IDs: N/A
WC SIN ENLAZAR;CORREGIR Y REIMPORTAR;ALTA;;329538;;;RASOTEX;NO;;;;;;;;SKU vacio en WooCommerce;Duplicados Odoo con mismo SKU: 0. IDs: N/A
WC SIN ENLAZAR;CORREGIR Y REIMPORTAR;ALTA;;1190016;;ST-M1716-HA500;ST-M1716-HA500;NO;;;;;;;;SKU duplicado en Odoo;Duplicados Odoo con mismo SKU: 2. IDs: 2949, 3227
WC SIN ENLAZAR;CORREGIR Y REIMPORTAR;ALTA;;1192087;;;TACO SALTO (RECIPROCADOR) TAJIMA TMFX/TFGN;NO;;;;;;;;SKU vacio en WooCommerce;Duplicados Odoo con mismo SKU: 0. IDs: N/A
WC SIN ENLAZAR;CORREGIR Y REIMPORTAR;ALTA;;1189796;;;VELCRO 107;NO;;;;;;;;SKU vacio en WooCommerce;Duplicados Odoo con mismo SKU: 0. IDs: N/A
WC ENLAZADO OK;NO TOCAR;-;467;7945;ESD-E4;ESD-E4;Software Wilcom EmbROIDERY Studio e4 Designing;SI;WC;;;1;product;;;Producto correctamente sincronizado con WooCommerce;
WC ENLAZADO OK;NO TOCAR;-;468;7947;DC-E4;DC-E4;SOFTWARE WILCOM DECORATING e4;SI;WC;;;1;product;;;Producto correctamente sincronizado con WooCommerce;
WC ENLAZADO OK;NO TOCAR;-;469;7948;ENTRETELA 506RG;ENTRETELA 506RG;ENTRETELA PAPEL 50 GRAMOS;SI;WC;;;1;product;;;Producto correctamente sincronizado con WooCommerce;
WC ENLAZADO OK;NO TOCAR;-;470;7950;ENTRETELA 504RG;ENTRETELA 504RG;ENTRETELA PAPEL 36 GRAMOS;SI;WC;;;1;product;;;Producto correctamente sincronizado con WooCommerce;
WC ENLAZADO OK;NO TOCAR;-;3488;7952;ENTRETELA 508RG;ENTRETELA 508RG;ENTRETELA PAPEL 60 GRAMOS;SI;WC;;;1;product;;;Producto correctamente sincronizado con WooCommerce;
WC ENLAZADO OK;NO TOCAR;-;472;7954;TS2025;TS2025;ENTRETELA VISCOSA SUAVE, 25 GRAMOS;SI;WC;;;1;product;;;Producto correctamente sincronizado con WooCommerce;
WC ENLAZADO OK;NO TOCAR;-;3486;7956;TS2055;TS2055;ENTRETELA BLANCA DE VISCOSA SUAVE, 55 GRAMOS;SI;WC;;;1;product;;;Producto correctamente sincronizado con WooCommerce;
WC ENLAZADO OK;NO TOCAR;-;474;7958;TS2080;TS2080;ENTRETELA VISCOSA SUAVE, 80 GRAMOS;SI;WC;;;1;product;;;Producto correctamente sincronizado con WooCommerce;
WC ENLAZADO OK;NO TOCAR;-;475;7960;TS20100;TS20100;ENTRETELA VISCOSA SUAVE, 100 GRAMOS;SI;WC;;;1;product;;;Producto correctamente sincronizado con WooCommerce;
WC ENLAZADO OK;NO TOCAR;-;476;7962;BASE100BLANCA;BASE100BLANCA;ENTRETELA BLANCA BASE 100;SI;WC;;;1;product;;;Producto correctamente sincronizado con WooCommerce;
WC ENLAZADO OK;NO TOCAR;-;3484;7964;BASE70BLANCA;BASE70BLANCA;ENTRETELA BASE 70 BLANCA;SI;WC;;;1;product;;;Producto correctamente sincronizado con WooCommerce;
WC ENLAZADO OK;NO TOCAR;-;478;7966;BASE50BLANCA;BASE50BLANCA;ENTRETELA BLANCA BASE 50;SI;WC;;;1;product;;;Producto correctamente sincronizado con WooCommerce;
WC ENLAZADO OK;NO TOCAR;-;481;7972;SILVASS;SILVASS LUBRICANTE;SILVASS;SI;WC;;;1;product;;;Producto correctamente sincronizado con WooCommerce;
WC ENLAZADO OK;NO TOCAR;-;482;7974;TAKTER 650;TAKTER 650;TAKTER 650 ADHESIVO;SI;WC;;;1;product;;;Producto correctamente sincronizado con WooCommerce;
WC ENLAZADO OK;NO TOCAR;-;483;7976;TAKTER 800;TAKTER 800;TAKTER 800 ADHESIVO;SI;WC;;;1;product;;;Producto correctamente sincronizado con WooCommerce;
WC ENLAZADO OK;NO TOCAR;-;484;7978;SILICONE EXTRA;SILICONE EXTRA;SILICONE EXTRA SILICONA;SI;WC;;;1;product;;;Producto correctamente sincronizado con WooCommerce;
WC ENLAZADO OK;NO TOCAR;-;3241;7980;PULIMAK 1;PULIMAK 1;PULIMAK 1 LIMPIADOR DE TEJIDOS;SI;WC;;;1;consu;;;Producto correctamente sincronizado con WooCommerce;
WC ENLAZADO OK;NO TOCAR;-;485;7982;DETER 100;DETER 100;DETER 100 LIMPIADOR MAQUINARIA;SI;WC;;;1;product;;;Producto correctamente sincronizado con WooCommerce;
WC ENLAZADO OK;NO TOCAR;-;486;7984;PULITEX;PULITEX;PULITEX SPRAY 3 FUNCIONES;SI;WC;;;1;product;;;Producto correctamente sincronizado con WooCommerce;
WC ENLAZADO OK;NO TOCAR;-;489;7988;P-80113;P-80113;FISPOLY40, P-80113;SI;WC;;;1;product;;;Producto correctamente sincronizado con WooCommerce;
WC ENLAZADO OK;NO TOCAR;-;490;7990;P-10200;P-10200;FISPOLY40, P-10200;SI;WC;;;1;product;;;Producto correctamente sincronizado con WooCommerce;
WC ENLAZADO OK;NO TOCAR;-;491;7992;P-26793;P-26793;FISPOLY40, P-26793;SI;WC;;;1;product;;;Producto correctamente sincronizado con WooCommerce;
WC ENLAZADO OK;NO TOCAR;-;492;7994;P-36640;P-36640;FISPOLY40, P-36640;SI;WC;;;1;product;;;Producto correctamente sincronizado con WooCommerce;
WC ENLAZADO OK;NO TOCAR;-;493;7996;P-36703;P-36703;FISPOLY40, P-36703;SI;WC;;;1;product;;;Producto correctamente sincronizado con WooCommerce;
WC ENLAZADO OK;NO TOCAR;-;494;7998;P-40104;P-40104;FISPOLY40, P-40104;SI;WC;;;1;product;;;Producto correctamente sincronizado con WooCommerce;
WC ENLAZADO OK;NO TOCAR;-;495;8000;P-40116;P-40116;FISPOLY40, P-40116;SI;WC;;;1;product;;;Producto correctamente sincronizado con WooCommerce;
WC ENLAZADO OK;NO TOCAR;-;496;8002;P-40135;P-40135;FISPOLY40, P-40135;SI;WC;;;1;product;;;Producto correctamente sincronizado con WooCommerce;
WC ENLAZADO OK;NO TOCAR;-;497;8004;P-50123;P-50123;FISPOLY40, P-50123;SI;WC;;;1;product;;;Producto correctamente sincronizado con WooCommerce;
WC ENLAZADO OK;NO TOCAR;-;498;8006;P-56051;P-56051;FISPOLY40, P-56051;SI;WC;;;1;product;;;Producto correctamente sincronizado con WooCommerce;
WC ENLAZADO OK;NO TOCAR;-;499;8008;P-56404;P-56404;FISPOLY40, P-56404;SI;WC;;;1;product;;;Producto correctamente sincronizado con WooCommerce;
WC ENLAZADO OK;NO TOCAR;-;500;8010;P-70107;P-70107;FISPOLY40, P-70107;SI;WC;;;1;product;;;Producto correctamente sincronizado con WooCommerce;
WC ENLAZADO OK;NO TOCAR;-;501;8012;P-70153;P-70153;FISPOLY40, P-70153;SI;WC;;;1;product;;;Producto correctamente sincronizado con WooCommerce;
WC ENLAZADO OK;NO TOCAR;-;502;8014;P-70154;P-70154;FISPOLY40, P-70154;SI;WC;;;1;product;;;Producto correctamente sincronizado con WooCommerce;
WC ENLAZADO OK;NO TOCAR;-;503;8016;P-70164;P-70164;FISPOLY40, P-70164;SI;WC;;;1;product;;;Producto correctamente sincronizado con WooCommerce;
WC ENLAZADO OK;NO TOCAR;-;504;8018;P-80103;P-80103;FISPOLY40, P-80103;SI;WC;;;1;product;;;Producto correctamente sincronizado con WooCommerce;
WC ENLAZADO OK;NO TOCAR;-;3506;8021;P-BEYAZ (BLANCO);P-BEYAZ (BLANCO);FISPOLY40, BEYAZ (BLANCO);SI;WC;;;1;product;;;Producto correctamente sincronizado con WooCommerce;
WC ENLAZADO OK;NO TOCAR;-;507;8023;P-10102;P-10102;FISPOLY40, P-10102;SI;WC;;;1;product;;;Producto correctamente sincronizado con WooCommerce;
WC ENLAZADO OK;NO TOCAR;-;508;8025;P-26788;P-26788;FISPOLY40, P-26788;SI;WC;;;1;product;;;Producto correctamente sincronizado con WooCommerce;
WC ENLAZADO OK;NO TOCAR;-;509;8027;P-30100;P-30100;FISPOLY40, P-30100;SI;WC;;;1;product;;;Producto correctamente sincronizado con WooCommerce;
WC ENLAZADO OK;NO TOCAR;-;510;8029;P-30111;P-30111;FISPOLY40, P-30111;SI;WC;;;1;product;;;Producto correctamente sincronizado con WooCommerce;
WC ENLAZADO OK;NO TOCAR;-;511;8031;P-30112;P-30112;FISPOLY40, P-30112;SI;WC;;;1;product;;;Producto correctamente sincronizado con WooCommerce;
WC ENLAZADO OK;NO TOCAR;-;512;8033;P-30176;P-30176;FISPOLY40, P-30176;SI;WC;;;1;product;;;Producto correctamente sincronizado con WooCommerce;
WC ENLAZADO OK;NO TOCAR;-;513;8035;P-36701;P-36701;FISPOLY40, P-36701;SI;WC;;;1;product;;;Producto correctamente sincronizado con WooCommerce;
WC ENLAZADO OK;NO TOCAR;-;514;8037;P-46487;P-46487;FISPOLY40, P-46487;SI;WC;;;1;product;;;Producto correctamente sincronizado con WooCommerce;
WC ENLAZADO OK;NO TOCAR;-;515;8039;P-46498;P-46498;FISPOLY40, P-46498;SI;WC;;;1;product;;;Producto correctamente sincronizado con WooCommerce;
WC ENLAZADO OK;NO TOCAR;-;516;8041;P-46887;P-46887;FISPOLY40, P-46887;SI;WC;;;1;product;;;Producto correctamente sincronizado con WooCommerce;
WC ENLAZADO OK;NO TOCAR;-;517;8043;P-46891;P-46891;FISPOLY40, P-46891;SI;WC;;;1;product;;;Producto correctamente sincronizado con WooCommerce;
WC ENLAZADO OK;NO TOCAR;-;518;8045;P-46896;P-46896;FISPOLY40, P-46896;SI;WC;;;1;product;;;Producto correctamente sincronizado con WooCommerce;
WC ENLAZADO OK;NO TOCAR;-;519;8047;P-50142;P-50142;FISPOLY40, P-50142;SI;WC;;;1;product;;;Producto correctamente sincronizado con WooCommerce;
WC ENLAZADO OK;NO TOCAR;-;520;8049;P-50153;P-50153;FISPOLY40, P-50153;SI;WC;;;1;product;;;Producto correctamente sincronizado con WooCommerce;
WC ENLAZADO OK;NO TOCAR;-;521;8051;P-56065;P-56065;FISPOLY40, P-56065;SI;WC;;;1;product;;;Producto correctamente sincronizado con WooCommerce;
WC ENLAZADO OK;NO TOCAR;-;522;8053;P-60120;P-60120;FISPOLY40, P-60120;SI;WC;;;1;product;;;Producto correctamente sincronizado con WooCommerce;
WC ENLAZADO OK;NO TOCAR;-;523;8055;P-70101;P-70101;FISPOLY40, P-70101;SI;WC;;;1;product;;;Producto correctamente sincronizado con WooCommerce;
WC ENLAZADO OK;NO TOCAR;-;524;8057;P-70102;P-70102;FISPOLY40, P-70102;SI;WC;;;1;product;;;Producto correctamente sincronizado con WooCommerce;
WC ENLAZADO OK;NO TOCAR;-;525;8059;P-70155;P-70155;FISPOLY40, P-70155;SI;WC;;;1;product;;;Producto correctamente sincronizado con WooCommerce;
WC ENLAZADO OK;NO TOCAR;-;526;8061;P-90104;P-90104;FISPOLY40, P-90104;SI;WC;;;1;product;;;Producto correctamente sincronizado con WooCommerce;
WC ENLAZADO OK;NO TOCAR;-;3490;8063;P-SIYAH (NEGRO);P-SIYAH (NEGRO);FISPOLY40, SIYAH (NEGRO);SI;WC;;;1;product;;;Producto correctamente sincronizado con WooCommerce;
WC ENLAZADO OK;NO TOCAR;-;528;8065;P-16934;P-16934;FISPOLY40, P-16934;SI;WC;;;1;product;;;Producto correctamente sincronizado con WooCommerce;
WC ENLAZADO OK;NO TOCAR;-;529;8067;P-20148;P-20148;FISPOLY40, P-20148;SI;WC;;;1;product;;;Producto correctamente sincronizado con WooCommerce;
WC ENLAZADO OK;NO TOCAR;-;530;8069;P-30116;P-30116;FISPOLY40, P-30116;SI;WC;;;1;product;;;Producto correctamente sincronizado con WooCommerce;
WC ENLAZADO OK;NO TOCAR;-;531;8071;P-30183;P-30183;FISPOLY40, P-30183;SI;WC;;;1;product;;;Producto correctamente sincronizado con WooCommerce;
WC ENLAZADO OK;NO TOCAR;-;532;8073;P-40109;P-40109;FISPOLY40, P-40109;SI;WC;;;1;product;;;Producto correctamente sincronizado con WooCommerce;
WC ENLAZADO OK;NO TOCAR;-;533;8075;P-66409;P-66409;FISPOLY40, P-66409;SI;WC;;;1;product;;;Producto correctamente sincronizado con WooCommerce;
WC ENLAZADO OK;NO TOCAR;-;534;8077;P-70140;P-70140;FISPOLY40, P-70140;SI;WC;;;1;product;;;Producto correctamente sincronizado con WooCommerce;
WC ENLAZADO OK;NO TOCAR;-;535;8079;P-70100;P-70100;FISPOLY40, P-70100;SI;WC;;;1;product;;;Producto correctamente sincronizado con WooCommerce;
WC ENLAZADO OK;NO TOCAR;-;536;8081;P-30147;P-30147;FISPOLY40, P-30147;SI;WC;;;1;product;;;Producto correctamente sincronizado con WooCommerce;
WC ENLAZADO OK;NO TOCAR;-;537;8083;P-40112;P-40112;FISPOLY40, P-40112;SI;WC;;;1;product;;;Producto correctamente sincronizado con WooCommerce;
WC ENLAZADO OK;NO TOCAR;-;538;8085;P-10105;P-10105;FISPOLY40, P-10105;SI;WC;;;1;product;;;Producto correctamente sincronizado con WooCommerce;
WC ENLAZADO OK;NO TOCAR;-;544;8091;P-10103;P-10103;FISPOLY40, P-10103;SI;WC;;;1;product;;;Producto correctamente sincronizado con WooCommerce;
WC ENLAZADO OK;NO TOCAR;-;546;8093;P-10116;P-10116;FISPOLY40, P-10116;SI;WC;;;1;product;;;Producto correctamente sincronizado con WooCommerce;
WC ENLAZADO OK;NO TOCAR;-;547;8095;P-50134;P-50134;FISPOLY40, P-50134;SI;WC;;;1;product;;;Producto correctamente sincronizado con WooCommerce;
WC ENLAZADO OK;NO TOCAR;-;548;8097;P-10157;P-10157;FISPOLY40, P-10157;SI;WC;;;1;product;;;Producto correctamente sincronizado con WooCommerce;
WC ENLAZADO OK;NO TOCAR;-;549;8098;P-20126;P-20126;FISPOLY40, P-20126;SI;WC;;;1;product;;;Producto correctamente sincronizado con WooCommerce;
WC ENLAZADO OK;NO TOCAR;-;553;8103;P-10153;P-10153;FISPOLY40, P-10153;SI;WC;;;1;product;;;Producto correctamente sincronizado con WooCommerce;
WC ENLAZADO OK;NO TOCAR;-;554;8105;P-20120;P-20120;FISPOLY40, P-20120;SI;WC;;;1;product;;;Producto correctamente sincronizado con WooCommerce;
WC ENLAZADO OK;NO TOCAR;-;555;8107;P-26797;P-26797;FISPOLY40, P-26797;SI;WC;;;1;product;;;Producto correctamente sincronizado con WooCommerce;
WC ENLAZADO OK;NO TOCAR;-;564;8117;P-20130;P-20130;FISPOLY40, P-20130;SI;WC;;;1;product;;;Producto correctamente sincronizado con WooCommerce;
WC ENLAZADO OK;NO TOCAR;-;565;8119;P-5644;P-5644;FISPOLY40, P-5644;SI;WC;;;1;product;;;Producto correctamente sincronizado con WooCommerce;
WC ENLAZADO OK;NO TOCAR;-;566;8121;P-56405;P-56405;FISPOLY40, P-56405;SI;WC;;;1;product;;;Producto correctamente sincronizado con WooCommerce;
WC ENLAZADO OK;NO TOCAR;-;567;8123;P-56413;P-56413;FISPOLY40, P-56413;SI;WC;;;1;product;;;Producto correctamente sincronizado con WooCommerce;
WC ENLAZADO OK;NO TOCAR;-;569;8126;P-46499;P-46499;FISPOLY40, P-46499;SI;WC;;;1;product;;;Producto correctamente sincronizado con WooCommerce;
WC ENLAZADO OK;NO TOCAR;-;571;8129;P-56402;P-56402;FISPOLY40, P-56402;SI;WC;;;1;product;;;Producto correctamente sincronizado con WooCommerce;
WC ENLAZADO OK;NO TOCAR;-;578;8139;P-40136;P-40136;FISPOLY40, P-40136;SI;WC;;;1;product;;;Producto correctamente sincronizado con WooCommerce;
WC ENLAZADO OK;NO TOCAR;-;584;8146;P-80147;P-80147;FISPOLY40, P-80147;SI;WC;;;1;product;;;Producto correctamente sincronizado con WooCommerce;
WC ENLAZADO OK;NO TOCAR;-;595;8158;P-80133;P-80133;FISPOLY40, P-80133;SI;WC;;;1;product;;;Producto correctamente sincronizado con WooCommerce;
WC ENLAZADO OK;NO TOCAR;-;597;8161;P-80120;P-80120;FISPOLY40, P-80120;SI;WC;;;1;product;;;Producto correctamente sincronizado con WooCommerce;
WC ENLAZADO OK;NO TOCAR;-;599;8164;P-80134;P-80134;FISPOLY40, P-80134;SI;WC;;;1;product;;;Producto correctamente sincronizado con WooCommerce;
WC ENLAZADO OK;NO TOCAR;-;603;8169;P-56046;P-56046;FISPOLY40, P-56046;SI;WC;;;1;product;;;Producto correctamente sincronizado con WooCommerce;
WC ENLAZADO OK;NO TOCAR;-;605;8172;P-56053;P-56053;FISPOLY40, P-56053;SI;WC;;;1;product;;;Producto correctamente sincronizado con WooCommerce;
WC ENLAZADO OK;NO TOCAR;-;606;8174;P-10144;P-10144;FISPOLY40, P-10144;SI;WC;;;1;product;;;Producto correctamente sincronizado con WooCommerce;
WC ENLAZADO OK;NO TOCAR;-;608;8177;P-56037;P-56037;FISPOLY40, P-56037;SI;WC;;;1;product;;;Producto correctamente sincronizado con WooCommerce;
WC ENLAZADO OK;NO TOCAR;-;611;8181;P-10154;P-10154;FISPOLY40, P-10154;SI;WC;;;1;product;;;Producto correctamente sincronizado con WooCommerce;
WC ENLAZADO OK;NO TOCAR;-;613;8184;P-56038;P-56038;FISPOLY40, P-56038;SI;WC;;;1;product;;;Producto correctamente sincronizado con WooCommerce;
WC ENLAZADO OK;NO TOCAR;-;620;8186;P-50279;P-50279;FISPOLY40, P-50279;SI;WC;;;1;product;;;Producto correctamente sincronizado con WooCommerce;
WC ENLAZADO OK;NO TOCAR;-;622;8188;P-60138;P-60138;FISPOLY40, P-60138;SI;WC;;;1;product;;;Producto correctamente sincronizado con WooCommerce;
WC ENLAZADO OK;NO TOCAR;-;628;8190;P-60125;P-60125;FISPOLY40, P-60125;SI;WC;;;1;product;;;Producto correctamente sincronizado con WooCommerce;
WC ENLAZADO OK;NO TOCAR;-;635;8192;P-20114;P-20114;FISPOLY40, P-20114;SI;WC;;;1;product;;;Producto correctamente sincronizado con WooCommerce;
WC ENLAZADO OK;NO TOCAR;-;636;8194;P-56047;P-56047;FISPOLY40, P-56047;SI;WC;;;1;product;;;Producto correctamente sincronizado con WooCommerce;
WC ENLAZADO OK;NO TOCAR;-;637;8196;P-50106;P-50106;FISPOLY40, P-50106;SI;WC;;;1;product;;;Producto correctamente sincronizado con WooCommerce;
WC ENLAZADO OK;NO TOCAR;-;639;8198;P-50158;P-50158;FISPOLY40, P-50158;SI;WC;;;1;product;;;Producto correctamente sincronizado con WooCommerce;
WC ENLAZADO OK;NO TOCAR;-;640;8200;P-50149;P-50149;FISPOLY40, P-50149;SI;WC;;;1;product;;;Producto correctamente sincronizado con WooCommerce;
WC ENLAZADO OK;NO TOCAR;-;643;8202;P-50136;P-50136;FISPOLY40, P-50136;SI;WC;;;1;product;;;Producto correctamente sincronizado con WooCommerce;
WC ENLAZADO OK;NO TOCAR;-;651;8204;P-46600;P-46600;FISPOLY40, P-46600;SI;WC;;;1;product;;;Producto correctamente sincronizado con WooCommerce;
WC ENLAZADO OK;NO TOCAR;-;652;8206;P-70267;P-70267;FISPOLY40, P-70267;SI;WC;;;1;product;;;Producto correctamente sincronizado con WooCommerce;
WC ENLAZADO OK;NO TOCAR;-;654;8208;P-70113;P-70113;FISPOLY40, P-70113;SI;WC;;;1;product;;;Producto correctamente sincronizado con WooCommerce;
WC ENLAZADO OK;NO TOCAR;-;657;8210;P-70136;P-70136;FISPOLY40, P-70136;SI;WC;;;1;product;;;Producto correctamente sincronizado con WooCommerce;
WC ENLAZADO OK;NO TOCAR;-;658;8212;P-70160;P-70160;FISPOLY40, P-70160;SI;WC;;;1;product;;;Producto correctamente sincronizado con WooCommerce;
WC ENLAZADO OK;NO TOCAR;-;663;8217;P-70134;P-70134;FISPOLY40, P-70134;SI;WC;;;1;product;;;Producto correctamente sincronizado con WooCommerce;
WC ENLAZADO OK;NO TOCAR;-;665;8220;P-70142;P-70142;FISPOLY40, P-70142;SI;WC;;;1;product;;;Producto correctamente sincronizado con WooCommerce;
WC ENLAZADO OK;NO TOCAR;-;668;8224;P-70159;P-70159;FISPOLY40, P-70159;SI;WC;;;1;product;;;Producto correctamente sincronizado con WooCommerce;
WC ENLAZADO OK;NO TOCAR;-;670;8227;P-70104;P-70104;FISPOLY40, P-70104;SI;WC;;;1;product;;;Producto correctamente sincronizado con WooCommerce;
WC ENLAZADO OK;NO TOCAR;-;672;8230;P-36634;P-36634;FISPOLY40, P-36634;SI;WC;;;1;product;;;Producto correctamente sincronizado con WooCommerce;
WC ENLAZADO OK;NO TOCAR;-;687;8239;P-80118;P-80118;FISPOLY40, P-80118;SI;WC;;;1;product;;;Producto correctamente sincronizado con WooCommerce;
WC ENLAZADO OK;NO TOCAR;-;688;8241;P-70146;P-70146;FISPOLY40, P-70146;SI;WC;;;1;product;;;Producto correctamente sincronizado con WooCommerce;
WC ENLAZADO OK;NO TOCAR;-;689;8243;P-80132;P-80132;FISPOLY40, P-80132;SI;WC;;;1;product;;;Producto correctamente sincronizado con WooCommerce;
WC ENLAZADO OK;NO TOCAR;-;691;8245;P-80121;P-80121;FISPOLY40, P-80121;SI;WC;;;1;product;;;Producto correctamente sincronizado con WooCommerce;
WC ENLAZADO OK;NO TOCAR;-;692;8247;P-70120;P-70120;FISPOLY40, P-70120;SI;WC;;;1;product;;;Producto correctamente sincronizado con WooCommerce;
WC ENLAZADO OK;NO TOCAR;-;694;8249;P-70147;P-70147;FISPOLY40, P-70147;SI;WC;;;1;product;;;Producto correctamente sincronizado con WooCommerce;
WC ENLAZADO OK;NO TOCAR;-;696;8251;P-80116;P-80116;FISPOLY40, P-80116;SI;WC;;;1;product;;;Producto correctamente sincronizado con WooCommerce;
WC ENLAZADO OK;NO TOCAR;-;697;8253;P-80148;P-80148;FISPOLY40, P-80148;SI;WC;;;1;product;;;Producto correctamente sincronizado con WooCommerce;
WC ENLAZADO OK;NO TOCAR;-;699;8255;P-80108;P-80108;FISPOLY40, P-80108;SI;WC;;;1;product;;;Producto correctamente sincronizado con WooCommerce;
WC ENLAZADO OK;NO TOCAR;-;703;8257;P-80143;P-80143;FISPOLY40, P-80143;SI;WC;;;1;product;;;Producto correctamente sincronizado con WooCommerce;
WC ENLAZADO OK;NO TOCAR;-;704;8259;P-60101;P-60101;FISPOLY40, P-60101;SI;WC;;;1;product;;;Producto correctamente sincronizado con WooCommerce;
WC ENLAZADO OK;NO TOCAR;-;705;8261;P-46890;P-46890;FISPOLY40, P-46890;SI;WC;;;1;product;;;Producto correctamente sincronizado con WooCommerce;
WC ENLAZADO OK;NO TOCAR;-;708;8263;P-90102;P-90102;FISPOLY40, P-90102;SI;WC;;;1;product;;;Producto correctamente sincronizado con WooCommerce;
WC ENLAZADO OK;NO TOCAR;-;712;8265;P-70163;P-70163;FISPOLY40, P-70163;SI;WC;;;1;product;;;Producto correctamente sincronizado con WooCommerce;
WC ENLAZADO OK;NO TOCAR;-;713;8267;P-70162;P-70162;FISPOLY40, P-70162;SI;WC;;;1;product;;;Producto correctamente sincronizado con WooCommerce;
WC ENLAZADO OK;NO TOCAR;-;715;8269;P-20150;P-20150;FISPOLY40, P-20150;SI;WC;;;1;product;;;Producto correctamente sincronizado con WooCommerce;
WC ENLAZADO OK;NO TOCAR;-;3514;8296;ST-M0505-H36;ST-M0505-H36;"MIGHTYHOOP 5,5"" ECO";SI;WC;;;1;product;;;Producto correctamente sincronizado con WooCommerce;
WC ENLAZADO OK;NO TOCAR;-;3513;8298;ST-M1010-H36;ST-M1010-H36;"MIGHTYHOOP 10 X 10&quot; ECO";SI;WC;;;1;product;;;Producto correctamente sincronizado con WooCommerce;
WC ENLAZADO OK;NO TOCAR;-;3512;8300;ST-M1113-H50;ST-M1113-H50;"MIGHTYHOOP 11 X 13&quot; ECO";SI;WC;;;1;product;;;Producto correctamente sincronizado con WooCommerce;
WC ENLAZADO OK;NO TOCAR;-;971;8302;MH 4,25x13 H;MH 4,25x13 H;MIGHTY HOOP 4,25 X 13;SI;WC;;;1;product;;;Producto correctamente sincronizado con WooCommerce;
WC ENLAZADO OK;NO TOCAR;-;973;8306;MH 4,25;MH 4,25;MIGHTY HOOP 4,25;SI;WC;;;1;product;;;Producto correctamente sincronizado con WooCommerce;
WC ENLAZADO OK;NO TOCAR;-;974;8308;MH 4,25X16;MH 4,25X16;MIGHTY HOOP 4,25X16;SI;WC;;;1;product;;;Producto correctamente sincronizado con WooCommerce;
WC ENLAZADO OK;NO TOCAR;-;975;8310;MH 4,25X13 SL;MH 4,25X13 SL;MIGHTY HOOP 4,25X13 SL;SI;WC;;;1;product;;;Producto correctamente sincronizado con WooCommerce;
WC ENLAZADO OK;NO TOCAR;-;976;8312;MH 5,5;MH 5,5;MIGHTY HOOP 5,5;SI;WC;;;1;product;;;Producto correctamente sincronizado con WooCommerce;
WC ENLAZADO OK;NO TOCAR;-;977;8314;MH 6,5;MH 6,5;MIGHTY HOOP 6,5;SI;WC;;;1;product;;;Producto correctamente sincronizado con WooCommerce;
WC ENLAZADO OK;NO TOCAR;-;978;8316;MH 7,25;MH 7,25;MIGHTY HOOP 7,25;SI;WC;;;1;product;;;Producto correctamente sincronizado con WooCommerce;
WC ENLAZADO OK;NO TOCAR;-;985;8318;FRA40093;FRA40093;BASTIDOR HAPPYJAPAN DE 32X32 CM.;SI;WC;;;1;product;;;Producto correctamente sincronizado con WooCommerce;
WC ENLAZADO OK;NO TOCAR;-;3511;8319;;GBDBXK5-RG;AGUJA DBXK5 RG 10 uds;SI;WC;;;9;product;;;Producto correctamente sincronizado con WooCommerce;
WC ENLAZADO OK;NO TOCAR;-;3510;8335;MERROW MG-3U;MERROW MG-3U;MERROW MG-3U;SI;WC;;;1;product;;;Producto correctamente sincronizado con WooCommerce;
WC ENLAZADO OK;NO TOCAR;-;3509;8336;MERROW MG-3U VELCRO;MERROW MG-3U VELCRO;MERROW MG-3U VELCRO;SI;WC;;;1;product;;;Producto correctamente sincronizado con WooCommerce;
WC ENLAZADO OK;NO TOCAR;-;1044;8350;TSVELLUTEX48X68G;TSVELLUTEX48X68G;VELLUTEX GRIS;SI;WC;;;1;product;;;Producto correctamente sincronizado con WooCommerce;
WC ENLAZADO OK;NO TOCAR;-;1191;8355;LUBRIBORD;LUBRIBORD;ACEITE EN SPRAY lubribord 400 ml;SI;WC;;;1;product;;;Producto correctamente sincronizado con WooCommerce;
WC ENLAZADO OK;NO TOCAR;-;1217;8357;ACEITEC;ACEITEC;ACEITE LIQUIDO,1L.;SI;WC;;;1;product;;;Producto correctamente sincronizado con WooCommerce;
WC ENLAZADO OK;NO TOCAR;-;3505;8363;;GBDBXK5SAN1-RG;AGUJAS DBXK5 RG GEBEDUR san1 10 uds;SI;WC;;;5;product;;;Producto correctamente sincronizado con WooCommerce;
WC ENLAZADO OK;NO TOCAR;-;3496;8364;;GB135X17-R;AGUJAS 135X17-R 10 uds;SI;WC;;;10;product;;;Producto correctamente sincronizado con WooCommerce;
WC ENLAZADO OK;NO TOCAR;-;1262;8368;KITBASCAL;KITBASCAL;KIT COMPLETO BASTIDOR CALCETINES HAPPY;SI;WC;;;1;product;;;Producto correctamente sincronizado con WooCommerce;
WC ENLAZADO OK;NO TOCAR;-;3498;8371;SPRAY LIMPIADOR GRANDE;SPRAY LIMPIADOR GRANDE;DK5 SPRAY LIMPIADOR 500ML;SI;WC;;;1;product;;;Producto correctamente sincronizado con WooCommerce;
WC ENLAZADO OK;NO TOCAR;-;3495;8376;;GB134R;AGUJAS 134R 10 uds;SI;WC;;;14;product;;;Producto correctamente sincronizado con WooCommerce;
WC ENLAZADO OK;NO TOCAR;-;1425;8377;ACEITE LB5;ACEITE LB5;ACEITE LB5 300 ML.;SI;WC;;;1;product;;;Producto correctamente sincronizado con WooCommerce;
WC ENLAZADO OK;NO TOCAR;-;1437;8378;DTM-BF;DTM-BF;REGULADOR DIGITAL DE TENSIÓN TOWA;SI;WC;;;1;product;;;Producto correctamente sincronizado con WooCommerce;
WC ENLAZADO OK;NO TOCAR;-;1493;8379;HCD13A30;HCD13A30;LUZ HAPPY HCD2/HCD3/HCR2;SI;WC;;;1;product;;;Producto correctamente sincronizado con WooCommerce;
WC ENLAZADO OK;NO TOCAR;-;1522;9902;ESL-E4;ESL-E4;SOFTWARE WILCOM LETTERING e4;SI;WC;;;1;product;;;Producto correctamente sincronizado con WooCommerce;
WC ENLAZADO OK;NO TOCAR;-;1523;9903;ESE-E4;ESE-E4;SOFTWARE WILCOM EDITTING e4;SI;WC;;;1;product;;;Producto correctamente sincronizado con WooCommerce;
WC ENLAZADO OK;NO TOCAR;-;1525;14582;TRANSC-H-140;TRANSC-H-140;ENCONADORA, TRANSCONADORA;SI;WC;;;1;product;;;Producto correctamente sincronizado con WooCommerce;
WC ENLAZADO OK;NO TOCAR;-;435;78294;HCHplus-701-30;HCHplus-701-30;HAPPY HCHplus-701-30;SI;WC;;;1;product;;;Producto correctamente sincronizado con WooCommerce;
WC ENLAZADO OK;NO TOCAR;-;1551;78511;ST1512;ST1512;BASTIDOR RECTANGULAR DE 15X12 CM.;SI;WC;;;1;product;;;Producto correctamente sincronizado con WooCommerce;
WC ENLAZADO OK;NO TOCAR;-;438;78518;HCS2-1201-30W;HCS2-1201-30W;HAPPY HCS2-1201-30;SI;WC;;;1;product;;;Producto correctamente sincronizado con WooCommerce;
WC ENLAZADO OK;NO TOCAR;-;442;78520;HCD3e-1501-40W;HCD3e-1501-40W;HCD3e-1501-40W;SI;WC;;;1;product;;;Producto correctamente sincronizado con WooCommerce;
WC ENLAZADO OK;NO TOCAR;-;980;78701;HCU-1401-40;HCU-1401-40;HCU-1401-40W;SI;WC;;;1;product;;;Producto correctamente sincronizado con WooCommerce;
WC ENLAZADO OK;NO TOCAR;-;1218;90208;TJ9807;TJ9807;TIJERAS FISKARS BORDADO hoja recta 10cm;SI;WC;;;1;product;;;Producto correctamente sincronizado con WooCommerce;
WC ENLAZADO OK;NO TOCAR;-;1219;90210;11-TC-100MET;11-TC-100MET;TIJERAS DE MANO METALICAS;SI;WC;;;1;product;;;Producto correctamente sincronizado con WooCommerce;
WC ENLAZADO OK;NO TOCAR;-;1220;90212;K5165;K5165;TIJERAS KAI N5165 165MM;SI;WC;;;1;product;;;Producto correctamente sincronizado con WooCommerce;
WC ENLAZADO OK;NO TOCAR;-;1221;90214;TJ9859;TJ9859;TIJERAS FISKARS MEDIANAs 17cm. NAR.;SI;WC;;;1;product;;;Producto correctamente sincronizado con WooCommerce;
WC ENLAZADO OK;NO TOCAR;-;1222;90216;TJ9853;TJ9853;TIJERAS FISKARS GRANDES 21CM, PARA DIESTROS.;SI;WC;;;1;product;;;Producto correctamente sincronizado con WooCommerce;
WC ENLAZADO OK;NO TOCAR;-;1223;90218;TJ9808;TJ9808;TIJERAS FISKARS BORDADO HOJA CURVA 10 CM.;SI;WC;;;1;product;;;Producto correctamente sincronizado con WooCommerce;
WC ENLAZADO OK;NO TOCAR;-;1224;90220;TJ9881;TJ9881;TIJERAS FISKARS BORDADO 13 CM.;SI;WC;;;1;product;;;Producto correctamente sincronizado con WooCommerce;
WC ENLAZADO OK;NO TOCAR;-;1578;90256;TJ9959;TJ9959;TIJERAS FISKARS MEDIANAs 17cm. NEGRAS.;SI;WC;;;1;product;;;Producto correctamente sincronizado con WooCommerce;
WC ENLAZADO OK;NO TOCAR;-;1126;329543;FRA41070;FRA41070;TORNILLO ARO BASTIDOR  HAPPY L=25mm;SI;WC;;;1;product;;;Producto correctamente sincronizado con WooCommerce;
WC ENLAZADO OK;NO TOCAR;-;1127;329545;FRA41080;FRA41080;TORNILLO ARO BASTIDOR  HAPPY L=29 MM.;SI;WC;;;1;product;;;Producto correctamente sincronizado con WooCommerce;
WC ENLAZADO OK;NO TOCAR;-;1579;346647;TJ9850;TJ9850;TIJERAS FISKARS GRANDES 21CM, PARA ZURDOS.;SI;WC;;;1;product;;;Producto correctamente sincronizado con WooCommerce;
WC ENLAZADO OK;NO TOCAR;-;3482;346888;887-160122-M;887-160122-M;MÁQUINA BASE PLANA DÜRKOPP ADLER MODELO 887-160122-M;SI;WC;;;1;product;;;Producto correctamente sincronizado con WooCommerce;
WC ENLAZADO OK;NO TOCAR;-;1718;392499;HP482590;HP482590;RODAMIENTO CON GOMA AJUSTE PANTÓGRAFO BARUDAN.;SI;WC;;;1;product;;;Producto correctamente sincronizado con WooCommerce;
WC ENLAZADO OK;NO TOCAR;-;1729;394729;HMK-001;HMK-001;KIT FIJACIÓN ECO BASTIDORES MAGNÉTICOS.;SI;WC;;;1;product;;;Producto correctamente sincronizado con WooCommerce;
WC ENLAZADO OK;NO TOCAR;-;1874;420502;FRA48010;FRA48010;ONE-POINT FRAME (SMALL);SI;WC;;;1;product;;;Producto correctamente sincronizado con WooCommerce;
WC ENLAZADO OK;NO TOCAR;-;1875;420503;FRA48160;FRA48160;BASTIDOR MANGAS Y PERNERAS ORIGINAL HAPPY;SI;WC;;;1;product;;;Producto correctamente sincronizado con WooCommerce;
WC ENLAZADO OK;NO TOCAR;-;1332;465289;CAUT13102;CAUT13102;MÁQUINA BOBINADORA DE CANILLAS AUTOMÁTICA. (CANILLERO);SI;WC;;;1;product;;;Producto correctamente sincronizado con WooCommerce;
WC ENLAZADO OK;NO TOCAR;-;1921;621844;EMBROIDERYERASER;EMBROIDERYERASER;BORRADOR DE BORDADOS;SI;WC;;;1;product;;;Producto correctamente sincronizado con WooCommerce;
WC ENLAZADO OK;NO TOCAR;-;1614;622618;FRA21D10;FRA21D10;BASTIDOR PINZAS HAPPY HCD2, HCD3. PARA CALZADO, BOTAS, ETC.;SI;WC;;;1;product;;;Producto correctamente sincronizado con WooCommerce;
WC ENLAZADO OK;NO TOCAR;-;1949;671502;FRA21D00;FRA21D00;BASTIDOR PINZAS HAPPY HCH+, HCS2. PARA CALZADO, BOTAS, ETC.;SI;WC;;;1;product;;;Producto correctamente sincronizado con WooCommerce;
WC ENLAZADO OK;NO TOCAR;-;1295;887206;HSA04021;HSA04021;CAJA BOBINA ORIGINAL HAPPY;SI;WC;;;1;product;;;Producto correctamente sincronizado con WooCommerce;
WC ENLAZADO OK;NO TOCAR;-;1374;887211;HSA04031;HSA04031;CAJA BOBINA ORIGINAL HAPPY PARA CANILLA PREBOBINADA;SI;WC;;;1;product;;;Producto correctamente sincronizado con WooCommerce;
WC ENLAZADO OK;NO TOCAR;-;1955;916176;HCS3-1201-40;HCS3-1201-40;HAPPY HCS3-1201-40;SI;WC;;;1;product;;;Producto correctamente sincronizado con WooCommerce;
WC ENLAZADO OK;NO TOCAR;-;2038;974879;HCD79161;HCD79161;VENTILADOR HAPPY HCD2;SI;WC;;;1;product;;;Producto correctamente sincronizado con WooCommerce;
WC ENLAZADO OK;NO TOCAR;-;1884;1101581;FRA48020;FRA48020;ONE-POINT FRAME (LARGE);SI;WC;;;1;product;;;Producto correctamente sincronizado con WooCommerce;
WC ENLAZADO OK;NO TOCAR;-;1422;1104075;TECH 12;TECH 12;BASTIDOR TUBULAR TECH 12CM TIPO HAPPY;SI;WC;;;1;product;;;Producto correctamente sincronizado con WooCommerce;
WC ENLAZADO OK;NO TOCAR;-;1912;1124954;FRA40542;FRA40542;BASTIDOR HAPPYJAPAN DE MADERA 42x44 CM.;SI;WC;;;1;product;;;Producto correctamente sincronizado con WooCommerce;
WC ENLAZADO OK;NO TOCAR;-;1923;1124957;FRA40013;FRA40013;Set Tornillo ajuste para bastidor cuadrado HAPPY/ADJUSTING SCREW SET FOR PTA SQUARE FRAME;SI;WC;;;1;product;;;Producto correctamente sincronizado con WooCommerce;
WC ENLAZADO OK;NO TOCAR;-;2064;1144927;TS2055NEGRA;TS2055NEGRA;ENTRETELA NEGRA DE VISCOSA SUAVE, 55 GRAMOS;SI;WC;;;1;product;;;Producto correctamente sincronizado con WooCommerce;
WC ENLAZADO OK;NO TOCAR;-;2221;1169299;GS3V;GS3V;LECTOR USB PARA TODAS LAS MARCAS DE MAQUINAS DE BORDAR;SI;WC;;;1;product;;;Producto correctamente sincronizado con WooCommerce;
WC ENLAZADO OK;NO TOCAR;-;3508;1189784;105WL;105WL;ENTRETELA BASE DE ARRANCAR, 105 GRAMOS;SI;WC;;;1;product;;;Producto correctamente sincronizado con WooCommerce;
WC ENLAZADO OK;NO TOCAR;-;3507;1189786;70WL;70WL;ENTRETELA BASE DE ARRANCAR, 70 GRAMOS;SI;WC;;;1;product;;;Producto correctamente sincronizado con WooCommerce;
WC ENLAZADO OK;NO TOCAR;-;2369;1189889;HILOCANILLA;HILOCANILLA;HILO CANILLA 125000M;SI;WC;;;1;product;;;Producto correctamente sincronizado con WooCommerce;
WC ENLAZADO OK;NO TOCAR;-;3501;1189926;ISAMET 2943-0490;ISAMET 2943-0490;HILO METÁLICO ISAMET ORO 0490;SI;WC;;;1;product;;;Producto correctamente sincronizado con WooCommerce;
WC ENLAZADO OK;NO TOCAR;-;3494;1189929;ISAMET 2943-0491;ISAMET 2943-0491;HILO METÁLICO ISAMET ORO 0491;SI;WC;;;1;product;;;Producto correctamente sincronizado con WooCommerce;
WC ENLAZADO OK;NO TOCAR;-;3493;1189932;ISAMET 2943-0493;ISAMET 2943-0493;HILO METÁLICO ISAMET ORO 0493;SI;WC;;;1;product;;;Producto correctamente sincronizado con WooCommerce;
WC ENLAZADO OK;NO TOCAR;-;3492;1189934;ISAMET 2943-0501;ISAMET 2943-0501;HILO METÁLICO ISAMET PLATA 0501;SI;WC;;;1;product;;;Producto correctamente sincronizado con WooCommerce;
WC ENLAZADO OK;NO TOCAR;-;3491;1189936;ISAMET 2943-0511;ISAMET 2943-0511;HILO METÁLICO ISAMET PLATA 0511;SI;WC;;;1;product;;;Producto correctamente sincronizado con WooCommerce;
WC ENLAZADO OK;NO TOCAR;-;2872;1189968;TIJBLA;TIJBLA;TIJERAS 10 CM CURVAS PARA EL BORDADO;SI;WC;;;1;product;;;Producto correctamente sincronizado con WooCommerce;
WC ENLAZADO OK;NO TOCAR;-;3489;1189974;HOT MELT FILM PA100 (100MICRONES);HOT MELT FILM PA100 (100MICRONES);HOT MELT (FILM TERMOADHESIVO);SI;WC;;;1;product;;;Producto correctamente sincronizado con WooCommerce;
WC ENLAZADO OK;NO TOCAR;-;2936;1190019;P-10362;P-10362;FISPOLY40, P-10362;SI;WC;;;1;product;;;Producto correctamente sincronizado con WooCommerce;
WC ENLAZADO OK;NO TOCAR;-;3487;1190084;ST-M0905;ST-M0905;"MIGHTYHOOP 8,7 X 4,9"" ECO";SI;WC;;;1;product;;;Producto correctamente sincronizado con WooCommerce;
WC ENLAZADO OK;NO TOCAR;-;2875;1190130;MM244;MM244;TIJERAS MILLEMETRI 11CM;SI;WC;;;1;product;;;Producto correctamente sincronizado con WooCommerce;
WC ENLAZADO OK;NO TOCAR;-;3485;1190133;244C;244C;TIJERAS MILLEMETRI CURVA 11CM;SI;WC;;;1;product;;;Producto correctamente sincronizado con WooCommerce;
WC ENLAZADO OK;NO TOCAR;-;2876;1190139;MM246;MM246;TIJERAS MILLEMETRI 15,5 CM;SI;WC;;;1;product;;;Producto correctamente sincronizado con WooCommerce;
WC ENLAZADO OK;NO TOCAR;-;2877;1190142;MM227;MM227;TIJERAS MILLEMETRI 19 CM;SI;WC;;;1;product;;;Producto correctamente sincronizado con WooCommerce;
WC ENLAZADO OK;NO TOCAR;-;3010;1190315;MM245;MM245;TIJERAS MILLIMETRI 13,5 CM;SI;WC;;;1;product;;;Producto correctamente sincronizado con WooCommerce;
WC ENLAZADO OK;NO TOCAR;-;3011;1190319;MM228;MM228;TIJERAS MILLIMETRI 21,5 CM;SI;WC;;;1;product;;;Producto correctamente sincronizado con WooCommerce;
WC ENLAZADO OK;NO TOCAR;-;3483;1190827;;;BASTIDOR DE PINZAS LARGAS BOLSOS/SIDE PARA HCD2/D3/D3e;SI;WC;;;1;product;;;Producto correctamente sincronizado con WooCommerce;
WC ENLAZADO OK;NO TOCAR;-;3481;1190831;;;BASTIDOR DE PINZAS LARGAS BOLSOS/SIDE PARA HCH/HCS3;SI;WC;;;1;product;;;Producto correctamente sincronizado con WooCommerce;
WC ENLAZADO OK;NO TOCAR;-;3480;1190842;;;BASTIDOR POINT (EXTRA LARGE) MANGAS Y PERNERAS ORIGINAL HAPPY;SI;WC;;;1;product;;;Producto correctamente sincronizado con WooCommerce;
WC ENLAZADO OK;NO TOCAR;-;3479;1191051;;;CANILLA METALICA BORDADO HAPPY;SI;WC;;;1;product;;;Producto correctamente sincronizado con WooCommerce;
WC ENLAZADO OK;NO TOCAR;-;2969;1191053;HYGAPE100;HYGAPE100;HILO DE CANILLA (GRUESO)10.000MTS Nº100;SI;WC;;;1;product;;;Producto correctamente sincronizado con WooCommerce;
WC ENLAZADO OK;NO TOCAR;-;3515;1191109;;;MÁQUINA DE BORDAR ZSK SPRINT 7;SI;WC;;;1;product;;;Producto correctamente sincronizado con WooCommerce;
WC ENLAZADO OK;NO TOCAR;-;1595;1191118;ENTRETELASOLUBLE;ENTRETELASOLUBLE;ENTRETETELA HIDROSOLUBLE;SI;WC;;;1;product;;;Producto correctamente sincronizado con WooCommerce;
WC ENLAZADO OK;NO TOCAR;-;717;1191157;P-10300;P-10300;FISPOLY40, P-10300;SI;WC;;;1;product;;;Producto correctamente sincronizado con WooCommerce;
WC ENLAZADO OK;NO TOCAR;-;718;1191159;P-10135;P-10135;FISPOLY40, P-10135;SI;WC;;;1;product;;;Producto correctamente sincronizado con WooCommerce;
WC ENLAZADO OK;NO TOCAR;-;719;1191160;P-50115;P-50115;FISPOLY40, P-50115;SI;WC;;;1;product;;;Producto correctamente sincronizado con WooCommerce;
WC ENLAZADO OK;NO TOCAR;-;720;1191161;P-10142;P-10142;FISPOLY40, P-10142;SI;WC;;;1;product;;;Producto correctamente sincronizado con WooCommerce;
WC ENLAZADO OK;NO TOCAR;-;541;1191162;P-10121;P-10121;FISPOLY40, P-10121;SI;WC;;;1;product;;;Producto correctamente sincronizado con WooCommerce;
WC ENLAZADO OK;NO TOCAR;-;721;1191163;P-10114;P-10114;FISPOLY40, P-10114;SI;WC;;;1;product;;;Producto correctamente sincronizado con WooCommerce;
WC ENLAZADO OK;NO TOCAR;-;722;1191164;P-10113;P-10113;FISPOLY40, P-10113;SI;WC;;;1;product;;;Producto correctamente sincronizado con WooCommerce;
WC ENLAZADO OK;NO TOCAR;-;542;1191165;P-26789;P-26789;FISPOLY40, P-26789;SI;WC;;;1;product;;;Producto correctamente sincronizado con WooCommerce;
WC ENLAZADO OK;NO TOCAR;-;724;1191167;P-36705;P-36705;FISPOLY40, P-36705;SI;WC;;;1;product;;;Producto correctamente sincronizado con WooCommerce;
WC ENLAZADO OK;NO TOCAR;-;725;1191168;P-10100;P-10100;FISPOLY40, P-10100;SI;WC;;;1;product;;;Producto correctamente sincronizado con WooCommerce;
WC ENLAZADO OK;NO TOCAR;-;543;1191169;P-10108;P-10108;FISPOLY40, P-10108;SI;WC;;;1;product;;;Producto correctamente sincronizado con WooCommerce;
WC ENLAZADO OK;NO TOCAR;-;726;1191170;P-10101;P-10101;FISPOLY40, P-10101;SI;WC;;;1;product;;;Producto correctamente sincronizado con WooCommerce;
WC ENLAZADO OK;NO TOCAR;-;727;1191171;P-26794;P-26794;FISPOLY40, P-26794;SI;WC;;;1;product;;;Producto correctamente sincronizado con WooCommerce;
WC ENLAZADO OK;NO TOCAR;-;723;1191185;P-10106;P-10106;FISPOLY40, P-10106;SI;WC;;;1;product;;;Producto correctamente sincronizado con WooCommerce;
WC ENLAZADO OK;NO TOCAR;-;728;1191186;P-26790;P-26790;FISPOLY40, P-26790;SI;WC;;;1;product;;;Producto correctamente sincronizado con WooCommerce;
WC ENLAZADO OK;NO TOCAR;-;729;1191187;P-36700;P-36700;FISPOLY40, P-36700;SI;WC;;;1;product;;;Producto correctamente sincronizado con WooCommerce;
WC ENLAZADO OK;NO TOCAR;-;730;1191188;P-10109;P-10109;FISPOLY40, P-10109;SI;WC;;;1;product;;;Producto correctamente sincronizado con WooCommerce;
WC ENLAZADO OK;NO TOCAR;-;731;1191190;P-10122;P-10122;FISPOLY40, P-10122;SI;WC;;;1;product;;;Producto correctamente sincronizado con WooCommerce;
WC ENLAZADO OK;NO TOCAR;-;3504;1191395;LTB-1838;LTB-1838;COLOR 1838;SI;WC;;;1;product;;;Producto correctamente sincronizado con WooCommerce;
WC ENLAZADO OK;NO TOCAR;-;3503;1191492;LTB-1801;LTB-1801;COLOR 1801 (BLANCO);SI;WC;;;1;product;;;Producto correctamente sincronizado con WooCommerce;
WC ENLAZADO OK;NO TOCAR;-;3502;1191493;LTB-1765;LTB-1765;COLOR 1765;SI;WC;;;1;product;;;Producto correctamente sincronizado con WooCommerce;
WC ENLAZADO OK;NO TOCAR;-;3500;1191494;LTB-1800;LTB-1800;COLOR 1800 (NEGRO);SI;WC;;;1;product;;;Producto correctamente sincronizado con WooCommerce;
WC ENLAZADO OK;NO TOCAR;-;3499;1191495;LTB-1624;LTB-1624;COLOR 1624;SI;WC;;;1;product;;;Producto correctamente sincronizado con WooCommerce;
WC ENLAZADO OK;NO TOCAR;-;3497;1191497;LTB-1980;LTB-1980;COLOR 1980;SI;WC;;;1;product;;;Producto correctamente sincronizado con WooCommerce;
WC ENLAZADO OK;NO TOCAR;-;545;1191523;P-36706;P-36706;FISPOLY40, P-36706;SI;WC;;;1;product;;;Producto correctamente sincronizado con WooCommerce;
WC ENLAZADO OK;NO TOCAR;-;540;1191524;P-10111;P-10111;FISPOLY40, P-10111;SI;WC;;;1;product;;;Producto correctamente sincronizado con WooCommerce;
WC ENLAZADO OK;NO TOCAR;-;732;1191525;P-26783;P-26783;FISPOLY40, P-26783;SI;WC;;;1;product;;;Producto correctamente sincronizado con WooCommerce;
WC ENLAZADO OK;NO TOCAR;-;733;1191526;P-26787;P-26787;FISPOLY40, P-26787;SI;WC;;;1;product;;;Producto correctamente sincronizado con WooCommerce;
WC ENLAZADO OK;NO TOCAR;-;734;1191527;P-26796;P-26796;FISPOLY40, P-26796;SI;WC;;;1;product;;;Producto correctamente sincronizado con WooCommerce;
WC ENLAZADO OK;NO TOCAR;-;735;1191528;P-10117;P-10117;FISPOLY40, P10117;SI;WC;;;1;product;;;Producto correctamente sincronizado con WooCommerce;
WC ENLAZADO OK;NO TOCAR;-;539;1191529;P-50103;P-50103;FISPOLY40, P50103;SI;WC;;;1;product;;;Producto correctamente sincronizado con WooCommerce;
WC ENLAZADO OK;NO TOCAR;-;736;1191577;P-20104;P-20104;FISPOLY40, P-20104;SI;WC;;;1;product;;;Producto correctamente sincronizado con WooCommerce;
WC ENLAZADO OK;NO TOCAR;-;737;1191578;P-26799;P-26799;FISPOLY40, P-26799;SI;WC;;;1;product;;;Producto correctamente sincronizado con WooCommerce;
WC ENLAZADO OK;NO TOCAR;-;738;1191579;P-20103;P-20103;FISPOLY40, P-20103;SI;WC;;;1;product;;;Producto correctamente sincronizado con WooCommerce;
WC ENLAZADO OK;NO TOCAR;-;550;1191580;P-26798;P-26798;FISPOLY40, P-26798;SI;WC;;;1;product;;;Producto correctamente sincronizado con WooCommerce;
WC ENLAZADO OK;NO TOCAR;-;552;1191581;P-20112;P-20112;FISPOLY40, P-20112;SI;WC;;;1;product;;;Producto correctamente sincronizado con WooCommerce;
WC ENLAZADO OK;NO TOCAR;-;739;1191582;P-10104;P-10104;FISPOLY40, P-10104;SI;WC;;;1;product;;;Producto correctamente sincronizado con WooCommerce;
WC ENLAZADO OK;NO TOCAR;-;740;1191583;P-26791;P-26791;FISPOLY40, P-26791;SI;WC;;;1;product;;;Producto correctamente sincronizado con WooCommerce;
WC ENLAZADO OK;NO TOCAR;-;551;1191584;P-36702;P-36702;FISPOLY40, P-36702;SI;WC;;;1;product;;;Producto correctamente sincronizado con WooCommerce;
WC ENLAZADO OK;NO TOCAR;-;741;1191585;P-26784;P-26784;FISPOLY40, P-26784;SI;WC;;;1;product;;;Producto correctamente sincronizado con WooCommerce;
WC ENLAZADO OK;NO TOCAR;-;742;1191586;P-30146;P-30146;FISPOLY40, P-30146;SI;WC;;;1;product;;;Producto correctamente sincronizado con WooCommerce;
WC ENLAZADO OK;NO TOCAR;-;743;1191587;P-10120;P-10120;FISPOLY40, P-10120;SI;WC;;;1;product;;;Producto correctamente sincronizado con WooCommerce;
WC ENLAZADO OK;NO TOCAR;-;744;1191588;P-20124;P-20124;FISPOLY40, P-20124;SI;WC;;;1;product;;;Producto correctamente sincronizado con WooCommerce;
WC ENLAZADO OK;NO TOCAR;-;745;1191589;P-30130;P-30130;FISPOLY40, P-30130;SI;WC;;;1;product;;;Producto correctamente sincronizado con WooCommerce;
WC ENLAZADO OK;NO TOCAR;-;746;1191590;P-20111;P-20111;FISPOLY40, P-20111;SI;WC;;;1;product;;;Producto correctamente sincronizado con WooCommerce;
WC ENLAZADO OK;NO TOCAR;-;747;1191591;P-20101;P-20101;FISPOLY40, P-20101;SI;WC;;;1;product;;;Producto correctamente sincronizado con WooCommerce;
WC ENLAZADO OK;NO TOCAR;-;748;1191592;P-20107;P-20107;FISPOLY40, P-20107;SI;WC;;;1;product;;;Producto correctamente sincronizado con WooCommerce;
WC ENLAZADO OK;NO TOCAR;-;749;1191593;P-36704;P-36704;FISPOLY40, P-36704;SI;WC;;;1;product;;;Producto correctamente sincronizado con WooCommerce;
WC ENLAZADO OK;NO TOCAR;-;556;1191594;P-20102;P-20102;FISPOLY40, P-20102;SI;WC;;;1;product;;;Producto correctamente sincronizado con WooCommerce;
WC ENLAZADO OK;NO TOCAR;-;750;1191595;P-26795;P-26795;FISPOLY40, P-26795;SI;WC;;;1;product;;;Producto correctamente sincronizado con WooCommerce;
WC ENLAZADO OK;NO TOCAR;-;751;1191596;P-20125;P-20125;FISPOLY40, P-20125;SI;WC;;;1;product;;;Producto correctamente sincronizado con WooCommerce;
WC ENLAZADO OK;NO TOCAR;-;752;1191597;P-20100;P-20100;FISPOLY40, P-20100;SI;WC;;;1;product;;;Producto correctamente sincronizado con WooCommerce;
WC ENLAZADO OK;NO TOCAR;-;753;1191598;P-50131;P-50131;FISPOLY40, P-50131;SI;WC;;;1;product;;;Producto correctamente sincronizado con WooCommerce;
WC ENLAZADO OK;NO TOCAR;-;754;1191599;P-46491;P-46491;FISPOLY40, P-46491;SI;WC;;;1;product;;;Producto correctamente sincronizado con WooCommerce;
WC ENLAZADO OK;NO TOCAR;-;755;1191600;P-30132;P-30132;FISPOLY40, P-30132;SI;WC;;;1;product;;;Producto correctamente sincronizado con WooCommerce;
WC ENLAZADO OK;NO TOCAR;-;756;1191601;P-30117;P-30117;FISPOLY40, P-30117;SI;WC;;;1;product;;;Producto correctamente sincronizado con WooCommerce;
WC ENLAZADO OK;NO TOCAR;-;757;1191602;P-30164;P-30164;FISPOLY40, P-30164;SI;WC;;;1;product;;;Producto correctamente sincronizado con WooCommerce;
WC ENLAZADO OK;NO TOCAR;-;758;1191603;P-30140;P-30140;FISPOLY40, P-30140;SI;WC;;;1;product;;;Producto correctamente sincronizado con WooCommerce;
WC ENLAZADO OK;NO TOCAR;-;759;1191604;P-66400;P-66400;FIISPOLY40, P-66400;SI;WC;;;1;product;;;Producto correctamente sincronizado con WooCommerce;
WC ENLAZADO OK;NO TOCAR;-;760;1191605;P-30107;P-30107;FISPOLY40, P-30107;SI;WC;;;1;product;;;Producto correctamente sincronizado con WooCommerce;
WC ENLAZADO OK;NO TOCAR;-;761;1191606;P-30143;P-30143;FISPOLY40, P-30143;SI;WC;;;1;product;;;Producto correctamente sincronizado con WooCommerce;
WC ENLAZADO OK;NO TOCAR;-;762;1191609;P-30126;P-30126;FISPOLY40, P-30126;SI;WC;;;1;product;;;Producto correctamente sincronizado con WooCommerce;
WC ENLAZADO OK;NO TOCAR;-;557;1191620;P-30145;P-30145;FISPOLY40, P-30145;SI;WC;;;1;product;;;Producto correctamente sincronizado con WooCommerce;
WC ENLAZADO OK;NO TOCAR;-;763;1191623;P-56406;P-56406;FISPOLY40, P-56406;SI;WC;;;1;product;;;Producto correctamente sincronizado con WooCommerce;
WC ENLAZADO OK;NO TOCAR;-;764;1191625;P-66408;P-66408;FISPOLY40, P-66408;SI;WC;;;1;product;;;Producto correctamente sincronizado con WooCommerce;
WC ENLAZADO OK;NO TOCAR;-;558;1191626;P-30128;P-30128;FISPOLY40, P-30128;SI;WC;;;1;product;;;Producto correctamente sincronizado con WooCommerce;
WC ENLAZADO OK;NO TOCAR;-;765;1191627;P-40110;P-40110;FISPOLY40, P-40110;SI;WC;;;1;product;;;Producto correctamente sincronizado con WooCommerce;
WC ENLAZADO OK;NO TOCAR;-;766;1191629;P-30134;P-30134;FISPOLY40, P-30134;SI;WC;;;1;product;;;Producto correctamente sincronizado con WooCommerce;
WC ENLAZADO OK;NO TOCAR;-;767;1191631;P-30144;P-30144;FISPOLY40, P-30144;SI;WC;;;1;product;;;Producto correctamente sincronizado con WooCommerce;
WC ENLAZADO OK;NO TOCAR;-;560;1191640;P-30115;P-30115;FISPOLY40, P-30115;SI;WC;;;1;product;;;Producto correctamente sincronizado con WooCommerce;
WC ENLAZADO OK;NO TOCAR;-;768;1191641;P-30149;P-30149;FISPOLY40, P-30149;SI;WC;;;1;product;;;Producto correctamente sincronizado con WooCommerce;
WC ENLAZADO OK;NO TOCAR;-;769;1191642;P-46488;P-46488;FISPOLY40, P-46488;SI;WC;;;1;product;;;Producto correctamente sincronizado con WooCommerce;
WC ENLAZADO OK;NO TOCAR;-;981;1191644;P-46879;P-46879;FISPOLY40, P-46879;SI;WC;;;1;product;;;Producto correctamente sincronizado con WooCommerce;
WC ENLAZADO OK;NO TOCAR;-;770;1191647;P-66403;P-66403;FISPOLY40, P-66403;SI;WC;;;1;product;;;Producto correctamente sincronizado con WooCommerce;
WC ENLAZADO OK;NO TOCAR;-;561;1191648;P-30182;P-30182;FISPOLY40, P-30182;SI;WC;;;1;product;;;Producto correctamente sincronizado con WooCommerce;
WC ENLAZADO OK;NO TOCAR;-;771;1191649;P-30122;P-30122;FISPOLY40, P-30122;SI;WC;;;1;product;;;Producto correctamente sincronizado con WooCommerce;
WC ENLAZADO OK;NO TOCAR;-;772;1191650;P-30102;P-30102;FISPOLY40, P-30102;SI;WC;;;1;product;;;Producto correctamente sincronizado con WooCommerce;
WC ENLAZADO OK;NO TOCAR;-;773;1191651;P-30120;P-30120;FISPOLY40, P-30120;SI;WC;;;1;product;;;Producto correctamente sincronizado con WooCommerce;
WC ENLAZADO OK;NO TOCAR;-;562;1191652;P-30103;P-30103;FISPOLY40, P-30103;SI;WC;;;1;product;;;Producto correctamente sincronizado con WooCommerce;
WC ENLAZADO OK;NO TOCAR;-;774;1191653;P-30106;P-30106;FISPOLY40, P-30106;SI;WC;;;1;product;;;Producto correctamente sincronizado con WooCommerce;
WC ENLAZADO OK;NO TOCAR;-;775;1191654;P-56403;P-56403;FISPOLY40, P-56403;SI;WC;;;1;product;;;Producto correctamente sincronizado con WooCommerce;
WC ENLAZADO OK;NO TOCAR;-;776;1191655;P-66401;P-66401;FISPOLY40, P-66401;SI;WC;;;1;product;;;Producto correctamente sincronizado con WooCommerce;
WC ENLAZADO OK;NO TOCAR;-;777;1191656;P-5643;P-5643;FISPOLY40, P-5643;SI;WC;;;1;product;;;Producto correctamente sincronizado con WooCommerce;
WC ENLAZADO OK;NO TOCAR;-;778;1191657;P-30127;P-30127;FISPOLY40, P-30127;SI;WC;;;1;product;;;Producto correctamente sincronizado con WooCommerce;
WC ENLAZADO OK;NO TOCAR;-;563;1191658;P-30131;P-30131;FISPOLY40, P-30131;SI;WC;;;1;product;;;Producto correctamente sincronizado con WooCommerce;
WC ENLAZADO OK;NO TOCAR;-;779;1191659;P-30170;P-30170;FISPOLY40, P-30170;SI;WC;;;1;product;;;Producto correctamente sincronizado con WooCommerce;
WC ENLAZADO OK;NO TOCAR;-;780;1191660;P-46489;P-46489;FISPOLY40, P-46489;SI;WC;;;1;product;;;Producto correctamente sincronizado con WooCommerce;
WC ENLAZADO OK;NO TOCAR;-;781;1191661;P-30136;P-30136;FISPOLY40, P-30136;SI;WC;;;1;product;;;Producto correctamente sincronizado con WooCommerce;
WC ENLAZADO OK;NO TOCAR;-;782;1191662;P-30121;P-30121;FISPOLY40, P-30121;SI;WC;;;1;product;;;Producto correctamente sincronizado con WooCommerce;
WC ENLAZADO OK;NO TOCAR;-;783;1191663;P-56401;P-56401;FISPOLY40, P-56401;SI;WC;;;1;product;;;Producto correctamente sincronizado con WooCommerce;
WC ENLAZADO OK;NO TOCAR;-;784;1191664;P-20105;P-20105;FISPOLY40, P-20105;SI;WC;;;1;product;;;Producto correctamente sincronizado con WooCommerce;
WC ENLAZADO OK;NO TOCAR;-;785;1191665;P-30105;P-30105;FISPOLY40, P-30105;SI;WC;;;1;product;;;Producto correctamente sincronizado con WooCommerce;
WC ENLAZADO OK;NO TOCAR;-;786;1191666;P-20109;P-20109;FISPOLY40, P-20109;SI;WC;;;1;product;;;Producto correctamente sincronizado con WooCommerce;
WC ENLAZADO OK;NO TOCAR;-;787;1191667;P-30109;P-30109;FISPOLY40, P-30109;SI;WC;;;1;product;;;Producto correctamente sincronizado con WooCommerce;
WC ENLAZADO OK;NO TOCAR;-;788;1191668;P-30104;P-30104;FISPOLY40, P-30104;SI;WC;;;1;product;;;Producto correctamente sincronizado con WooCommerce;
WC ENLAZADO OK;NO TOCAR;-;789;1191669;P-30108;P-30108;FISPOLY40, P-30108;SI;WC;;;1;product;;;Producto correctamente sincronizado con WooCommerce;
WC ENLAZADO OK;NO TOCAR;-;790;1191670;P-66404;P-66404;FISPOLY40, P-66404;SI;WC;;;1;product;;;Producto correctamente sincronizado con WooCommerce;
WC ENLAZADO OK;NO TOCAR;-;791;1191671;P-30175;P-30175;FISPOLY40, P-30175;SI;WC;;;1;product;;;Producto correctamente sincronizado con WooCommerce;
WC ENLAZADO OK;NO TOCAR;-;568;1191672;P-30142;P-30142;FISPOLY40, P-30142;SI;WC;;;1;product;;;Producto correctamente sincronizado con WooCommerce;
WC ENLAZADO OK;NO TOCAR;-;792;1191673;P-56414;P-56414;FISPOLY40, P-56414;SI;WC;;;1;product;;;Producto correctamente sincronizado con WooCommerce;
WC ENLAZADO OK;NO TOCAR;-;793;1191674;P-30110;P-30110;FISPOLY40, P-30110;SI;WC;;;1;product;;;Producto correctamente sincronizado con WooCommerce;
WC ENLAZADO OK;NO TOCAR;-;794;1191675;P-30129;P-30129;FISPOLY40, P-30129;SI;WC;;;1;product;;;Producto correctamente sincronizado con WooCommerce;
WC ENLAZADO OK;NO TOCAR;-;795;1191676;P-30123;P-30123;FISPOLY40, P-30123;SI;WC;;;1;product;;;Producto correctamente sincronizado con WooCommerce;
WC ENLAZADO OK;NO TOCAR;-;796;1191677;P-30101;P-30101;FISPOLY40, P-30101;SI;WC;;;1;product;;;Producto correctamente sincronizado con WooCommerce;
WC ENLAZADO OK;NO TOCAR;-;797;1191678;P-30113;P-30113;FISPOLY40, P-30113;SI;WC;;;1;product;;;Producto correctamente sincronizado con WooCommerce;
WC ENLAZADO OK;NO TOCAR;-;798;1191679;P-56411;P-56411;FISPOLY40, P-56411;SI;WC;;;1;product;;;Producto correctamente sincronizado con WooCommerce;
WC ENLAZADO OK;NO TOCAR;-;570;1191680;P-20106;P-20106;FISPOLY40, P-20106;SI;WC;;;1;product;;;Producto correctamente sincronizado con WooCommerce;
WC ENLAZADO OK;NO TOCAR;-;572;1191681;P-56400;P-56400;FISPOLY40, P-56400;SI;WC;;;1;product;;;Producto correctamente sincronizado con WooCommerce;
WC ENLAZADO OK;NO TOCAR;-;799;1191682;P-66410;P-66410;FISPOLY40, P-66410;SI;WC;;;1;product;;;Producto correctamente sincronizado con WooCommerce;
WC ENLAZADO OK;NO TOCAR;-;800;1191683;P-30141;P-30141;FISPOLY40, P-30141;SI;WC;;;1;product;;;Producto correctamente sincronizado con WooCommerce;
WC ENLAZADO OK;NO TOCAR;-;574;1191684;P-56410;P-56410;FISPOLY40, P-56410;SI;WC;;;1;product;;;Producto correctamente sincronizado con WooCommerce;
WC ENLAZADO OK;NO TOCAR;-;801;1191685;P-56412;P-56412;FISPOLY40, P-56412;SI;WC;;;1;product;;;Producto correctamente sincronizado con WooCommerce;
WC ENLAZADO OK;NO TOCAR;-;802;1191686;P-50145;P-50145;FISPOLY40, P-50145;SI;WC;;;1;product;;;Producto correctamente sincronizado con WooCommerce;
WC ENLAZADO OK;NO TOCAR;-;803;1191687;P-30165;P-30165;FISPOLY40, P-30165;SI;WC;;;1;product;;;Producto correctamente sincronizado con WooCommerce;
WC ENLAZADO OK;NO TOCAR;-;804;1191688;P-30139;P-30139;FISPOLY40, P-30139;SI;WC;;;1;product;;;Producto correctamente sincronizado con WooCommerce;
WC ENLAZADO OK;NO TOCAR;-;806;1191689;P-46871;P-46871;FISPOLY40, P-46871;SI;WC;;;1;product;;;Producto correctamente sincronizado con WooCommerce;
WC ENLAZADO OK;NO TOCAR;-;807;1191690;P-66402;P-66402;FISPOLY40, P-66402;SI;WC;;;1;product;;;Producto correctamente sincronizado con WooCommerce;
WC ENLAZADO OK;NO TOCAR;-;575;1191691;P-40115;P-40115;FISPOLY40, P-40115;SI;WC;;;1;product;;;Producto correctamente sincronizado con WooCommerce;
WC ENLAZADO OK;NO TOCAR;-;808;1191692;P-40111;P-40111;FISPOLY40, P-40111;SI;WC;;;1;product;;;Producto correctamente sincronizado con WooCommerce;
WC ENLAZADO OK;NO TOCAR;-;809;1191693;P-46895;P-46895;FISPOLY40, P-46895;SI;WC;;;1;product;;;Producto correctamente sincronizado con WooCommerce;
WC ENLAZADO OK;NO TOCAR;-;2548;1191694;P-46870;P-46870;FISPOLY40, P-46870;SI;WC;;;1;product;;;Producto correctamente sincronizado con WooCommerce;
WC ENLAZADO OK;NO TOCAR;-;576;1191695;P-46864;P-46864;FISPOLY40, P-46864;SI;WC;;;1;product;;;Producto correctamente sincronizado con WooCommerce;
WC ENLAZADO OK;NO TOCAR;-;810;1191696;P-40102;P-40102;FISPOLY40, P-40102;SI;WC;;;1;product;;;Producto correctamente sincronizado con WooCommerce;
WC ENLAZADO OK;NO TOCAR;-;577;1191697;P-46882;P-46882;FISPOLY40, P-46882;SI;WC;;;1;product;;;Producto correctamente sincronizado con WooCommerce;
WC ENLAZADO OK;NO TOCAR;-;811;1191698;P-40125;P-40125;FISPOLY40, P-40125;SI;WC;;;1;product;;;Producto correctamente sincronizado con WooCommerce;
WC ENLAZADO OK;NO TOCAR;-;812;1191699;P-46880;P-46880;FISPOLY40, P-46880;SI;WC;;;1;product;;;Producto correctamente sincronizado con WooCommerce;
WC ENLAZADO OK;NO TOCAR;-;579;1191700;P-40118;P-40118;FISPOLY40, P-40118;SI;WC;;;1;product;;;Producto correctamente sincronizado con WooCommerce;
WC ENLAZADO OK;NO TOCAR;-;813;1191701;P-30133;P-30133;FISPOLY40, P-30133;SI;WC;;;1;product;;;Producto correctamente sincronizado con WooCommerce;
WC ENLAZADO OK;NO TOCAR;-;814;1191702;P-30119;P-30119;FISPOLY40, P-30119;SI;WC;;;1;product;;;Producto correctamente sincronizado con WooCommerce;
WC ENLAZADO OK;NO TOCAR;-;815;1191703;P-40149;P-40149;FISPOLY40, P-40149;SI;WC;;;1;product;;;Producto correctamente sincronizado con WooCommerce;
WC ENLAZADO OK;NO TOCAR;-;580;1191704;P-30137;P-30137;FISPOLY40, P-30137;SI;WC;;;1;product;;;Producto correctamente sincronizado con WooCommerce;
WC ENLAZADO OK;NO TOCAR;-;816;1191705;P-46497;P-46497;FISPOLY40, P-46497;SI;WC;;;1;product;;;Producto correctamente sincronizado con WooCommerce;
WC ENLAZADO OK;NO TOCAR;-;581;1191706;P-40126;P-40126;FISPOLY40, P-40126;SI;WC;;;1;product;;;Producto correctamente sincronizado con WooCommerce;
WC ENLAZADO OK;NO TOCAR;-;817;1191707;P-30138;P-30138;FISPOLY40, P-30138;SI;WC;;;1;product;;;Producto correctamente sincronizado con WooCommerce;
WC ENLAZADO OK;NO TOCAR;-;818;1191708;P-30177;P-30177;FISPOLY40, P-30177;SI;WC;;;1;product;;;Producto correctamente sincronizado con WooCommerce;
WC ENLAZADO OK;NO TOCAR;-;819;1191709;P-46873;P-46873;FISPOLY40, P-46873;SI;WC;;;1;product;;;Producto correctamente sincronizado con WooCommerce;
WC ENLAZADO OK;NO TOCAR;-;582;1191710;P-30118;P-30118;FISPOLY40, P-30118;SI;WC;;;1;product;;;Producto correctamente sincronizado con WooCommerce;
WC ENLAZADO OK;NO TOCAR;-;820;1191711;P-30171;P-30171;FISPOLY40, P-30171;SI;WC;;;1;product;;;Producto correctamente sincronizado con WooCommerce;
WC ENLAZADO OK;NO TOCAR;-;583;1191712;P-30174;P-30174;FISPOLY40, P-30174;SI;WC;;;1;product;;;Producto correctamente sincronizado con WooCommerce;
WC ENLAZADO OK;NO TOCAR;-;821;1191713;P-30173;P-30173;FISPOLY40, P-30173;SI;WC;;;1;product;;;Producto correctamente sincronizado con WooCommerce;
WC ENLAZADO OK;NO TOCAR;-;822;1191714;P-40130;P-40130;FISPOLY40, P-40130;SI;WC;;;1;product;;;Producto correctamente sincronizado con WooCommerce;
WC ENLAZADO OK;NO TOCAR;-;585;1191715;P-46872;P-46872;FISPOLY40, P-46872;SI;WC;;;1;product;;;Producto correctamente sincronizado con WooCommerce;
WC ENLAZADO OK;NO TOCAR;-;823;1191716;P-10141;P-10141;FISPOLY40, P-10141;SI;WC;;;1;product;;;Producto correctamente sincronizado con WooCommerce;
WC ENLAZADO OK;NO TOCAR;-;586;1191717;P-40131;P-40131;FISPOLY40, P-40131;SI;WC;;;1;product;;;Producto correctamente sincronizado con WooCommerce;
WC ENLAZADO OK;NO TOCAR;-;824;1191718;P-10118;P-10118;FISPOLY40, P-10118;SI;WC;;;1;product;;;Producto correctamente sincronizado con WooCommerce;
WC ENLAZADO OK;NO TOCAR;-;825;1191719;P-40117;P-40117;FISPOLY40, P-40117;SI;WC;;;1;product;;;Producto correctamente sincronizado con WooCommerce;
WC ENLAZADO OK;NO TOCAR;-;587;1191720;P-60117;P-60117;FISPOLY40, P-60117;SI;WC;;;1;product;;;Producto correctamente sincronizado con WooCommerce;
WC ENLAZADO OK;NO TOCAR;-;826;1191721;P-80117;P-80117;FISPOLY40, P-80117;SI;WC;;;1;product;;;Producto correctamente sincronizado con WooCommerce;
WC ENLAZADO OK;NO TOCAR;-;588;1191722;P-60106;P-60106;FISPOLY40, P-60106;SI;WC;;;1;product;;;Producto correctamente sincronizado con WooCommerce;
WC ENLAZADO OK;NO TOCAR;-;589;1191723;P-40106;P-40106;FISPOLY40, P-40106;SI;WC;;;1;product;;;Producto correctamente sincronizado con WooCommerce;
WC ENLAZADO OK;NO TOCAR;-;827;1191724;P-40133;P-40133;FISPOLY40, P-40133;SI;WC;;;1;product;;;Producto correctamente sincronizado con WooCommerce;
WC ENLAZADO OK;NO TOCAR;-;590;1191725;P-46886;P-46886;FISPOLY40, P-46886;SI;WC;;;1;product;;;Producto correctamente sincronizado con WooCommerce;
WC ENLAZADO OK;NO TOCAR;-;828;1191726;P-40107;P-40107;FISPOLY40, P-40107;SI;WC;;;1;product;;;Producto correctamente sincronizado con WooCommerce;
WC ENLAZADO OK;NO TOCAR;-;829;1191727;P-80114;P-80114;FISPOLY40, P-80114;SI;WC;;;1;product;;;Producto correctamente sincronizado con WooCommerce;
WC ENLAZADO OK;NO TOCAR;-;591;1191728;P-80139;P-80139;FISPOLY40, P-80139;SI;WC;;;1;product;;;Producto correctamente sincronizado con WooCommerce;
WC ENLAZADO OK;NO TOCAR;-;830;1191729;P-40137;P-40137;FISPOLY40, P-40137;SI;WC;;;1;product;;;Producto correctamente sincronizado con WooCommerce;
WC ENLAZADO OK;NO TOCAR;-;592;1191730;P-80105;P-80105;FISPOLY40, P-80105;SI;WC;;;1;product;;;Producto correctamente sincronizado con WooCommerce;
WC ENLAZADO OK;NO TOCAR;-;593;1191731;P-80138;P-80138;FISPOLY40, P-80138;SI;WC;;;1;product;;;Producto correctamente sincronizado con WooCommerce;
WC ENLAZADO OK;NO TOCAR;-;831;1191732;P-80107;P-80107;FISPOLY40, P-80107;SI;WC;;;1;product;;;Producto correctamente sincronizado con WooCommerce;
WC ENLAZADO OK;NO TOCAR;-;832;1191733;P-80136;P-80136;FISPOLY40, P-80136;SI;WC;;;1;product;;;Producto correctamente sincronizado con WooCommerce;
WC ENLAZADO OK;NO TOCAR;-;594;1191734;P-40138;P-40138;FISPOLY40, P-40138;SI;WC;;;1;product;;;Producto correctamente sincronizado con WooCommerce;
WC ENLAZADO OK;NO TOCAR;-;833;1191735;P-40114;P-40114;FISPOLY40, P-40114;SI;WC;;;1;product;;;Producto correctamente sincronizado con WooCommerce;
WC ENLAZADO OK;NO TOCAR;-;596;1191736;P-80106;P-80106;FISPOLY40, P-80106;SI;WC;;;1;product;;;Producto correctamente sincronizado con WooCommerce;
WC ENLAZADO OK;NO TOCAR;-;834;1191737;P-80100;P-80100;FISPOLY40, P-80100;SI;WC;;;1;product;;;Producto correctamente sincronizado con WooCommerce;
WC ENLAZADO OK;NO TOCAR;-;835;1191738;P-80135;P-80135;FISPOLY40, P-80135;SI;WC;;;1;product;;;Producto correctamente sincronizado con WooCommerce;
WC ENLAZADO OK;NO TOCAR;-;836;1191739;P-46883;P-46883;FISPOLY40, P-46883;SI;WC;;;1;product;;;Producto correctamente sincronizado con WooCommerce;
WC ENLAZADO OK;NO TOCAR;-;837;1191740;P-40103;P-40103;FISPOLY40, P-40103;SI;WC;;;1;product;;;Producto correctamente sincronizado con WooCommerce;
WC ENLAZADO OK;NO TOCAR;-;838;1191741;P-80140;P-80140;FISPOLY40, P-80140;SI;WC;;;1;product;;;Producto correctamente sincronizado con WooCommerce;
WC ENLAZADO OK;NO TOCAR;-;839;1191742;P-80111;P-80111;FISPOLY40, P-80111;SI;WC;;;1;product;;;Producto correctamente sincronizado con WooCommerce;
WC ENLAZADO OK;NO TOCAR;-;598;1191743;P-80112;P-80112;FISPOLY40, P-80112;SI;WC;;;1;product;;;Producto correctamente sincronizado con WooCommerce;
WC ENLAZADO OK;NO TOCAR;-;600;1191744;P-80137;P-80137;FISPOLY40, P-80137;SI;WC;;;1;product;;;Producto correctamente sincronizado con WooCommerce;
WC ENLAZADO OK;NO TOCAR;-;505;1191745;P-80115;P-80115;FISPOLY40, P-80115;SI;WC;;;1;product;;;Producto correctamente sincronizado con WooCommerce;
WC ENLAZADO OK;NO TOCAR;-;601;1191746;P-50164;P-50164;FISPOLY40, P-50164;SI;WC;;;1;product;;;Producto correctamente sincronizado con WooCommerce;
WC ENLAZADO OK;NO TOCAR;-;602;1191747;P-5607;P-5607;FISPOLY40, P-5607;SI;WC;;;1;product;;;Producto correctamente sincronizado con WooCommerce;
WC ENLAZADO OK;NO TOCAR;-;841;1191748;P-10107;P-10107;FISPOLY40, P-10107;SI;WC;;;1;product;;;Producto correctamente sincronizado con WooCommerce;
WC ENLAZADO OK;NO TOCAR;-;604;1191749;P-56048;P-56048;FISPOLY40, P-56048;SI;WC;;;1;product;;;Producto correctamente sincronizado con WooCommerce;
WC ENLAZADO OK;NO TOCAR;-;842;1191750;P-50110;P-50110;FISPOLY40, P-50110;SI;WC;;;1;product;;;Producto correctamente sincronizado con WooCommerce;
WC ENLAZADO OK;NO TOCAR;-;607;1191751;P-10119;P-10119;FISPOLY40, P-10119;SI;WC;;;1;product;;;Producto correctamente sincronizado con WooCommerce;
WC ENLAZADO OK;NO TOCAR;-;843;1191752;P-50114;P-50114;FISPOLY40, P-50114;SI;WC;;;1;product;;;Producto correctamente sincronizado con WooCommerce;
WC ENLAZADO OK;NO TOCAR;-;844;1191753;P-56055;P-56055;FISPOLY40, P-56055;SI;WC;;;1;product;;;Producto correctamente sincronizado con WooCommerce;
WC ENLAZADO OK;NO TOCAR;-;845;1191754;P-50140;P-50140;FISPOLY40, P-50140;SI;WC;;;1;product;;;Producto correctamente sincronizado con WooCommerce;
WC ENLAZADO OK;NO TOCAR;-;846;1191755;P-50137;P-50137;FISPOLY40, P-50137;SI;WC;;;1;product;;;Producto correctamente sincronizado con WooCommerce;
WC ENLAZADO OK;NO TOCAR;-;609;1191756;P-50101;P-50101;FISPOLY40, P-50101;SI;WC;;;1;product;;;Producto correctamente sincronizado con WooCommerce;
WC ENLAZADO OK;NO TOCAR;-;610;1191757;P-10138;P-10138;FISPOLY40, P-10138;SI;WC;;;1;product;;;Producto correctamente sincronizado con WooCommerce;
WC ENLAZADO OK;NO TOCAR;-;847;1191758;P-56062;P-56062;FISPOLY40, P-56062;SI;WC;;;1;product;;;Producto correctamente sincronizado con WooCommerce;
WC ENLAZADO OK;NO TOCAR;-;848;1191759;P-56044;P-56044;FISPOLY40, P-56044;SI;WC;;;1;product;;;Producto correctamente sincronizado con WooCommerce;
WC ENLAZADO OK;NO TOCAR;-;612;1191760;P-50102;P-50102;FISPOLY40, P-50102;SI;WC;;;1;product;;;Producto correctamente sincronizado con WooCommerce;
WC ENLAZADO OK;NO TOCAR;-;849;1191761;P-5608;P-5608;FISPOLY40, P-5608;SI;WC;;;1;product;;;Producto correctamente sincronizado con WooCommerce;
WC ENLAZADO OK;NO TOCAR;-;850;1191762;P-50100;P-50100;FISPOLY40, P-50100;SI;WC;;;1;product;;;Producto correctamente sincronizado con WooCommerce;
WC ENLAZADO OK;NO TOCAR;-;614;1191763;P-50112;P-50112;FISPOLY40, P-50112;SI;WC;;;1;product;;;Producto correctamente sincronizado con WooCommerce;
WC ENLAZADO OK;NO TOCAR;-;851;1191764;P-50104;P-50104;FISPOLY40, P-50104;SI;WC;;;1;product;;;Producto correctamente sincronizado con WooCommerce;
WC ENLAZADO OK;NO TOCAR;-;852;1191765;P-50151;P-50151;FISPOLY40, P-50151;SI;WC;;;1;product;;;Producto correctamente sincronizado con WooCommerce;
WC ENLAZADO OK;NO TOCAR;-;615;1191766;P-50144;P-50144;FISPOLY40, P-50144;SI;WC;;;1;product;;;Producto correctamente sincronizado con WooCommerce;
WC ENLAZADO OK;NO TOCAR;-;853;1191767;P-50161;P-50161;FISPOLY40, P-50161;SI;WC;;;1;product;;;Producto correctamente sincronizado con WooCommerce;
WC ENLAZADO OK;NO TOCAR;-;982;1191768;P-50139;P-50139;FISPOLY40, P-50139;SI;WC;;;1;product;;;Producto correctamente sincronizado con WooCommerce;
WC ENLAZADO OK;NO TOCAR;-;854;1191769;P-56063;P-56063;FISPOLY40, P-56063;SI;WC;;;1;product;;;Producto correctamente sincronizado con WooCommerce;
WC ENLAZADO OK;NO TOCAR;-;616;1191770;P-50122;P-50122;FISPOLY40, P-50122;SI;WC;;;1;product;;;Producto correctamente sincronizado con WooCommerce;
WC ENLAZADO OK;NO TOCAR;-;855;1191771;P-56061;P-56061;FISPOLY40, P-56061;SI;WC;;;1;product;;;Producto correctamente sincronizado con WooCommerce;
WC ENLAZADO OK;NO TOCAR;-;617;1191772;P-20129;P-20129;FISPOLY40, P-20129;SI;WC;;;1;product;;;Producto correctamente sincronizado con WooCommerce;
WC ENLAZADO OK;NO TOCAR;-;618;1191773;P-50127;P-50127;FISPOLY40, P-50127;SI;WC;;;1;product;;;Producto correctamente sincronizado con WooCommerce;
WC ENLAZADO OK;NO TOCAR;-;856;1191774;P-50141;P-50141;FISPOLY40, P-50141;SI;WC;;;1;product;;;Producto correctamente sincronizado con WooCommerce;
WC ENLAZADO OK;NO TOCAR;-;857;1191775;P-50138;P-50138;FISPOLY40, P-50138;SI;WC;;;1;product;;;Producto correctamente sincronizado con WooCommerce;
WC ENLAZADO OK;NO TOCAR;-;619;1191776;P-50152;P-50152;FISPOLY40, P-50152;SI;WC;;;1;product;;;Producto correctamente sincronizado con WooCommerce;
WC ENLAZADO OK;NO TOCAR;-;621;1191777;P-50120;P-50120;FISPOLY40, P-50120;SI;WC;;;1;product;;;Producto correctamente sincronizado con WooCommerce;
WC ENLAZADO OK;NO TOCAR;-;623;1191778;P-56064;P-56064;FISPOLY40, P-56064;SI;WC;;;1;product;;;Producto correctamente sincronizado con WooCommerce;
WC ENLAZADO OK;NO TOCAR;-;858;1191779;P-50111;P-50111;FISPOLY40, P-50111;SI;WC;;;1;product;;;Producto correctamente sincronizado con WooCommerce;
WC ENLAZADO OK;NO TOCAR;-;624;1191780;P-50160;P-50160;FISPOLY40, P-50160;SI;WC;;;1;product;;;Producto correctamente sincronizado con WooCommerce;
WC ENLAZADO OK;NO TOCAR;-;859;1191781;P-16933;P-16933;FISPOLY40, P-16933;SI;WC;;;1;product;;;Producto correctamente sincronizado con WooCommerce;
WC ENLAZADO OK;NO TOCAR;-;860;1191782;P-50124;P-50124;FISPOLY40, P-50124;SI;WC;;;1;product;;;Producto correctamente sincronizado con WooCommerce;
WC ENLAZADO OK;NO TOCAR;-;625;1191783;P-60130;P-60130;FISPOLY40, P-60130;SI;WC;;;1;product;;;Producto correctamente sincronizado con WooCommerce;
WC ENLAZADO OK;NO TOCAR;-;861;1191784;P-50126;P-50126;FISPOLY40, P-50126;SI;WC;;;1;product;;;Producto correctamente sincronizado con WooCommerce;
WC ENLAZADO OK;NO TOCAR;-;626;1191785;P-50130;P-50130;FISPOLY40, P-50130;SI;WC;;;1;product;;;Producto correctamente sincronizado con WooCommerce;
WC ENLAZADO OK;NO TOCAR;-;627;1191786;P-60111;P-60111;FISPOLY40, P-60111;SI;WC;;;1;product;;;Producto correctamente sincronizado con WooCommerce;
WC ENLAZADO OK;NO TOCAR;-;862;1191787;P-50162;P-50162;FISPOLY40, P-50162;SI;WC;;;1;product;;;Producto correctamente sincronizado con WooCommerce;
WC ENLAZADO OK;NO TOCAR;-;629;1191788;P-50109;P-50109;FISPOLY40, P-50109;SI;WC;;;1;product;;;Producto correctamente sincronizado con WooCommerce;
WC ENLAZADO OK;NO TOCAR;-;863;1191789;P-50163;P-50163;FISPOLY40, P-50163;SI;WC;;;1;product;;;Producto correctamente sincronizado con WooCommerce;
WC ENLAZADO OK;NO TOCAR;-;864;1191790;P-10110;P-10110;FISPOLY40, P-10110;SI;WC;;;1;product;;;Producto correctamente sincronizado con WooCommerce;
WC ENLAZADO OK;NO TOCAR;-;630;1191791;P-50146;P-50146;FISPOLY40, P-50146;SI;WC;;;1;product;;;Producto correctamente sincronizado con WooCommerce;
WC ENLAZADO OK;NO TOCAR;-;865;1191792;P-60126;P-60126;FISPOLY40, P-60126;SI;WC;;;1;product;;;Producto correctamente sincronizado con WooCommerce;
WC ENLAZADO OK;NO TOCAR;-;632;1191793;P-50113;P-50113;FISPOLY40, P-50113;SI;WC;;;1;product;;;Producto correctamente sincronizado con WooCommerce;
WC ENLAZADO OK;NO TOCAR;-;866;1191794;P-60128;P-60128;FISPOLY40, P-60128;SI;WC;;;1;product;;;Producto correctamente sincronizado con WooCommerce;
WC ENLAZADO OK;NO TOCAR;-;633;1191795;P-56060;P-56060;FISPOLY40, P-56060;SI;WC;;;1;product;;;Producto correctamente sincronizado con WooCommerce;
WC ENLAZADO OK;NO TOCAR;-;867;1191796;P-50148;P-50148;FISPOLY40, P-50148;SI;WC;;;1;product;;;Producto correctamente sincronizado con WooCommerce;
WC ENLAZADO OK;NO TOCAR;-;868;1191797;P-50159;P-50159;FISPOLY40, P-50159;SI;WC;;;1;product;;;Producto correctamente sincronizado con WooCommerce;
WC ENLAZADO OK;NO TOCAR;-;869;1191798;P-50156;P-50156;FISPOLY40, P-50156;SI;WC;;;1;product;;;Producto correctamente sincronizado con WooCommerce;
WC ENLAZADO OK;NO TOCAR;-;634;1191799;P-50143;P-50143;FISPOLY40, P-50143;SI;WC;;;1;product;;;Producto correctamente sincronizado con WooCommerce;
WC ENLAZADO OK;NO TOCAR;-;870;1191800;P-50119;P-50119;FISPOLY40, P-50119;SI;WC;;;1;product;;;Producto correctamente sincronizado con WooCommerce;
WC ENLAZADO OK;NO TOCAR;-;871;1191801;P-50117;P-50117;FISPOLY40, P-50117;SI;WC;;;1;product;;;Producto correctamente sincronizado con WooCommerce;
WC ENLAZADO OK;NO TOCAR;-;872;1191802;P-50150;P-50150;FISPOLY40, P-50150;SI;WC;;;1;product;;;Producto correctamente sincronizado con WooCommerce;
WC ENLAZADO OK;NO TOCAR;-;873;1191803;P-50121;P-50121;FISPOLY40, P-50121;SI;WC;;;1;product;;;Producto correctamente sincronizado con WooCommerce;
WC ENLAZADO OK;NO TOCAR;-;874;1191804;P-20108;P-20108;FISPOLY40, P-20108;SI;WC;;;1;product;;;Producto correctamente sincronizado con WooCommerce;
WC ENLAZADO OK;NO TOCAR;-;638;1191805;P-30135;P-30135;FISPOLY40, P-30135;SI;WC;;;1;product;;;Producto correctamente sincronizado con WooCommerce;
WC ENLAZADO OK;NO TOCAR;-;875;1191806;P-50154;P-50154;FISPOLY40, P-50154;SI;WC;;;1;product;;;Producto correctamente sincronizado con WooCommerce;
WC ENLAZADO OK;NO TOCAR;-;876;1191807;P-56416;P-56416;FISPOLY40, P-56416;SI;WC;;;1;product;;;Producto correctamente sincronizado con WooCommerce;
WC ENLAZADO OK;NO TOCAR;-;877;1191808;P-66002;P-66002;FISPOLY40, P-66002;SI;WC;;;1;product;;;Producto correctamente sincronizado con WooCommerce;
WC ENLAZADO OK;NO TOCAR;-;878;1191809;P-50165;P-50165;FISPOLY40, P-50165;SI;WC;;;1;product;;;Producto correctamente sincronizado con WooCommerce;
WC ENLAZADO OK;NO TOCAR;-;641;1191810;P-50132;P-50132;FISPOLY40, P-50132;SI;WC;;;1;product;;;Producto correctamente sincronizado con WooCommerce;
WC ENLAZADO OK;NO TOCAR;-;879;1191811;P-50133;P-50133;FISPOLY40, P-50133;SI;WC;;;1;product;;;Producto correctamente sincronizado con WooCommerce;
WC ENLAZADO OK;NO TOCAR;-;880;1191812;P-50129;P-50129;FISPOLY40, P-50129;SI;WC;;;1;product;;;Producto correctamente sincronizado con WooCommerce;
WC ENLAZADO OK;NO TOCAR;-;642;1191813;P-50107;P-50107;FISPOLY40, P-50107;SI;WC;;;1;product;;;Producto correctamente sincronizado con WooCommerce;
WC ENLAZADO OK;NO TOCAR;-;881;1191814;P-5609;P-5609;FISPOLY40, P-5609;SI;WC;;;1;product;;;Producto correctamente sincronizado con WooCommerce;
WC ENLAZADO OK;NO TOCAR;-;882;1191815;P-50118;P-50118;FISPOLY40, P-50118;SI;WC;;;1;product;;;Producto correctamente sincronizado con WooCommerce;
WC ENLAZADO OK;NO TOCAR;-;883;1191816;P-50135;P-50135;FISPOLY40, P-50135;SI;WC;;;1;product;;;Producto correctamente sincronizado con WooCommerce;
WC ENLAZADO OK;NO TOCAR;-;884;1191817;P-56039;P-56039;FISPOLY40, P-56039;SI;WC;;;1;product;;;Producto correctamente sincronizado con WooCommerce;
WC ENLAZADO OK;NO TOCAR;-;885;1191818;P-50128;P-50128;FISPOLY40, P-50128;SI;WC;;;1;product;;;Producto correctamente sincronizado con WooCommerce;
WC ENLAZADO OK;NO TOCAR;-;644;1191819;P-50280;P-50280;FISPOLY40, P-50280;SI;WC;;;1;product;;;Producto correctamente sincronizado con WooCommerce;
WC ENLAZADO OK;NO TOCAR;-;645;1191820;P-36638;P-36638;FISPOLY40, P-36638;SI;WC;;;1;product;;;Producto correctamente sincronizado con WooCommerce;
WC ENLAZADO OK;NO TOCAR;-;886;1191821;P-70124;P-70124;FISPOLY40, P-70124;SI;WC;;;1;product;;;Producto correctamente sincronizado con WooCommerce;
WC ENLAZADO OK;NO TOCAR;-;887;1191822;P-70117;P-70117;FISPOLY40, P-70117;SI;WC;;;1;product;;;Producto correctamente sincronizado con WooCommerce;
WC ENLAZADO OK;NO TOCAR;-;646;1191823;P-10155;P-10155;FISPOLY40, P-10155;SI;WC;;;1;product;;;Producto correctamente sincronizado con WooCommerce;
WC ENLAZADO OK;NO TOCAR;-;888;1191824;P-70123;P-70123;FISPOLY40, P-70123;SI;WC;;;1;product;;;Producto correctamente sincronizado con WooCommerce;
WC ENLAZADO OK;NO TOCAR;-;647;1191825;P-70144;P-70144;FISPOLY40, P-70144;SI;WC;;;1;product;;;Producto correctamente sincronizado con WooCommerce;
WC ENLAZADO OK;NO TOCAR;-;648;1191826;P-80127;P-80127;FISPOLY40, P-80127;SI;WC;;;1;product;;;Producto correctamente sincronizado con WooCommerce;
WC ENLAZADO OK;NO TOCAR;-;889;1191827;P-70133;P-70133;FISPOLY40, P-70133;SI;WC;;;1;product;;;Producto correctamente sincronizado con WooCommerce;
WC ENLAZADO OK;NO TOCAR;-;890;1191828;P-70150;P-70150;FISPOLY40, P-70150;SI;WC;;;1;product;;;Producto correctamente sincronizado con WooCommerce;
WC ENLAZADO OK;NO TOCAR;-;649;1191829;P-36633;P-36633;FISPOLY40, P-36633;SI;WC;;;1;product;;;Producto correctamente sincronizado con WooCommerce;
WC ENLAZADO OK;NO TOCAR;-;891;1191830;P-36642;P-36642;FISPOLY40, P-36642;SI;WC;;;1;product;;;Producto correctamente sincronizado con WooCommerce;
WC ENLAZADO OK;NO TOCAR;-;650;1191831;P-70115;P-70115;FISPOLY40, P-70115;SI;WC;;;1;product;;;Producto correctamente sincronizado con WooCommerce;
WC ENLAZADO OK;NO TOCAR;-;892;1191832;P-36637;P-36637;FISPOLY40, P-36637;SI;WC;;;1;product;;;Producto correctamente sincronizado con WooCommerce;
WC ENLAZADO OK;NO TOCAR;-;893;1191833;P-36648;P-36648;FISPOLY40, P-36648;SI;WC;;;1;product;;;Producto correctamente sincronizado con WooCommerce;
WC ENLAZADO OK;NO TOCAR;-;653;1191834;P-36631;P-36631;FISPOLY40, P-36631;SI;WC;;;1;product;;;Producto correctamente sincronizado con WooCommerce;
WC ENLAZADO OK;NO TOCAR;-;894;1191835;P-70143;P-70143;FISPOLY40, P-70143;SI;WC;;;1;product;;;Producto correctamente sincronizado con WooCommerce;
WC ENLAZADO OK;NO TOCAR;-;895;1191836;P-70108;P-70108;FISPOLY40, P-70108;SI;WC;;;1;product;;;Producto correctamente sincronizado con WooCommerce;
WC ENLAZADO OK;NO TOCAR;-;896;1191837;P-80123;P-80123;FISPOLY40, P-80123;SI;WC;;;1;product;;;Producto correctamente sincronizado con WooCommerce;
WC ENLAZADO OK;NO TOCAR;-;897;1191838;P-36635;P-36635;FISPOLY40, P-36635;SI;WC;;;1;product;;;Producto correctamente sincronizado con WooCommerce;
WC ENLAZADO OK;NO TOCAR;-;898;1191839;P-70125;P-70125;FISPOLY40, P-70125;SI;WC;;;1;product;;;Producto correctamente sincronizado con WooCommerce;
WC ENLAZADO OK;NO TOCAR;-;899;1191840;P-70106;P-70106;FISPOLY40, P-70106;SI;WC;;;1;product;;;Producto correctamente sincronizado con WooCommerce;
WC ENLAZADO OK;NO TOCAR;-;656;1191841;P-36649;P-36649;FISPOLY40, P-36649;SI;WC;;;1;product;;;Producto correctamente sincronizado con WooCommerce;
WC ENLAZADO OK;NO TOCAR;-;900;1191842;P-46602;P-46602;FISPOLY40, P-46602;SI;WC;;;1;product;;;Producto correctamente sincronizado con WooCommerce;
WC ENLAZADO OK;NO TOCAR;-;901;1191843;P-36647;P-36647;FISPOLY40, P-36647;SI;WC;;;1;product;;;Producto correctamente sincronizado con WooCommerce;
WC ENLAZADO OK;NO TOCAR;-;659;1191844;P-80126;P-80126;FISPOLY40, P-80126;SI;WC;;;1;product;;;Producto correctamente sincronizado con WooCommerce;
WC ENLAZADO OK;NO TOCAR;-;902;1191845;P-70131;P-70131;FISPOLY40, P-70131;SI;WC;;;1;product;;;Producto correctamente sincronizado con WooCommerce;
WC ENLAZADO OK;NO TOCAR;-;903;1191846;P-70127;P-70127;FISPOLY40, P-70127;SI;WC;;;1;product;;;Producto correctamente sincronizado con WooCommerce;
WC ENLAZADO OK;NO TOCAR;-;904;1191847;P-70111;P-70111;FISPOLY40, P-70111;SI;WC;;;1;product;;;Producto correctamente sincronizado con WooCommerce;
WC ENLAZADO OK;NO TOCAR;-;660;1191848;P-70128;P-70128;FISPOLY40, P-70128;SI;WC;;;1;product;;;Producto correctamente sincronizado con WooCommerce;
WC ENLAZADO OK;NO TOCAR;-;905;1191849;P-80125;P-80125;FISPOLY40, P-80125;SI;WC;;;1;product;;;Producto correctamente sincronizado con WooCommerce;
WC ENLAZADO OK;NO TOCAR;-;906;1191850;P-3666;P-3666;FISPOLY40, P-3666;SI;WC;;;1;product;;;Producto correctamente sincronizado con WooCommerce;
WC ENLAZADO OK;NO TOCAR;-;661;1191851;P-70139;P-70139;FISPOLY40, P-70139;SI;WC;;;1;product;;;Producto correctamente sincronizado con WooCommerce;
WC ENLAZADO OK;NO TOCAR;-;3516;1191852;P-70109;P-70109;FISPOLY40, P-70109;SI;WC;;;1;product;;;Producto correctamente sincronizado con WooCommerce;
WC ENLAZADO OK;NO TOCAR;-;908;1191853;P-46601;P-46601;FISPOLY40, P-46601;SI;WC;;;1;product;;;Producto correctamente sincronizado con WooCommerce;
WC ENLAZADO OK;NO TOCAR;-;662;1191854;P-70151;P-70151;FISPOLY40, P-70151;SI;WC;;;1;product;;;Producto correctamente sincronizado con WooCommerce;
WC ENLAZADO OK;NO TOCAR;-;909;1191855;P-70130;P-70130;FISPOLY40, P-70130;SI;WC;;;1;product;;;Producto correctamente sincronizado con WooCommerce;
WC ENLAZADO OK;NO TOCAR;-;910;1191856;P-70145;P-70145;FISPOLY40, P-70145;SI;WC;;;1;product;;;Producto correctamente sincronizado con WooCommerce;
WC ENLAZADO OK;NO TOCAR;-;911;1191857;P-70121;P-70121;FISPOLY40, P-70121;SI;WC;;;1;product;;;Producto correctamente sincronizado con WooCommerce;
WC ENLAZADO OK;NO TOCAR;-;912;1191858;P-70149;P-70149;FISPOLY40, P-70149;SI;WC;;;1;product;;;Producto correctamente sincronizado con WooCommerce;
WC ENLAZADO OK;NO TOCAR;-;664;1191859;P-70137;P-70137;FISPOLY40, P-70137;SI;WC;;;1;product;;;Producto correctamente sincronizado con WooCommerce;
WC ENLAZADO OK;NO TOCAR;-;913;1191860;P-70129;P-70129;FISPOLY40, P-70129;SI;WC;;;1;product;;;Producto correctamente sincronizado con WooCommerce;
WC ENLAZADO OK;NO TOCAR;-;914;1191861;P-80124;P-80124;FISPOLY40, P-80124;SI;WC;;;1;product;;;Producto correctamente sincronizado con WooCommerce;
WC ENLAZADO OK;NO TOCAR;-;915;1191862;P-70103;P-70103;FISPOLY40, P-70103;SI;WC;;;1;product;;;Producto correctamente sincronizado con WooCommerce;
WC ENLAZADO OK;NO TOCAR;-;666;1191863;P-70161;P-70161;FISPOLY40, P-70161;SI;WC;;;1;product;;;Producto correctamente sincronizado con WooCommerce;
WC ENLAZADO OK;NO TOCAR;-;916;1191864;P-70122;P-70122;FISPOLY40, P-70122;SI;WC;;;1;product;;;Producto correctamente sincronizado con WooCommerce;
WC ENLAZADO OK;NO TOCAR;-;667;1191865;P-70135;P-70135;FISPOLY40, P-70135;SI;WC;;;1;product;;;Producto correctamente sincronizado con WooCommerce;
WC ENLAZADO OK;NO TOCAR;-;669;1191866;P-70116;P-70116;FISPOLY40, P-70116;SI;WC;;;1;product;;;Producto correctamente sincronizado con WooCommerce;
WC ENLAZADO OK;NO TOCAR;-;917;1191867;P-70138;P-70138;FISPOLY40, P-70138;SI;WC;;;1;product;;;Producto correctamente sincronizado con WooCommerce;
WC ENLAZADO OK;NO TOCAR;-;918;1191868;P-36639;P-36639;FISPOLY40, P-36639;SI;WC;;;1;product;;;Producto correctamente sincronizado con WooCommerce;
WC ENLAZADO OK;NO TOCAR;-;671;1191869;P-70152;P-70152;FISPOLY40, P-70152;SI;WC;;;1;product;;;Producto correctamente sincronizado con WooCommerce;
WC ENLAZADO OK;NO TOCAR;-;919;1191870;P-70114;P-70114;FISPOLY40, P-70114;SI;WC;;;1;product;;;Producto correctamente sincronizado con WooCommerce;
WC ENLAZADO OK;NO TOCAR;-;920;1191871;P-70118;P-70118;FISPOLY40, P-70118;SI;WC;;;1;product;;;Producto correctamente sincronizado con WooCommerce;
WC ENLAZADO OK;NO TOCAR;-;921;1191872;P-36646;P-36646;FISPOLY40, P-36646;SI;WC;;;1;product;;;Producto correctamente sincronizado con WooCommerce;
WC ENLAZADO OK;NO TOCAR;-;922;1191873;P-46603;P-46603;FISPOLY40, P-46603;SI;WC;;;1;product;;;Producto correctamente sincronizado con WooCommerce;
WC ENLAZADO OK;NO TOCAR;-;923;1191874;P-10112;P-10112;FISPOLY40, P-10112;SI;WC;;;1;product;;;Producto correctamente sincronizado con WooCommerce;
WC ENLAZADO OK;NO TOCAR;-;673;1191875;P-10115;P-10115;FISPOLY40, P-10115;SI;WC;;;1;product;;;Producto correctamente sincronizado con WooCommerce;
WC ENLAZADO OK;NO TOCAR;-;924;1191876;P-60104;P-60104;FISPOLY40, P-60104;SI;WC;;;1;product;;;Producto correctamente sincronizado con WooCommerce;
WC ENLAZADO OK;NO TOCAR;-;674;1191877;P-60116;P-60116;FISPOLY40, P-60116;SI;WC;;;1;product;;;Producto correctamente sincronizado con WooCommerce;
WC ENLAZADO OK;NO TOCAR;-;925;1191878;P-60118;P-60118;FISPOLY40, P-60118;SI;WC;;;1;product;;;Producto correctamente sincronizado con WooCommerce;
WC ENLAZADO OK;NO TOCAR;-;675;1191879;P-60121;P-60121;FISPOLY40, P-60121;SI;WC;;;1;product;;;Producto correctamente sincronizado con WooCommerce;
WC ENLAZADO OK;NO TOCAR;-;926;1191880;P-40129;P-40129;FISPOLY40, P-40129;SI;WC;;;1;product;;;Producto correctamente sincronizado con WooCommerce;
WC ENLAZADO OK;NO TOCAR;-;927;1191881;P-60122;P-60122;FISPOLY40, P-60122;SI;WC;;;1;product;;;Producto correctamente sincronizado con WooCommerce;
WC ENLAZADO OK;NO TOCAR;-;676;1191882;P-16931;P-16931;FISPOLY40, P-16931;SI;WC;;;1;product;;;Producto correctamente sincronizado con WooCommerce;
WC ENLAZADO OK;NO TOCAR;-;928;1191883;P-60134;P-60134;FISPOLY40, P-60134;SI;WC;;;1;product;;;Producto correctamente sincronizado con WooCommerce;
WC ENLAZADO OK;NO TOCAR;-;677;1191884;P-46900;P-46900;FISPOLY40, P-46900;SI;WC;;;1;product;;;Producto correctamente sincronizado con WooCommerce;
WC ENLAZADO OK;NO TOCAR;-;678;1191885;P-60113;P-60113;FISPOLY40, P-60113;SI;WC;;;1;product;;;Producto correctamente sincronizado con WooCommerce;
WC ENLAZADO OK;NO TOCAR;-;929;1191886;P-46902;P-46902;FISPOLY40, P-46902;SI;WC;;;1;product;;;Producto correctamente sincronizado con WooCommerce;
WC ENLAZADO OK;NO TOCAR;-;679;1191887;P-46901;P-46901;FISPOLY40, P-46901;SI;WC;;;1;product;;;Producto correctamente sincronizado con WooCommerce;
WC ENLAZADO OK;NO TOCAR;-;930;1191888;P-60107;P-60107;FISPOLY40, P-60107;SI;WC;;;1;product;;;Producto correctamente sincronizado con WooCommerce;
WC ENLAZADO OK;NO TOCAR;-;931;1191889;P-60114;P-60114;FISPOLY40, P-60114;SI;WC;;;1;product;;;Producto correctamente sincronizado con WooCommerce;
WC ENLAZADO OK;NO TOCAR;-;680;1191890;P-60123;P-60123;FISPOLY40, P-60123;SI;WC;;;1;product;;;Producto correctamente sincronizado con WooCommerce;
WC ENLAZADO OK;NO TOCAR;-;932;1191891;P-60124;P-60124;FISPOLY40, P-60124;SI;WC;;;1;product;;;Producto correctamente sincronizado con WooCommerce;
WC ENLAZADO OK;NO TOCAR;-;681;1191892;P-60133;P-60133;FISPOLY40, P-60133;SI;WC;;;1;product;;;Producto correctamente sincronizado con WooCommerce;
WC ENLAZADO OK;NO TOCAR;-;933;1191893;P-60115;P-60115;FISPOLY40, P-60115;SI;WC;;;1;product;;;Producto correctamente sincronizado con WooCommerce;
WC ENLAZADO OK;NO TOCAR;-;682;1191894;P-60129;P-60129;FISPOLY40, P-60129;SI;WC;;;1;product;;;Producto correctamente sincronizado con WooCommerce;
WC ENLAZADO OK;NO TOCAR;-;934;1191895;P-60136;P-60136;FISPOLY40, P-60136;SI;WC;;;1;product;;;Producto correctamente sincronizado con WooCommerce;
WC ENLAZADO OK;NO TOCAR;-;683;1191896;P-60110;P-60110;FISPOLY40, P-60110;SI;WC;;;1;product;;;Producto correctamente sincronizado con WooCommerce;
WC ENLAZADO OK;NO TOCAR;-;684;1191897;P-50147;P-50147;FISPOLY40, P-50147;SI;WC;;;1;product;;;Producto correctamente sincronizado con WooCommerce;
WC ENLAZADO OK;NO TOCAR;-;935;1191898;P-50125;P-50125;FISPOLY40, P-50125;SI;WC;;;1;product;;;Producto correctamente sincronizado con WooCommerce;
WC ENLAZADO OK;NO TOCAR;-;936;1191899;P-60131;P-60131;FISPOLY40, P-60131;SI;WC;;;1;product;;;Producto correctamente sincronizado con WooCommerce;
WC ENLAZADO OK;NO TOCAR;-;937;1191900;P-60108;P-60108;FISPOLY40, P-60108;SI;WC;;;1;product;;;Producto correctamente sincronizado con WooCommerce;
WC ENLAZADO OK;NO TOCAR;-;685;1191901;P-60119;P-60119;FISPOLY40, P-60119;SI;WC;;;1;product;;;Producto correctamente sincronizado con WooCommerce;
WC ENLAZADO OK;NO TOCAR;-;938;1191902;P-60103;P-60103;FISPOLY40, P-60103;SI;WC;;;1;product;;;Producto correctamente sincronizado con WooCommerce;
WC ENLAZADO OK;NO TOCAR;-;686;1191903;P-60132;P-60132;FISPOLY40, P-60132;SI;WC;;;1;product;;;Producto correctamente sincronizado con WooCommerce;
WC ENLAZADO OK;NO TOCAR;-;939;1191904;P-80128;P-80128;FISPOLY40, P-80128;SI;WC;;;1;product;;;Producto correctamente sincronizado con WooCommerce;
WC ENLAZADO OK;NO TOCAR;-;940;1191905;P-70110;P-70110;FISPOLY40, P-70110;SI;WC;;;1;product;;;Producto correctamente sincronizado con WooCommerce;
WC ENLAZADO OK;NO TOCAR;-;941;1191906;P-80110;P-80110;FISPOLY40, P-80110;SI;WC;;;1;product;;;Producto correctamente sincronizado con WooCommerce;
WC ENLAZADO OK;NO TOCAR;-;942;1191907;P-70141;P-70141;FISPOLY40, P-70141;SI;WC;;;1;product;;;Producto correctamente sincronizado con WooCommerce;
WC ENLAZADO OK;NO TOCAR;-;943;1191908;P-80122;P-80122;FISPOLY40, P-80122;SI;WC;;;1;product;;;Producto correctamente sincronizado con WooCommerce;
WC ENLAZADO OK;NO TOCAR;-;944;1191909;P-46862;P-46862;FISPOLY40, P-46862;SI;WC;;;1;product;;;Producto correctamente sincronizado con WooCommerce;
WC ENLAZADO OK;NO TOCAR;-;945;1191910;P-46892;P-46892;FISPOLY40, P-46892;SI;WC;;;1;product;;;Producto correctamente sincronizado con WooCommerce;
WC ENLAZADO OK;NO TOCAR;-;946;1191911;P-46881;P-46881;FISPOLY40, P-46881;SI;WC;;;1;product;;;Producto correctamente sincronizado con WooCommerce;
WC ENLAZADO OK;NO TOCAR;-;947;1191912;P-70112;P-70112;FISPOLY40, P-70112;SI;WC;;;1;product;;;Producto correctamente sincronizado con WooCommerce;
WC ENLAZADO OK;NO TOCAR;-;690;1191913;P-80144;P-80144;FISPOLY40, P-80144;SI;WC;;;1;product;;;Producto correctamente sincronizado con WooCommerce;
WC ENLAZADO OK;NO TOCAR;-;948;1191914;P-46893;P-46893;FISPOLY40, P-46893;SI;WC;;;1;product;;;Producto correctamente sincronizado con WooCommerce;
WC ENLAZADO OK;NO TOCAR;-;949;1191915;P-80102;P-80102;FISPOLY40, P-80102;SI;WC;;;1;product;;;Producto correctamente sincronizado con WooCommerce;
WC ENLAZADO OK;NO TOCAR;-;950;1191916;P-80104;P-80104;FISPOLY40, P-80104;SI;WC;;;1;product;;;Producto correctamente sincronizado con WooCommerce;
WC ENLAZADO OK;NO TOCAR;-;951;1191917;P-80142;P-80142;FISPOLY40, P-80142;SI;WC;;;1;product;;;Producto correctamente sincronizado con WooCommerce;
WC ENLAZADO OK;NO TOCAR;-;693;1191918;P-70119;P-70119;FISPOLY40, P-70119;SI;WC;;;1;product;;;Producto correctamente sincronizado con WooCommerce;
WC ENLAZADO OK;NO TOCAR;-;952;1191919;P-60102;P-60102;FISPOLY40, P-60102;SI;WC;;;1;product;;;Producto correctamente sincronizado con WooCommerce;
WC ENLAZADO OK;NO TOCAR;-;695;1191920;P-46868;P-46868;FISPOLY40, P-46868;SI;WC;;;1;product;;;Producto correctamente sincronizado con WooCommerce;
WC ENLAZADO OK;NO TOCAR;-;953;1191921;P-46889;P-46889;FISPOLY40, P-46889;SI;WC;;;1;product;;;Producto correctamente sincronizado con WooCommerce;
WC ENLAZADO OK;NO TOCAR;-;698;1191922;P-40108;P-40108;FISPOLY40, P-40108;SI;WC;;;1;product;;;Producto correctamente sincronizado con WooCommerce;
WC ENLAZADO OK;NO TOCAR;-;954;1191923;P-40101;P-40101;FISPOLY40, P-40101;SI;WC;;;1;product;;;Producto correctamente sincronizado con WooCommerce;
WC ENLAZADO OK;NO TOCAR;-;955;1191924;P-40105;P-40105;FISPOLY40, P-40105;SI;WC;;;1;product;;;Producto correctamente sincronizado con WooCommerce;
WC ENLAZADO OK;NO TOCAR;-;956;1191925;P-40100;P-40100;FISPOLY40, P-40100;SI;WC;;;1;product;;;Producto correctamente sincronizado con WooCommerce;
WC ENLAZADO OK;NO TOCAR;-;700;1191926;P-40128;P-40128;FISPOLY40, P-40128;SI;WC;;;1;product;;;Producto correctamente sincronizado con WooCommerce;
WC ENLAZADO OK;NO TOCAR;-;957;1191927;P-80109;P-80109;FISPOLY40, P-80109;SI;WC;;;1;product;;;Producto correctamente sincronizado con WooCommerce;
WC ENLAZADO OK;NO TOCAR;-;958;1191928;P-40127;P-40127;FISPOLY40, P-40127;SI;WC;;;1;product;;;Producto correctamente sincronizado con WooCommerce;
WC ENLAZADO OK;NO TOCAR;-;959;1191929;P-40113;P-40113;FISPOLY40, P-40113;SI;WC;;;1;product;;;Producto correctamente sincronizado con WooCommerce;
WC ENLAZADO OK;NO TOCAR;-;960;1191930;P-80145;P-80145;FISPOLY40, P-80145;SI;WC;;;1;product;;;Producto correctamente sincronizado con WooCommerce;
WC ENLAZADO OK;NO TOCAR;-;961;1191931;P-80119;P-80119;FISPOLY40, P-80119;SI;WC;;;1;product;;;Producto correctamente sincronizado con WooCommerce;
WC ENLAZADO OK;NO TOCAR;-;701;1191932;P-46888;P-46888;FISPOLY40, P-46888;SI;WC;;;1;product;;;Producto correctamente sincronizado con WooCommerce;
WC ENLAZADO OK;NO TOCAR;-;983;1191933;P-80129;P-80129;FISPOLY40, P-80129;SI;WC;;;1;product;;;Producto correctamente sincronizado con WooCommerce;
WC ENLAZADO OK;NO TOCAR;-;702;1191934;P-90103;P-90103;FISPOLY40, P-90103;SI;WC;;;1;product;;;Producto correctamente sincronizado con WooCommerce;
WC ENLAZADO OK;NO TOCAR;-;962;1191935;P-60137;P-60137;FISPOLY40, P-60137;SI;WC;;;1;product;;;Producto correctamente sincronizado con WooCommerce;
WC ENLAZADO OK;NO TOCAR;-;963;1191936;P-60112;P-60112;FISPOLY40, P-60112;SI;WC;;;1;product;;;Producto correctamente sincronizado con WooCommerce;
WC ENLAZADO OK;NO TOCAR;-;706;1191937;P-90100;P-90100;FISPOLY40, P-90100;SI;WC;;;1;product;;;Producto correctamente sincronizado con WooCommerce;
WC ENLAZADO OK;NO TOCAR;-;707;1191938;P-40132;P-40132;FISPOLY40, P-40132;SI;WC;;;1;product;;;Producto correctamente sincronizado con WooCommerce;
WC ENLAZADO OK;NO TOCAR;-;964;1191939;P-80130;P-80130;FISPOLY40, P-80130;SI;WC;;;1;product;;;Producto correctamente sincronizado con WooCommerce;
WC ENLAZADO OK;NO TOCAR;-;965;1191940;P-60139;P-60139;FISPOLY40, P-60139;SI;WC;;;1;product;;;Producto correctamente sincronizado con WooCommerce;
WC ENLAZADO OK;NO TOCAR;-;709;1191941;P-60127;P-60127;FISPOLY40, P-60127;SI;WC;;;1;product;;;Producto correctamente sincronizado con WooCommerce;
WC ENLAZADO OK;NO TOCAR;-;966;1191942;P-80131;P-80131;FISPOLY40, P-80131;SI;WC;;;1;product;;;Producto correctamente sincronizado con WooCommerce;
WC ENLAZADO OK;NO TOCAR;-;710;1191943;P-60135;P-60135;FISPOLY40, P-60135;SI;WC;;;1;product;;;Producto correctamente sincronizado con WooCommerce;
WC ENLAZADO OK;NO TOCAR;-;967;1191944;P-90105;P-90105;FISPOLY40, P-90105;SI;WC;;;1;product;;;Producto correctamente sincronizado con WooCommerce;
WC ENLAZADO OK;NO TOCAR;-;711;1191945;P-10250;P-10250;FISPOLY40, P-10250;SI;WC;;;1;product;;;Producto correctamente sincronizado con WooCommerce;
WC ENLAZADO OK;NO TOCAR;-;714;1191946;P-20149;P-20149;FISPOLY40, P-20149;SI;WC;;;1;product;;;Producto correctamente sincronizado con WooCommerce;
WC ENLAZADO OK;NO TOCAR;-;716;1191947;P-20147;P-20147;FISPOLY40, P-20147;SI;WC;;;1;product;;;Producto correctamente sincronizado con WooCommerce;
WC ENLAZADO OK;NO TOCAR;-;3525;1191986;;;DESCARGAS;SI;WC;;;1;product;;;Producto correctamente sincronizado con WooCommerce;
WC ENLAZADO OK;NO TOCAR;-;3138;1192058;ENTADHESIVA50;ENTADHESIVA50;ENTRETELA ADHESIVA LTB;SI;WC;;;1;product;;;Producto correctamente sincronizado con WooCommerce;
WC ENLAZADO OK;NO TOCAR;-;3272;1192129;LED 98TD;LED 98TD;FLEXO LED ARTICULADO;SI;WC;;;1;consu;;;Producto correctamente sincronizado con WooCommerce;
WC ENLAZADO OK;NO TOCAR;-;3273;1192132;LED 98 TSD;LED 98 TSD;FLEXO LED ARTICULADO FLEXIBLE;SI;WC;;;1;consu;;;Producto correctamente sincronizado con WooCommerce;
WC ENLAZADO OK;NO TOCAR;-;3274;1192134;AOM-30;AOM-30;FLEXO PEQUEÑO LED FLEXIBLE;SI;WC;;;1;consu;;;Producto correctamente sincronizado con WooCommerce;
WC ENLAZADO OK;NO TOCAR;-;3275;1192137;H-30 UV+WHITE;H-30 UV+WHITE;FLEXO LED FLEXIBLE ULTRAVIOLETA;SI;WC;;;1;consu;;;Producto correctamente sincronizado con WooCommerce;
WC ENLAZADO OK;NO TOCAR;-;3524;1192148;LTB-1528;LTB-1528;COLOR 1528;SI;WC;;;1;product;;;Producto correctamente sincronizado con WooCommerce;
WC ENLAZADO OK;NO TOCAR;-;3523;1192152;LTB-1538;LTB-1538;COLOR 1538;SI;WC;;;1;product;;;Producto correctamente sincronizado con WooCommerce;
WC ENLAZADO OK;NO TOCAR;-;3522;1192153;LTB-1611;LTB-1611;COLOR 1611;SI;WC;;;1;product;;;Producto correctamente sincronizado con WooCommerce;
WC ENLAZADO OK;NO TOCAR;-;3521;1192154;LTB-1614;LTB-1614;COLOR 1614;SI;WC;;;1;product;;;Producto correctamente sincronizado con WooCommerce;
WC ENLAZADO OK;NO TOCAR;-;3520;1192155;LTB-1615;LTB-1615;COLOR 1615;SI;WC;;;1;product;;;Producto correctamente sincronizado con WooCommerce;
WC ENLAZADO OK;NO TOCAR;-;3519;1192156;LTB-1616;LTB-1616;COLOR 1616;SI;WC;;;1;product;;;Producto correctamente sincronizado con WooCommerce;
WC ENLAZADO OK;NO TOCAR;-;3518;1192157;LTB-1619;LTB-1619;COLOR 1619;SI;WC;;;1;product;;;Producto correctamente sincronizado con WooCommerce;
WC ENLAZADO OK;NO TOCAR;-;3517;1192158;LTB-1631;LTB-1631;COLOR 1631;SI;WC;;;1;product;;;Producto correctamente sincronizado con WooCommerce;
WC ENLAZADO OK;NO TOCAR;-;3554;1192159;LTB-1637;LTB-1637;COLOR 1637;SI;WC;;;1;product;;;Producto correctamente sincronizado con WooCommerce;
WC ENLAZADO OK;NO TOCAR;-;3555;1192160;LTB-1645;LTB-1645;COLOR 1645;SI;WC;;;1;product;;;Producto correctamente sincronizado con WooCommerce;
WC ENLAZADO OK;NO TOCAR;-;3553;1192161;LTB-1657;LTB-1657;COLOR 1657;SI;WC;;;1;product;;;Producto correctamente sincronizado con WooCommerce;
WC ENLAZADO OK;NO TOCAR;-;3552;1192162;LTB-1659;LTB-1659;COLOR 1659;SI;WC;;;1;product;;;Producto correctamente sincronizado con WooCommerce;
WC ENLAZADO OK;NO TOCAR;-;3551;1192163;LTB-1670;LTB-1670;COLOR 1670;SI;WC;;;1;product;;;Producto correctamente sincronizado con WooCommerce;
WC ENLAZADO OK;NO TOCAR;-;3550;1192164;LTB-1678;LTB-1678;COLOR 1678;SI;WC;;;1;product;;;Producto correctamente sincronizado con WooCommerce;
WC ENLAZADO OK;NO TOCAR;-;3549;1192165;LTB-1703;LTB-1703;COLOR 1703;SI;WC;;;1;product;;;Producto correctamente sincronizado con WooCommerce;
WC ENLAZADO OK;NO TOCAR;-;3548;1192166;LTB-1704;LTB-1704;COLOR 1704;SI;WC;;;1;product;;;Producto correctamente sincronizado con WooCommerce;
WC ENLAZADO OK;NO TOCAR;-;3547;1192167;LTB-1706;LTB-1706;COLOR 1706;SI;WC;;;1;product;;;Producto correctamente sincronizado con WooCommerce;
WC ENLAZADO OK;NO TOCAR;-;3546;1192168;LTB-1709;LTB-1709;COLOR 1709;SI;WC;;;1;product;;;Producto correctamente sincronizado con WooCommerce;
WC ENLAZADO OK;NO TOCAR;-;3544;1192169;LTB-1725;LTB-1725;COLOR 1725;SI;WC;;;1;product;;;Producto correctamente sincronizado con WooCommerce;
WC ENLAZADO OK;NO TOCAR;-;3545;1192170;LTB-1726;LTB-1726;COLOR 1726;SI;WC;;;1;product;;;Producto correctamente sincronizado con WooCommerce;
WC ENLAZADO OK;NO TOCAR;-;3542;1192171;LTB-1729;LTB-1729;COLOR 1729;SI;WC;;;1;product;;;Producto correctamente sincronizado con WooCommerce;
WC ENLAZADO OK;NO TOCAR;-;3543;1192172;LTB-1751;LTB-1751;COLOR 1751;SI;WC;;;1;product;;;Producto correctamente sincronizado con WooCommerce;
WC ENLAZADO OK;NO TOCAR;-;3541;1192173;LTB-1753;LTB-1753;COLOR 1753;SI;WC;;;1;product;;;Producto correctamente sincronizado con WooCommerce;
WC ENLAZADO OK;NO TOCAR;-;3540;1192174;LTB-1760;LTB-1760;COLOR 1760;SI;WC;;;1;product;;;Producto correctamente sincronizado con WooCommerce;
WC ENLAZADO OK;NO TOCAR;-;3539;1192175;LTB-1763;LTB-1763;COLOR 1763;SI;WC;;;1;product;;;Producto correctamente sincronizado con WooCommerce;
WC ENLAZADO OK;NO TOCAR;-;3538;1192176;LTB-1769;LTB-1769;COLOR 1769;SI;WC;;;1;product;;;Producto correctamente sincronizado con WooCommerce;
WC ENLAZADO OK;NO TOCAR;-;3537;1192177;LTB-1771;LTB-1771;COLOR 1771;SI;WC;;;1;product;;;Producto correctamente sincronizado con WooCommerce;
WC ENLAZADO OK;NO TOCAR;-;3536;1192178;LTB-1775;LTB-1775;COLOR 1775;SI;WC;;;1;product;;;Producto correctamente sincronizado con WooCommerce;
WC ENLAZADO OK;NO TOCAR;-;3535;1192179;LTB-1776;LTB-1776;COLOR 1776;SI;WC;;;1;product;;;Producto correctamente sincronizado con WooCommerce;
WC ENLAZADO OK;NO TOCAR;-;3534;1192180;LTB-1778;LTB-1778;COLOR 1778;SI;WC;;;1;product;;;Producto correctamente sincronizado con WooCommerce;
WC ENLAZADO OK;NO TOCAR;-;3533;1192181;LTB-1784;LTB-1784;COLOR 1784;SI;WC;;;1;product;;;Producto correctamente sincronizado con WooCommerce;
WC ENLAZADO OK;NO TOCAR;-;3532;1192182;LTB-1790;LTB-1790;COLOR 1790;SI;WC;;;1;product;;;Producto correctamente sincronizado con WooCommerce;
WC ENLAZADO OK;NO TOCAR;-;3530;1192183;LTB-1797;LTB-1797;COLOR 1797;SI;WC;;;1;product;;;Producto correctamente sincronizado con WooCommerce;
WC ENLAZADO OK;NO TOCAR;-;3531;1192184;LTB-1799;LTB-1799;COLOR 1799;SI;WC;;;1;product;;;Producto correctamente sincronizado con WooCommerce;
WC ENLAZADO OK;NO TOCAR;-;3528;1192185;LTB-1811;LTB-1811;COLOR 1811;SI;WC;;;1;product;;;Producto correctamente sincronizado con WooCommerce;
WC ENLAZADO OK;NO TOCAR;-;3529;1192186;LTB-1816;LTB-1816;COLOR 1816;SI;WC;;;1;product;;;Producto correctamente sincronizado con WooCommerce;
WC ENLAZADO OK;NO TOCAR;-;3526;1192187;LTB-1828;LTB-1828;COLOR 1828;SI;WC;;;1;product;;;Producto correctamente sincronizado con WooCommerce;
WC ENLAZADO OK;NO TOCAR;-;3527;1192188;LTB-1841;LTB-1841;COLOR 1841;SI;WC;;;1;product;;;Producto correctamente sincronizado con WooCommerce;
WC ENLAZADO OK;NO TOCAR;-;3583;1192189;LTB-1842;LTB-1842;COLOR 1842;SI;WC;;;1;product;;;Producto correctamente sincronizado con WooCommerce;
WC ENLAZADO OK;NO TOCAR;-;3582;1192190;LTB-1843;LTB-1843;COLOR 1843;SI;WC;;;1;product;;;Producto correctamente sincronizado con WooCommerce;
WC ENLAZADO OK;NO TOCAR;-;3581;1192191;LTB-1848;LTB-1848;COLOR 1848;SI;WC;;;1;product;;;Producto correctamente sincronizado con WooCommerce;
WC ENLAZADO OK;NO TOCAR;-;3580;1192192;LTB-1851;LTB-1851;COLOR 1851;SI;WC;;;1;product;;;Producto correctamente sincronizado con WooCommerce;
WC ENLAZADO OK;NO TOCAR;-;3579;1192193;LTB-1855;LTB-1855;COLOR 1855;SI;WC;;;1;product;;;Producto correctamente sincronizado con WooCommerce;
WC ENLAZADO OK;NO TOCAR;-;3578;1192194;LTB-1866;LTB-1866;COLOR 1866;SI;WC;;;1;product;;;Producto correctamente sincronizado con WooCommerce;
WC ENLAZADO OK;NO TOCAR;-;3577;1192195;LTB-1874;LTB-1874;COLOR 1874;SI;WC;;;1;product;;;Producto correctamente sincronizado con WooCommerce;
WC ENLAZADO OK;NO TOCAR;-;3576;1192196;LTB-1878;LTB-1878;COLOR 1878;SI;WC;;;1;product;;;Producto correctamente sincronizado con WooCommerce;
WC ENLAZADO OK;NO TOCAR;-;3575;1192197;LTB-1880;LTB-1880;COLOR 1880;SI;WC;;;1;product;;;Producto correctamente sincronizado con WooCommerce;
WC ENLAZADO OK;NO TOCAR;-;3574;1192198;LTB-1890;LTB-1890;COLOR 1890;SI;WC;;;1;product;;;Producto correctamente sincronizado con WooCommerce;
WC ENLAZADO OK;NO TOCAR;-;3573;1192199;LTB-1893;LTB-1893;COLOR 1893;SI;WC;;;1;product;;;Producto correctamente sincronizado con WooCommerce;
WC ENLAZADO OK;NO TOCAR;-;3572;1192200;LTB-1895;LTB-1895;COLOR 1895;SI;WC;;;1;product;;;Producto correctamente sincronizado con WooCommerce;
WC ENLAZADO OK;NO TOCAR;-;3571;1192201;LTB-1918;LTB-1918;COLOR 1918;SI;WC;;;1;product;;;Producto correctamente sincronizado con WooCommerce;
WC ENLAZADO OK;NO TOCAR;-;3570;1192202;LTB-1922;LTB-1922;COLOR 1922;SI;WC;;;1;product;;;Producto correctamente sincronizado con WooCommerce;
WC ENLAZADO OK;NO TOCAR;-;3569;1192203;LTB-1924;LTB-1924;COLOR 1924;SI;WC;;;1;product;;;Producto correctamente sincronizado con WooCommerce;
WC ENLAZADO OK;NO TOCAR;-;3568;1192204;LTB-1938;LTB-1938;COLOR 1938;SI;WC;;;1;product;;;Producto correctamente sincronizado con WooCommerce;
WC ENLAZADO OK;NO TOCAR;-;3567;1192205;LTB-1940;LTB-1940;COLOR 1940;SI;WC;;;1;product;;;Producto correctamente sincronizado con WooCommerce;
WC ENLAZADO OK;NO TOCAR;-;3566;1192206;LTB-1944;LTB-1944;COLOR 1944;SI;WC;;;1;product;;;Producto correctamente sincronizado con WooCommerce;
WC ENLAZADO OK;NO TOCAR;-;3565;1192207;LTB-1950;LTB-1950;COLOR 1950;SI;WC;;;1;product;;;Producto correctamente sincronizado con WooCommerce;
WC ENLAZADO OK;NO TOCAR;-;3564;1192208;LTB-1951;LTB-1951;COLOR 1951;SI;WC;;;1;product;;;Producto correctamente sincronizado con WooCommerce;
WC ENLAZADO OK;NO TOCAR;-;3562;1192209;LTB-1967;LTB-1967;COLOR 1967;SI;WC;;;1;product;;;Producto correctamente sincronizado con WooCommerce;
WC ENLAZADO OK;NO TOCAR;-;3563;1192210;LTB-1973;LTB-1973;COLOR 1973;SI;WC;;;1;product;;;Producto correctamente sincronizado con WooCommerce;
WC ENLAZADO OK;NO TOCAR;-;3560;1192211;LTB-1974;LTB-1974;COLOR 1974;SI;WC;;;1;product;;;Producto correctamente sincronizado con WooCommerce;
WC ENLAZADO OK;NO TOCAR;-;3561;1192212;LTB-1977;LTB-1977;COLOR 1977;SI;WC;;;1;product;;;Producto correctamente sincronizado con WooCommerce;
WC ENLAZADO OK;NO TOCAR;-;3559;1192213;LTB-1982;LTB-1982;COLOR 1982;SI;WC;;;1;product;;;Producto correctamente sincronizado con WooCommerce;
WC ENLAZADO OK;NO TOCAR;-;3558;1192214;LTB-1984;LTB-1984;COLOR 1984;SI;WC;;;1;product;;;Producto correctamente sincronizado con WooCommerce;
WC ENLAZADO OK;NO TOCAR;-;3557;1192215;LTB-1988;LTB-1988;COLOR 1988;SI;WC;;;1;product;;;Producto correctamente sincronizado con WooCommerce;
WC ENLAZADO OK;NO TOCAR;-;3556;1192267;;;ENTRETELA BASE 70 NEGRA 50CM;SI;WC;;;1;product;;;Producto correctamente sincronizado con WooCommerce;
IMPORT SIN WC;REVISAR;MEDIA;3202;;;;ARO CON TORNILLO BASTIDOR 12CM;NO;import reciente;0.0;0;;;;;Creado en import pero sin enlace WooCommerce;Enlazar manualmente o archivar si no existe en WC
IMPORT SIN WC;REVISAR;MEDIA;3215;;;;CUCHILLA REFINAR 3,5;NO;import reciente;0.0;0;;;;;Creado en import pero sin enlace WooCommerce;Enlazar manualmente o archivar si no existe en WC
IMPORT SIN WC;REVISAR;MEDIA;3216;;;;GRIFO BIDÓN ACEITE 50L;NO;import reciente;0.0;0;;;;;Creado en import pero sin enlace WooCommerce;Enlazar manualmente o archivar si no existe en WC
IMPORT SIN WC;REVISAR;MEDIA;3218;;;;CAMBIO COLOR MODERNO TAJIMA;NO;import reciente;0.0;0;;;;;Creado en import pero sin enlace WooCommerce;Enlazar manualmente o archivar si no existe en WC
IMPORT SIN WC;REVISAR;MEDIA;3232;;MF00A0834-B;;"CUCHILLA MOVIL MITSUBISHI ""B"" LS2-150/180/190";NO;import reciente;0.0;0;;;;;Creado en import pero sin enlace WooCommerce;Enlazar manualmente o archivar si no existe en WC
IMPORT SIN WC;REVISAR;MEDIA;3233;;HCD29572;;"CARCASA FRONTAL PANEL 10"" HAPPY";NO;import reciente;0.0;0;;;;;Creado en import pero sin enlace WooCommerce;Enlazar manualmente o archivar si no existe en WC
IMPORT SIN WC;REVISAR;MEDIA;3234;;FRA44003;;Cap hold frame ass'y (wide type) HAPPY;NO;import reciente;0.0;0;;;;;Creado en import pero sin enlace WooCommerce;Enlazar manualmente o archivar si no existe en WC
IMPORT SIN WC;REVISAR;MEDIA;3235;;C0066;;"CUCHILLA VERTICAL KM10""";NO;import reciente;0.0;0;;;;;Creado en import pero sin enlace WooCommerce;Enlazar manualmente o archivar si no existe en WC
IMPORT SIN WC;REVISAR;MEDIA;3236;;;;PRENSATELA 9,2CM TAJIMA TFMX-TCMX;NO;import reciente;0.0;0;;;;;Creado en import pero sin enlace WooCommerce;Enlazar manualmente o archivar si no existe en WC
IMPORT SIN WC;REVISAR;MEDIA;3237;;HCD81022;;"LCD ATA CIRCUIT BOARD (Pb FREE) ASSY HAPPY ""HCS LCD COLOR""";NO;import reciente;0.0;0;;;;;Creado en import pero sin enlace WooCommerce;Enlazar manualmente o archivar si no existe en WC
IMPORT SIN WC;REVISAR;MEDIA;3238;;;;hcuy;NO;import reciente;0.0;0;;;;;Creado en import pero sin enlace WooCommerce;Enlazar manualmente o archivar si no existe en WC
IMPORT SIN WC;REVISAR;MEDIA;3239;;;;muelle freno canilla;NO;import reciente;0.0;0;;;;;Creado en import pero sin enlace WooCommerce;Enlazar manualmente o archivar si no existe en WC
IMPORT SIN WC;REVISAR;MEDIA;3242;;CUCHILLAREMALLARINF;;CUCHILLA REMALLAR INFERIOR;NO;import reciente;0.0;0;;;;;Creado en import pero sin enlace WooCommerce;Enlazar manualmente o archivar si no existe en WC
IMPORT SIN WC;REVISAR;MEDIA;3243;;NYLONMARRONOSC;;PRO-NYLON PARA EL BORDADO )1,6M) MARRÓN OSCURO;NO;import reciente;0.0;0;;;;;Creado en import pero sin enlace WooCommerce;Enlazar manualmente o archivar si no existe en WC
IMPORT SIN WC;REVISAR;MEDIA;3244;;TA-910800600T00;;TACO SALTO (RECIPROCADOR) TAJIMA TMFX/TFGN;NO;import reciente;0.0;0;;;;;Creado en import pero sin enlace WooCommerce;Enlazar manualmente o archivar si no existe en WC
IMPORT SIN WC;REVISAR;MEDIA;3245;;HCS08010;;TAKE-UP LEVER GUIDE BAR HCS3 HAPPY;NO;import reciente;0.0;0;;;;;Creado en import pero sin enlace WooCommerce;Enlazar manualmente o archivar si no existe en WC
IMPORT SIN WC;REVISAR;MEDIA;3246;;HCB08331;;TAKE-UP LEVER GUIDE BASE HCH/HCS HAPPY;NO;import reciente;0.0;0;;;;;Creado en import pero sin enlace WooCommerce;Enlazar manualmente o archivar si no existe en WC
IMPORT SIN WC;REVISAR;MEDIA;3247;;HCB08730;;TAKE-UP LEVER GUIDE BAR HCH HAPPY;NO;import reciente;0.0;0;;;;;Creado en import pero sin enlace WooCommerce;Enlazar manualmente o archivar si no existe en WC
IMPORT SIN WC;REVISAR;MEDIA;3248;;HSA90220;;PASADOR DE POSICIONAMIENTO 6 HAPPY;NO;import reciente;0.0;0;;;;;Creado en import pero sin enlace WooCommerce;Enlazar manualmente o archivar si no existe en WC
IMPORT SIN WC;REVISAR;MEDIA;3249;;PEC-1202;;SINSIM PEC-1202 ;NO;import reciente;0.0;3;;;;;Creado en import pero sin enlace WooCommerce;Enlazar manualmente o archivar si no existe en WC
IMPORT SIN WC;REVISAR;MEDIA;3250;;RAYNENEDS;;SOFTWARE BORDADO RAYNEN EDS;NO;import reciente;0.0;0;;;;;Creado en import pero sin enlace WooCommerce;Enlazar manualmente o archivar si no existe en WC
IMPORT SIN WC;REVISAR;MEDIA;3251;;P-30316;;FISPOLY Nº15 P-30316;NO;import reciente;0.0;0;;;;;Creado en import pero sin enlace WooCommerce;Enlazar manualmente o archivar si no existe en WC
IMPORT SIN WC;REVISAR;MEDIA;3252;;P-30317;;FISPOLY Nº15 P-30317;NO;import reciente;0.0;0;;;;;Creado en import pero sin enlace WooCommerce;Enlazar manualmente o archivar si no existe en WC
IMPORT SIN WC;REVISAR;MEDIA;3253;;P-30315;;FISPOLY Nº15 P-30315;NO;import reciente;0.0;0;;;;;Creado en import pero sin enlace WooCommerce;Enlazar manualmente o archivar si no existe en WC
IMPORT SIN WC;REVISAR;MEDIA;3254;;P-F3185;;FISPOLY Nº15 P-F3185;NO;import reciente;0.0;0;;;;;Creado en import pero sin enlace WooCommerce;Enlazar manualmente o archivar si no existe en WC
IMPORT SIN WC;REVISAR;MEDIA;3255;;HILO TORZAL;;HILO TORZAL 30;NO;import reciente;0.0;0;;;;;Creado en import pero sin enlace WooCommerce;Enlazar manualmente o archivar si no existe en WC
IMPORT SIN WC;REVISAR;MEDIA;3256;;RIBETE12MM;;RIBETE GROSGRAIN 12MM;NO;import reciente;0.0;0;;;;;Creado en import pero sin enlace WooCommerce;Enlazar manualmente o archivar si no existe en WC
IMPORT SIN WC;REVISAR;MEDIA;3257;;HCS13A11/HCS13A20/HCS13A13;;PUNTERO LASER HCS3;NO;import reciente;0.0;0;;;;;Creado en import pero sin enlace WooCommerce;Enlazar manualmente o archivar si no existe en WC
IMPORT SIN WC;REVISAR;MEDIA;3258;;080680130S00;;CARRETE CORDELA TA;NO;import reciente;0.0;0;;;;;Creado en import pero sin enlace WooCommerce;Enlazar manualmente o archivar si no existe en WC
IMPORT SIN WC;REVISAR;MEDIA;3259;;05032081000;;CUCHILLA MOVIL TAJIMA/INBRO;NO;import reciente;0.0;0;;;;;Creado en import pero sin enlace WooCommerce;Enlazar manualmente o archivar si no existe en WC
IMPORT SIN WC;REVISAR;MEDIA;3260;;HR334010;;PLETINA SOPORTE TABLERO HCR3 HAPPY;NO;import reciente;0.0;0;;;;;Creado en import pero sin enlace WooCommerce;Enlazar manualmente o archivar si no existe en WC
IMPORT SIN WC;REVISAR;MEDIA;3261;;HCU12043;;SOPORTE BARRA TIRAHILOS HCU HAPPY;NO;import reciente;0.0;0;;;;;Creado en import pero sin enlace WooCommerce;Enlazar manualmente o archivar si no existe en WC
IMPORT SIN WC;REVISAR;MEDIA;3262;;HCU12194;;MUELLE SOPORTE BARRA TIRAHILOS HCU HAPPY;NO;import reciente;0.0;0;;;;;Creado en import pero sin enlace WooCommerce;Enlazar manualmente o archivar si no existe en WC
IMPORT SIN WC;REVISAR;MEDIA;3263;;HCU12A11;;TIRAHILOS HCU HAPPY;NO;import reciente;0.0;0;;;;;Creado en import pero sin enlace WooCommerce;Enlazar manualmente o archivar si no existe en WC
IMPORT SIN WC;REVISAR;MEDIA;3264;;PEC-Y240-1201;;SINSIM PEC-Y240-1201;NO;import reciente;0.0;1;;;;;Creado en import pero sin enlace WooCommerce;Enlazar manualmente o archivar si no existe en WC
IMPORT SIN WC;REVISAR;MEDIA;3265;;0688 200020;;SOPORTE CAJA BOBINA;NO;import reciente;0.0;0;;;;;Creado en import pero sin enlace WooCommerce;Enlazar manualmente o archivar si no existe en WC
IMPORT SIN WC;REVISAR;MEDIA;3266;;TOR.PLA;;TORNILLO PLACA AGUJA HAPPY Y OTRAS;NO;import reciente;0.0;0;;;;;Creado en import pero sin enlace WooCommerce;Enlazar manualmente o archivar si no existe en WC
IMPORT SIN WC;REVISAR;MEDIA;3267;;HCD37210;;FLEJE BRAZO BASTIDOR HAPPY HCD2;NO;import reciente;0.0;0;;;;;Creado en import pero sin enlace WooCommerce;Enlazar manualmente o archivar si no existe en WC
IMPORT SIN WC;REVISAR;MEDIA;3268;;HCB29152;;DISPLAY BRACKET A  HCS HAPPY;NO;import reciente;0.0;0;;;;;Creado en import pero sin enlace WooCommerce;Enlazar manualmente o archivar si no existe en WC
IMPORT SIN WC;REVISAR;MEDIA;3269;;0667 175030;;EJE CANILLERO 52X;NO;import reciente;0.0;0;;;;;Creado en import pero sin enlace WooCommerce;Enlazar manualmente o archivar si no existe en WC
IMPORT SIN WC;REVISAR;MEDIA;3270;;;;*DE1141014A*;NO;import reciente;0.0;0;;;;;Creado en import pero sin enlace WooCommerce;Enlazar manualmente o archivar si no existe en WC
IMPORT SIN WC;REVISAR;MEDIA;3271;;;;DE1141014A*;NO;import reciente;0.0;0;;;;;Creado en import pero sin enlace WooCommerce;Enlazar manualmente o archivar si no existe en WC
IMPORT SIN WC;REVISAR;MEDIA;3276;;NYLONAMAR;;PRO-NYLON PARA EL BORDADO (1,6M. DE ANCHO) AZUL MAR;NO;import reciente;0.0;0;;;;;Creado en import pero sin enlace WooCommerce;Enlazar manualmente o archivar si no existe en WC
IMPORT SIN WC;REVISAR;MEDIA;3277;;P-F3190;;FISPOLY Nº15 P-F3190;NO;import reciente;0.0;0;;;;;Creado en import pero sin enlace WooCommerce;Enlazar manualmente o archivar si no existe en WC
IMPORT SIN WC;REVISAR;MEDIA;3278;;P-F3191;;FISPOLY Nº15 P-F3191;NO;import reciente;0.0;0;;;;;Creado en import pero sin enlace WooCommerce;Enlazar manualmente o archivar si no existe en WC
IMPORT SIN WC;REVISAR;MEDIA;3279;;P-F3192;;FISPOLY Nº15 P-F3192;NO;import reciente;0.0;0;;;;;Creado en import pero sin enlace WooCommerce;Enlazar manualmente o archivar si no existe en WC
IMPORT SIN WC;REVISAR;MEDIA;3280;;SS-1;;BARRA DE AGUJA SINSIM;NO;import reciente;0.0;0;;;;;Creado en import pero sin enlace WooCommerce;Enlazar manualmente o archivar si no existe en WC
IMPORT SIN WC;REVISAR;MEDIA;3281;;SS-2;;TACO SALTO PUNTADA SINSIM;NO;import reciente;0.0;0;;;;;Creado en import pero sin enlace WooCommerce;Enlazar manualmente o archivar si no existe en WC
IMPORT SIN WC;REVISAR;MEDIA;3282;;SS-3;;PRENSATELA SINSIM;NO;import reciente;0.0;0;;;;;Creado en import pero sin enlace WooCommerce;Enlazar manualmente o archivar si no existe en WC
IMPORT SIN WC;REVISAR;MEDIA;3283;;SS-4;;CAJA BOBINA SINSIM;NO;import reciente;0.0;0;;;;;Creado en import pero sin enlace WooCommerce;Enlazar manualmente o archivar si no existe en WC
IMPORT SIN WC;REVISAR;MEDIA;3284;;SS-5;;PLACA DE AGUJA SINSIM;NO;import reciente;0.0;0;;;;;Creado en import pero sin enlace WooCommerce;Enlazar manualmente o archivar si no existe en WC
IMPORT SIN WC;REVISAR;MEDIA;3285;;SS-6;;NUDO PRENSATELA SINSIM;NO;import reciente;0.0;0;;;;;Creado en import pero sin enlace WooCommerce;Enlazar manualmente o archivar si no existe en WC
IMPORT SIN WC;REVISAR;MEDIA;3286;;SS-7;;MUELLE BARRA AGUJA SINSIM;NO;import reciente;0.0;0;;;;;Creado en import pero sin enlace WooCommerce;Enlazar manualmente o archivar si no existe en WC
IMPORT SIN WC;REVISAR;MEDIA;3287;;SS-8;;MUELLE SINSIM;NO;import reciente;0.0;0;;;;;Creado en import pero sin enlace WooCommerce;Enlazar manualmente o archivar si no existe en WC
IMPORT SIN WC;REVISAR;MEDIA;3288;;SS-9;;NUDO BARRA AGUJA SINSIM;NO;import reciente;0.0;0;;;;;Creado en import pero sin enlace WooCommerce;Enlazar manualmente o archivar si no existe en WC
IMPORT SIN WC;REVISAR;MEDIA;3289;;SS-10;;GOMA BARRA AGUJA SINSIM;NO;import reciente;0.0;0;;;;;Creado en import pero sin enlace WooCommerce;Enlazar manualmente o archivar si no existe en WC
IMPORT SIN WC;REVISAR;MEDIA;3290;;0867 150754;;GARFIO 867 32MM;NO;import reciente;0.0;0;;;;;Creado en import pero sin enlace WooCommerce;Enlazar manualmente o archivar si no existe en WC
IMPORT SIN WC;REVISAR;MEDIA;3291;;S080 627037;;PORTA AGUJA DK 524;NO;import reciente;0.0;1;;;;;Creado en import pero sin enlace WooCommerce;Enlazar manualmente o archivar si no existe en WC
IMPORT SIN WC;REVISAR;MEDIA;3292;;LTB1528;;COLOR 1528;NO;import reciente;0.0;0;;;;;Creado en import pero sin enlace WooCommerce;Enlazar manualmente o archivar si no existe en WC
IMPORT SIN WC;REVISAR;MEDIA;3293;;LTB1538;;COLOR 1538;NO;import reciente;0.0;0;;;;;Creado en import pero sin enlace WooCommerce;Enlazar manualmente o archivar si no existe en WC
IMPORT SIN WC;REVISAR;MEDIA;3294;;LTB1611;;COLOR 1611;NO;import reciente;0.0;0;;;;;Creado en import pero sin enlace WooCommerce;Enlazar manualmente o archivar si no existe en WC
IMPORT SIN WC;REVISAR;MEDIA;3295;;LTB1614;;COLOR 1614;NO;import reciente;0.0;0;;;;;Creado en import pero sin enlace WooCommerce;Enlazar manualmente o archivar si no existe en WC
IMPORT SIN WC;REVISAR;MEDIA;3296;;LTB1615;;COLOR 1615;NO;import reciente;0.0;2;;;;;Creado en import pero sin enlace WooCommerce;Enlazar manualmente o archivar si no existe en WC
IMPORT SIN WC;REVISAR;MEDIA;3297;;LTB1616;;COLOR 1616;NO;import reciente;0.0;0;;;;;Creado en import pero sin enlace WooCommerce;Enlazar manualmente o archivar si no existe en WC
IMPORT SIN WC;REVISAR;MEDIA;3298;;Q7270032;;CUCHILLA FIJA BARUDAN MARK 7;NO;import reciente;0.0;0;;;;;Creado en import pero sin enlace WooCommerce;Enlazar manualmente o archivar si no existe en WC
IMPORT SIN WC;REVISAR;MEDIA;3299;;Q7270021;;CUCHILLA MOVIL BARUDAN MARK 7;NO;import reciente;0.0;0;;;;;Creado en import pero sin enlace WooCommerce;Enlazar manualmente o archivar si no existe en WC
IMPORT SIN WC;REVISAR;MEDIA;3300;;CUCHILLAREMALLARSUP;;CUCHILLA REMALLAR SUPERIOR;NO;import reciente;0.0;0;;;;;Creado en import pero sin enlace WooCommerce;Enlazar manualmente o archivar si no existe en WC
IMPORT SIN WC;REVISAR;MEDIA;3301;;LTB1619;;COLOR 1619;NO;import reciente;0.0;0;;;;;Creado en import pero sin enlace WooCommerce;Enlazar manualmente o archivar si no existe en WC
IMPORT SIN WC;REVISAR;MEDIA;3302;;LTB1631;;COLOR 1631;NO;import reciente;0.0;0;;;;;Creado en import pero sin enlace WooCommerce;Enlazar manualmente o archivar si no existe en WC
IMPORT SIN WC;REVISAR;MEDIA;3303;;LTB1637;;COLOR 1637;NO;import reciente;0.0;0;;;;;Creado en import pero sin enlace WooCommerce;Enlazar manualmente o archivar si no existe en WC
IMPORT SIN WC;REVISAR;MEDIA;3304;;LTB1645;;COLOR 1645;NO;import reciente;0.0;0;;;;;Creado en import pero sin enlace WooCommerce;Enlazar manualmente o archivar si no existe en WC
IMPORT SIN WC;REVISAR;MEDIA;3305;;LTB1657;;COLOR 1657;NO;import reciente;0.0;1;;;;;Creado en import pero sin enlace WooCommerce;Enlazar manualmente o archivar si no existe en WC
IMPORT SIN WC;REVISAR;MEDIA;3306;;LTB1659;;COLOR 1659;NO;import reciente;0.0;0;;;;;Creado en import pero sin enlace WooCommerce;Enlazar manualmente o archivar si no existe en WC
IMPORT SIN WC;REVISAR;MEDIA;3307;;LTB1670;;COLOR 1670;NO;import reciente;0.0;0;;;;;Creado en import pero sin enlace WooCommerce;Enlazar manualmente o archivar si no existe en WC
IMPORT SIN WC;REVISAR;MEDIA;3308;;LTB1678;;COLOR 1678;NO;import reciente;0.0;0;;;;;Creado en import pero sin enlace WooCommerce;Enlazar manualmente o archivar si no existe en WC
IMPORT SIN WC;REVISAR;MEDIA;3309;;LTB1703;;COLOR 1703;NO;import reciente;0.0;0;;;;;Creado en import pero sin enlace WooCommerce;Enlazar manualmente o archivar si no existe en WC
IMPORT SIN WC;REVISAR;MEDIA;3310;;LTB1704;;COLOR 1704;NO;import reciente;0.0;0;;;;;Creado en import pero sin enlace WooCommerce;Enlazar manualmente o archivar si no existe en WC
IMPORT SIN WC;REVISAR;MEDIA;3311;;LTB1706;;COLOR 1706;NO;import reciente;0.0;0;;;;;Creado en import pero sin enlace WooCommerce;Enlazar manualmente o archivar si no existe en WC
IMPORT SIN WC;REVISAR;MEDIA;3312;;LTB1709;;COLOR 1709;NO;import reciente;0.0;1;;;;;Creado en import pero sin enlace WooCommerce;Enlazar manualmente o archivar si no existe en WC
IMPORT SIN WC;REVISAR;MEDIA;3313;;LTB1725;;COLOR 1725;NO;import reciente;0.0;1;;;;;Creado en import pero sin enlace WooCommerce;Enlazar manualmente o archivar si no existe en WC
IMPORT SIN WC;REVISAR;MEDIA;3314;;LTB1726;;COLOR 1726;NO;import reciente;0.0;0;;;;;Creado en import pero sin enlace WooCommerce;Enlazar manualmente o archivar si no existe en WC
IMPORT SIN WC;REVISAR;MEDIA;3315;;LTB1729;;COLOR 1729;NO;import reciente;0.0;0;;;;;Creado en import pero sin enlace WooCommerce;Enlazar manualmente o archivar si no existe en WC
IMPORT SIN WC;REVISAR;MEDIA;3316;;LTB1751;;COLOR 1751;NO;import reciente;0.0;0;;;;;Creado en import pero sin enlace WooCommerce;Enlazar manualmente o archivar si no existe en WC
IMPORT SIN WC;REVISAR;MEDIA;3317;;LTB1753;;COLOR 1753;NO;import reciente;0.0;0;;;;;Creado en import pero sin enlace WooCommerce;Enlazar manualmente o archivar si no existe en WC
IMPORT SIN WC;REVISAR;MEDIA;3318;;LTB1760;;COLOR 1760;NO;import reciente;0.0;0;;;;;Creado en import pero sin enlace WooCommerce;Enlazar manualmente o archivar si no existe en WC
IMPORT SIN WC;REVISAR;MEDIA;3319;;LTB1763;;COLOR 1763;NO;import reciente;0.0;0;;;;;Creado en import pero sin enlace WooCommerce;Enlazar manualmente o archivar si no existe en WC
IMPORT SIN WC;REVISAR;MEDIA;3320;;LTB1769;;COLOR 1769;NO;import reciente;0.0;0;;;;;Creado en import pero sin enlace WooCommerce;Enlazar manualmente o archivar si no existe en WC
IMPORT SIN WC;REVISAR;MEDIA;3321;;LTB1771;;COLOR 1771;NO;import reciente;0.0;0;;;;;Creado en import pero sin enlace WooCommerce;Enlazar manualmente o archivar si no existe en WC
IMPORT SIN WC;REVISAR;MEDIA;3322;;LTB1775;;COLOR 1775;NO;import reciente;0.0;1;;;;;Creado en import pero sin enlace WooCommerce;Enlazar manualmente o archivar si no existe en WC
IMPORT SIN WC;REVISAR;MEDIA;3323;;LTB1776;;COLOR 1776;NO;import reciente;0.0;0;;;;;Creado en import pero sin enlace WooCommerce;Enlazar manualmente o archivar si no existe en WC
IMPORT SIN WC;REVISAR;MEDIA;3324;;LTB1778;;COLOR 1778;NO;import reciente;0.0;0;;;;;Creado en import pero sin enlace WooCommerce;Enlazar manualmente o archivar si no existe en WC
IMPORT SIN WC;REVISAR;MEDIA;3325;;LTB1784;;COLOR 1784;NO;import reciente;0.0;0;;;;;Creado en import pero sin enlace WooCommerce;Enlazar manualmente o archivar si no existe en WC
IMPORT SIN WC;REVISAR;MEDIA;3326;;LTB1790;;COLOR 1790;NO;import reciente;0.0;0;;;;;Creado en import pero sin enlace WooCommerce;Enlazar manualmente o archivar si no existe en WC
IMPORT SIN WC;REVISAR;MEDIA;3327;;LTB1797;;COLOR 1797;NO;import reciente;0.0;0;;;;;Creado en import pero sin enlace WooCommerce;Enlazar manualmente o archivar si no existe en WC
IMPORT SIN WC;REVISAR;MEDIA;3328;;LTB1799;;COLOR 1799;NO;import reciente;0.0;0;;;;;Creado en import pero sin enlace WooCommerce;Enlazar manualmente o archivar si no existe en WC
IMPORT SIN WC;REVISAR;MEDIA;3329;;HCR79690;;DRIVER SERVOMOTOR Y, PARA HAPPY HCR3-1504;NO;import reciente;0.0;0;;;;;Creado en import pero sin enlace WooCommerce;Enlazar manualmente o archivar si no existe en WC
IMPORT SIN WC;REVISAR;MEDIA;3330;;PEC-Y400-1201;;"- MAQUINA DE BORDAR DE UN CABEZAL Y 12 AGUJAS CON CAMPO DE TRABAJO DE 600X400, EQUIPADA CON GARFIO JAPONÉS, MONITOR DE 10 PULGADAS, CONDUCCIÓN DE BASTIDOR SUSPENDIDA PARA UN MAYOR APROVECHAMIENTO DEL ESPACIO DE BORDADO Y TECNOLOGÍA SERVOMOTOR.

- VELOCIDAD 1200 RPM.
- GARFIO JAPONES HIROSE.
- PANEL S10 PRO, CON CONVERSION DE ARCHIVOS JPG DIRECTAMENTE A DST.
- CAMBIO DE COLOR AUTOMATICO
- FUNCIÓN DE AVANCE Y RETROCESO DEL BASTIDOR CON UN SOLO TOQUE
- FUNCION CORTE DE HILO AUTOMATICO
- ALARMA AUTOMATICA LIMITE DEL DISEÑO
- ILUMINACION LED FRONTAL
- FUNCION TRANSMISION DEL DISEÑO INHALAMBRICO
- FUNCION SELECCION DEL BASTIDOR
- RESTABLECIMIENTO POR FALLO DE CORRIENTE EN UN SOLO TOQUE. OPCIONAL: SISTEMA RECONOCIMIENTO


INCLUYE:
2 X Aro 70, 2 X Aro 110, 2 X Aro 150, 2 X Aro 190, 2 X Aro 270*270 , 2 X Aro 530*330, 1 X Kit de Gorras, Bobinador de Canillas, 1 X Mesa plana, 1 X Bastidor Portal, 1 X Soporte de máquina.";NO;import reciente;0.0;0;;;;;Creado en import pero sin enlace WooCommerce;Enlazar manualmente o archivar si no existe en WC
IMPORT SIN WC;REVISAR;MEDIA;3331;;PEC-1204;;"- MAQUINA DE BORDAR SINSIM DE CUATRO CABEZALES Y 12 AGUJAS, CON CAMPO DE TRABAJO DE 400X400, EQUIPADA CON GARFIO JAPONÉS, MONITOR DE 10 PULGADAS, CONDUCCIÓN DE BASTIDOR SUSPENDIDA PARA UN MAYOR APROVECHAMIENTO DEL ESPACIO DE BORDADO Y TECNOLOGÍA SERVOMOTOR.

- VELOCIDAD 1200 RPM. 
- GARFIO JAPONES HIROSE.
- PANEL S10 PRO, CON CONVERSION DE ARCHIVOS JPG DIRECTAMENTE A DST.
- CAMBIO DE COLOR AUTOMATICO
- FUNCIÓN DE AVANCE Y RETROCESO DEL BASTIDOR CON UN SOLO TOQUE
- FUNCION CORTE DE HILO AUTOMATICO
- ALARMA AUTOMATICA LIMITE DEL DISEÑO
- ILUMINACION LED FRONTAL
- FUNCION TRANSMISION DEL DISEÑO INHALAMBRICO
- FUNCION SELECCION DEL BASTIDOR
- RESTABLECIMIENTO POR FALLO DE CORRIENTE EN UN SOLO TOQUE. OPCIONAL: SISTEMA RECONOCIMIENTO


INCLUYE:
8 X Aro 70, 8 X Aro 110, 8 X Aro 150, 8 X Aro 190, 8 X Aro 270*270 , 8 X Aro 530*330, 1 X Kit de Gorras, Bobinador de Canillas, 1 X Mesa plana, 1 X Bastidor Portal, 1 X Soporte de máquina.";NO;import reciente;0.0;1;;;;;Creado en import pero sin enlace WooCommerce;Enlazar manualmente o archivar si no existe en WC
IMPORT SIN WC;REVISAR;MEDIA;3332;;;;PLACA ELECTRONICA ON/OFF CABEZAL HCR2;NO;import reciente;0.0;1;;;;;Creado en import pero sin enlace WooCommerce;Enlazar manualmente o archivar si no existe en WC
IMPORT SIN WC;REVISAR;MEDIA;3333;;LTBENTREADHESIVA;;ENTRETELA ADHESIVA BLANCA 50MX85CM LTB;NO;import reciente;0.0;0;;;;;Creado en import pero sin enlace WooCommerce;Enlazar manualmente o archivar si no existe en WC
IMPORT SIN WC;REVISAR;MEDIA;3334;;HIL40N;;HILO Nº40 NEGRO 1200MTS;NO;import reciente;0.0;0;;;;;Creado en import pero sin enlace WooCommerce;Enlazar manualmente o archivar si no existe en WC
IMPORT SIN WC;REVISAR;MEDIA;3335;;FD-1204;;SINSIM FD-1204;NO;import reciente;0.0;0;;;;;Creado en import pero sin enlace WooCommerce;Enlazar manualmente o archivar si no existe en WC
IMPORT SIN WC;REVISAR;MEDIA;3336;;PEC-Y600-1201;;"- MAQUINA DE BORDAR DE UN CABEZAL Y 12 AGUJAS CON CAMPO DE TRABAJO DE 1200X600, EQUIPADA CON GARFIO JAPONÉS, MONITOR DE 10 PULGADAS, CONDUCCIÓN DE BASTIDOR SUSPENDIDA PARA UN MAYOR APROVECHAMIENTO DEL ESPACIO DE BORDADO Y TECNOLOGÍA SERVOMOTOR.

- VELOCIDAD 1200 RPM.
- GARFIO JAPONES HIROSE.
- PANEL S10 PRO, CON CONVERSION DE ARCHIVOS JPG DIRECTAMENTE A DST.
- CAMBIO DE COLOR AUTOMATICO
- FUNCIÓN DE AVANCE Y RETROCESO DEL BASTIDOR CON UN SOLO TOQUE
- FUNCION CORTE DE HILO AUTOMATICO
- ALARMA AUTOMATICA LIMITE DEL DISEÑO
- ILUMINACION LED FRONTAL
- FUNCION TRANSMISION DEL DISEÑO INHALAMBRICO
- FUNCION SELECCION DEL BASTIDOR
- RESTABLECIMIENTO POR FALLO DE CORRIENTE EN UN SOLO TOQUE. OPCIONAL: SISTEMA RECONOCIMIENTO


INCLUYE:
2 X Aro 70, 2 X Aro 110, 2 X Aro 150, 2 X Aro 190, 2 X Aro 270*270 , 2 X Aro 530*330, 1 X Kit de Gorras, Bobinador de Canillas, 1 X Mesa plana, 1 X Bastidor Portal, 1 X Soporte de máquina.";NO;import reciente;0.0;0;;;;;Creado en import pero sin enlace WooCommerce;Enlazar manualmente o archivar si no existe en WC
IMPORT SIN WC;REVISAR;MEDIA;3337;;CARD;;CARTA COLOR FISPOLY;NO;import reciente;0.0;0;;;;;Creado en import pero sin enlace WooCommerce;Enlazar manualmente o archivar si no existe en WC
IMPORT SIN WC;REVISAR;MEDIA;3338;;ISA-0010;;HILO ISACORD 0010 (BLANCO);NO;import reciente;0.0;0;;;;;Creado en import pero sin enlace WooCommerce;Enlazar manualmente o archivar si no existe en WC
IMPORT SIN WC;REVISAR;MEDIA;3339;;ISA-0020;;HILO ISACORD 0020 (NEGRO);NO;import reciente;0.0;0;;;;;Creado en import pero sin enlace WooCommerce;Enlazar manualmente o archivar si no existe en WC
IMPORT SIN WC;REVISAR;MEDIA;3340;;;;PORTES CTT;NO;import reciente;0.0;20;;;;;Creado en import pero sin enlace WooCommerce;Enlazar manualmente o archivar si no existe en WC
IMPORT SIN WC;REVISAR;MEDIA;3341;;;;PICAJE ALL YOURS;NO;import reciente;0.0;1;;;;;Creado en import pero sin enlace WooCommerce;Enlazar manualmente o archivar si no existe en WC
IMPORT SIN WC;REVISAR;MEDIA;3343;;;;conos varios;NO;import reciente;0.0;1;;;;;Creado en import pero sin enlace WooCommerce;Enlazar manualmente o archivar si no existe en WC
IMPORT SIN WC;REVISAR;MEDIA;3345;;LTB1878;;LTB1878;NO;import reciente;0.0;1;;;;;Creado en import pero sin enlace WooCommerce;Enlazar manualmente o archivar si no existe en WC
IMPORT SIN WC;REVISAR;MEDIA;3346;;LTB1902;;LTB1902;NO;import reciente;0.0;1;;;;;Creado en import pero sin enlace WooCommerce;Enlazar manualmente o archivar si no existe en WC
IMPORT SIN WC;REVISAR;MEDIA;3347;;LTB1811;;LTB1811;NO;import reciente;0.0;2;;;;;Creado en import pero sin enlace WooCommerce;Enlazar manualmente o archivar si no existe en WC
IMPORT SIN WC;REVISAR;MEDIA;3348;;LTB1867;;LTB1867;NO;import reciente;0.0;0;;;;;Creado en import pero sin enlace WooCommerce;Enlazar manualmente o archivar si no existe en WC
IMPORT SIN WC;REVISAR;MEDIA;3350;;LTB1967;;LTB1967;NO;import reciente;0.0;2;;;;;Creado en import pero sin enlace WooCommerce;Enlazar manualmente o archivar si no existe en WC
IMPORT SIN WC;REVISAR;MEDIA;3351;;LTB1842;;CONO HILO LTB, GROSOR 40, 5000 mts, Color 1842;NO;import reciente;0.0;3;;;;;Creado en import pero sin enlace WooCommerce;Enlazar manualmente o archivar si no existe en WC
IMPORT SIN WC;REVISAR;MEDIA;3352;;;;POLY1761;NO;import reciente;0.0;1;;;;;Creado en import pero sin enlace WooCommerce;Enlazar manualmente o archivar si no existe en WC
IMPORT SIN WC;REVISAR;MEDIA;3353;;;;ORO 4007;NO;import reciente;0.0;1;;;;;Creado en import pero sin enlace WooCommerce;Enlazar manualmente o archivar si no existe en WC
IMPORT SIN WC;REVISAR;MEDIA;3354;;;;PLATA 4011;NO;import reciente;0.0;1;;;;;Creado en import pero sin enlace WooCommerce;Enlazar manualmente o archivar si no existe en WC
IMPORT SIN WC;REVISAR;MEDIA;3355;;;;POLY1767;NO;import reciente;0.0;1;;;;;Creado en import pero sin enlace WooCommerce;Enlazar manualmente o archivar si no existe en WC
IMPORT SIN WC;REVISAR;MEDIA;3356;;ISAMET 0511;;HILO ISAMET 40 5000M METAL 0511;NO;import reciente;0.0;0;;;;;Creado en import pero sin enlace WooCommerce;Enlazar manualmente o archivar si no existe en WC
IMPORT SIN WC;REVISAR;MEDIA;3358;;;;PICAJE GLO&BEAUTY;NO;import reciente;0.0;1;;;;;Creado en import pero sin enlace WooCommerce;Enlazar manualmente o archivar si no existe en WC
IMPORT SIN WC;REVISAR;MEDIA;3359;;LTB1843;;LTB1843;NO;import reciente;0.0;1;;;;;Creado en import pero sin enlace WooCommerce;Enlazar manualmente o archivar si no existe en WC
IMPORT SIN WC;REVISAR;MEDIA;3360;;;;COLOR 1843;NO;import reciente;0.0;1;;;;;Creado en import pero sin enlace WooCommerce;Enlazar manualmente o archivar si no existe en WC
IMPORT SIN WC;REVISAR;MEDIA;3361;;;;ALBARÁN 024701;NO;import reciente;0.0;0;;;;;Creado en import pero sin enlace WooCommerce;Enlazar manualmente o archivar si no existe en WC
IMPORT SIN WC;REVISAR;MEDIA;3362;;;;[GBB27-90RG] AGUJAS B27-80RG;NO;import reciente;0.0;0;;;;;Creado en import pero sin enlace WooCommerce;Enlazar manualmente o archivar si no existe en WC
IMPORT SIN WC;REVISAR;MEDIA;3363;;[GBB27-90RG];;AGUJAS B27-90RG;NO;import reciente;0.0;1;;;;;Creado en import pero sin enlace WooCommerce;Enlazar manualmente o archivar si no existe en WC
IMPORT SIN WC;REVISAR;MEDIA;3364;;;;[GBB27-90RG] AGUJAS B27-100RG;NO;import reciente;0.0;0;;;;;Creado en import pero sin enlace WooCommerce;Enlazar manualmente o archivar si no existe en WC
IMPORT SIN WC;REVISAR;MEDIA;3365;;[GBB27-100RG];;AGUJAS B27-100RG;NO;import reciente;0.0;1;;;;;Creado en import pero sin enlace WooCommerce;Enlazar manualmente o archivar si no existe en WC
IMPORT SIN WC;REVISAR;MEDIA;3366;;;;AGUJAS 134S-80;NO;import reciente;0.0;1;;;;;Creado en import pero sin enlace WooCommerce;Enlazar manualmente o archivar si no existe en WC
IMPORT SIN WC;REVISAR;MEDIA;3367;;GB134LR-60;;AGUJAS 134LR-60;NO;import reciente;0.0;2;;;;;Creado en import pero sin enlace WooCommerce;Enlazar manualmente o archivar si no existe en WC
IMPORT SIN WC;REVISAR;MEDIA;3368;;PEC-1201;;SINSIM PEC-1201;NO;import reciente;0.0;1;;;;;Creado en import pero sin enlace WooCommerce;Enlazar manualmente o archivar si no existe en WC
IMPORT SIN WC;REVISAR;MEDIA;3369;;;;PORTS CTT;NO;import reciente;0.0;1;;;;;Creado en import pero sin enlace WooCommerce;Enlazar manualmente o archivar si no existe en WC
IMPORT SIN WC;REVISAR;MEDIA;3370;;;;TRABAJOS;NO;import reciente;0.0;9;;;;;Creado en import pero sin enlace WooCommerce;Enlazar manualmente o archivar si no existe en WC
IMPORT SIN WC;REVISAR;MEDIA;3371;;FW-SIYAH;;HILO DE LANA FISWOOLY 1000MT NEGRO;NO;import reciente;0.0;0;;;;;Creado en import pero sin enlace WooCommerce;Enlazar manualmente o archivar si no existe en WC
IMPORT SIN WC;REVISAR;MEDIA;3372;;FW-BEYAZ;;HILO DE LANA FISWOOLY 1000MT BLANCO;NO;import reciente;0.0;0;;;;;Creado en import pero sin enlace WooCommerce;Enlazar manualmente o archivar si no existe en WC
IMPORT SIN WC;REVISAR;MEDIA;3373;;FW-811400;;HILO DE LANA FISWOOLY 1000MT 811400;NO;import reciente;0.0;0;;;;;Creado en import pero sin enlace WooCommerce;Enlazar manualmente o archivar si no existe en WC
IMPORT SIN WC;REVISAR;MEDIA;3374;;;;CORREA REDUCTORA X ZSK;NO;import reciente;0.0;1;;;;;Creado en import pero sin enlace WooCommerce;Enlazar manualmente o archivar si no existe en WC
IMPORT SIN WC;REVISAR;MEDIA;3375;;;;CORREA PATIN X ZSK;NO;import reciente;0.0;1;;;;;Creado en import pero sin enlace WooCommerce;Enlazar manualmente o archivar si no existe en WC
IMPORT SIN WC;REVISAR;MEDIA;3376;;DESPLABORD;;DESPLAZAMIENTO A CLIENTE;NO;import reciente;0.0;27;;;;;Creado en import pero sin enlace WooCommerce;Enlazar manualmente o archivar si no existe en WC
IMPORT SIN WC;REVISAR;MEDIA;3377;;;;TRABAJOS EN CLIENTE;NO;import reciente;0.0;12;;;;;Creado en import pero sin enlace WooCommerce;Enlazar manualmente o archivar si no existe en WC
IMPORT SIN WC;REVISAR;MEDIA;3378;;;;ENCODER MAQUINA DE TOLDOS TENDAL;NO;import reciente;0.0;1;;;;;Creado en import pero sin enlace WooCommerce;Enlazar manualmente o archivar si no existe en WC
IMPORT SIN WC;REVISAR;MEDIA;3379;;GB134-35LR-130;;AGUJAS 134-35LR-130;NO;import reciente;0.0;1;;;;;Creado en import pero sin enlace WooCommerce;Enlazar manualmente o archivar si no existe en WC
IMPORT SIN WC;REVISAR;MEDIA;3380;;GB134-35LR-140;;AGUJAS 134-35LR-140;NO;import reciente;0.0;1;;;;;Creado en import pero sin enlace WooCommerce;Enlazar manualmente o archivar si no existe en WC
IMPORT SIN WC;REVISAR;MEDIA;3381;;;;SOLENOIDE PICKER TAJIMA TMFX5;NO;import reciente;0.0;1;;;;;Creado en import pero sin enlace WooCommerce;Enlazar manualmente o archivar si no existe en WC
IMPORT SIN WC;REVISAR;MEDIA;3382;;;;PORTES DHL;NO;import reciente;0.0;1;;;;;Creado en import pero sin enlace WooCommerce;Enlazar manualmente o archivar si no existe en WC
IMPORT SIN WC;REVISAR;MEDIA;3383;;;;LTB1988;NO;import reciente;0.0;1;;;;;Creado en import pero sin enlace WooCommerce;Enlazar manualmente o archivar si no existe en WC
IMPORT SIN WC;REVISAR;MEDIA;3384;;;;LTB1918;NO;import reciente;0.0;1;;;;;Creado en import pero sin enlace WooCommerce;Enlazar manualmente o archivar si no existe en WC
IMPORT SIN WC;REVISAR;MEDIA;3385;;;;LTB1866;NO;import reciente;0.0;1;;;;;Creado en import pero sin enlace WooCommerce;Enlazar manualmente o archivar si no existe en WC
IMPORT SIN WC;REVISAR;MEDIA;3386;;;;LTB1673;NO;import reciente;0.0;1;;;;;Creado en import pero sin enlace WooCommerce;Enlazar manualmente o archivar si no existe en WC
IMPORT SIN WC;REVISAR;MEDIA;3387;;;;PICAJE MESVIAL;NO;import reciente;0.0;0;;;;;Creado en import pero sin enlace WooCommerce;Enlazar manualmente o archivar si no existe en WC
IMPORT SIN WC;REVISAR;MEDIA;3388;;;;PICAJE DATALOGIC;NO;import reciente;0.0;0;;;;;Creado en import pero sin enlace WooCommerce;Enlazar manualmente o archivar si no existe en WC
IMPORT SIN WC;REVISAR;MEDIA;3389;;;;PICAJE OVILLO;NO;import reciente;0.0;0;;;;;Creado en import pero sin enlace WooCommerce;Enlazar manualmente o archivar si no existe en WC
IMPORT SIN WC;REVISAR;MEDIA;3390;;;;PICAJE CHEF;NO;import reciente;0.0;0;;;;;Creado en import pero sin enlace WooCommerce;Enlazar manualmente o archivar si no existe en WC
IMPORT SIN WC;REVISAR;MEDIA;3391;;;;DIENTE CH8B;NO;import reciente;0.0;0;;;;;Creado en import pero sin enlace WooCommerce;Enlazar manualmente o archivar si no existe en WC
IMPORT SIN WC;REVISAR;MEDIA;3392;;;;PICAJE ANABEL;NO;import reciente;0.0;0;;;;;Creado en import pero sin enlace WooCommerce;Enlazar manualmente o archivar si no existe en WC
IMPORT SIN WC;REVISAR;MEDIA;3393;;LTB1938;;CONO HILO LTB, GROSOR 40, 5000 mts, Color 1938;NO;import reciente;0.0;0;;;;;Creado en import pero sin enlace WooCommerce;Enlazar manualmente o archivar si no existe en WC
IMPORT SIN WC;REVISAR;MEDIA;3394;;ISAMET0493;;HILO ISAMET 40 5000M METAL 0493;NO;import reciente;0.0;0;;;;;Creado en import pero sin enlace WooCommerce;Enlazar manualmente o archivar si no existe en WC
IMPORT SIN WC;REVISAR;MEDIA;3395;;;;HILO LTB;NO;import reciente;0.0;1;;;;;Creado en import pero sin enlace WooCommerce;Enlazar manualmente o archivar si no existe en WC
IMPORT SIN WC;REVISAR;MEDIA;3396;;PEX(12+6)(1+1);;PEX (12+6)(1+1);NO;import reciente;0.0;1;;;;;Creado en import pero sin enlace WooCommerce;Enlazar manualmente o archivar si no existe en WC
IMPORT SIN WC;REVISAR;MEDIA;3397;;ISAMET0491;;HILO ISAMET 40 5000M METAL 0491;NO;import reciente;0.0;0;;;;;Creado en import pero sin enlace WooCommerce;Enlazar manualmente o archivar si no existe en WC
IMPORT SIN WC;REVISAR;MEDIA;3398;;;;Accesorios;NO;import reciente;0.0;1;;;;;Creado en import pero sin enlace WooCommerce;Enlazar manualmente o archivar si no existe en WC
IMPORT SIN WC;REVISAR;MEDIA;3399;;;;hcdu13011;NO;import reciente;0.0;0;;;;;Creado en import pero sin enlace WooCommerce;Enlazar manualmente o archivar si no existe en WC
IMPORT SIN WC;REVISAR;MEDIA;3401;;;;KIT INICIO BORDADO;NO;import reciente;0.0;1;;;;;Creado en import pero sin enlace WooCommerce;Enlazar manualmente o archivar si no existe en WC
IMPORT SIN WC;REVISAR;MEDIA;3402;;;;MÁQUINA DURKOPP ADLER 888-160122M;NO;import reciente;0.0;1;;;;;Creado en import pero sin enlace WooCommerce;Enlazar manualmente o archivar si no existe en WC
IMPORT SIN WC;REVISAR;MEDIA;3403;;;;91-011165-04/3.0 3;NO;import reciente;0.0;0;;;;;Creado en import pero sin enlace WooCommerce;Enlazar manualmente o archivar si no existe en WC
IMPORT SIN WC;REVISAR;MEDIA;3404;;GB134-35R-120;;AGUJAS 134-35R-120;NO;import reciente;0.0;1;;;;;Creado en import pero sin enlace WooCommerce;Enlazar manualmente o archivar si no existe en WC
IMPORT SIN WC;REVISAR;MEDIA;3405;;;;muestras de entretelas;NO;import reciente;0.0;0;;;;;Creado en import pero sin enlace WooCommerce;Enlazar manualmente o archivar si no existe en WC
IMPORT SIN WC;REVISAR;MEDIA;3406;;;;TRABAJOS REALIZADOS;NO;import reciente;0.0;1;;;;;Creado en import pero sin enlace WooCommerce;Enlazar manualmente o archivar si no existe en WC
IMPORT SIN WC;REVISAR;MEDIA;3407;;RICOMA CHT 1202;;RICOMA CHT 1202;NO;import reciente;0.0;1;;;;;Creado en import pero sin enlace WooCommerce;Enlazar manualmente o archivar si no existe en WC
IMPORT SIN WC;REVISAR;MEDIA;3408;;;;NOTA;NO;import reciente;0.0;2;;;;;Creado en import pero sin enlace WooCommerce;Enlazar manualmente o archivar si no existe en WC
IMPORT SIN WC;REVISAR;MEDIA;3409;;S080 651330;;DIENTE ZIGZAG (10 MM) DK 52X, GBZZ568;NO;import reciente;0.0;0;;;;;Creado en import pero sin enlace WooCommerce;Enlazar manualmente o archivar si no existe en WC
IMPORT SIN WC;REVISAR;MEDIA;3410;;;;nylon;NO;import reciente;0.0;0;;;;;Creado en import pero sin enlace WooCommerce;Enlazar manualmente o archivar si no existe en WC
IMPORT SIN WC;REVISAR;MEDIA;3411;;;;nylon negro;NO;import reciente;0.0;0;;;;;Creado en import pero sin enlace WooCommerce;Enlazar manualmente o archivar si no existe en WC
IMPORT SIN WC;REVISAR;MEDIA;3412;;HCR908022;;CONJUNTO BIELA MOVIMIENTO RECIPROCADOR/BARRA AGUJA;NO;import reciente;0.0;0;;;;;Creado en import pero sin enlace WooCommerce;Enlazar manualmente o archivar si no existe en WC
IMPORT SIN WC;REVISAR;MEDIA;3413;;0888 150650;;TAPA COLUMNA IZQ. DK 888;NO;import reciente;0.0;0;;;;;Creado en import pero sin enlace WooCommerce;Enlazar manualmente o archivar si no existe en WC
IMPORT SIN WC;REVISAR;MEDIA;3414;;;;CADENA CINTA ARRASTRE;NO;import reciente;0.0;1;;;;;Creado en import pero sin enlace WooCommerce;Enlazar manualmente o archivar si no existe en WC
IMPORT SIN WC;REVISAR;MEDIA;3415;;;;TRABAJOS REALIZADOS;NO;import reciente;0.0;1;;;;;Creado en import pero sin enlace WooCommerce;Enlazar manualmente o archivar si no existe en WC
IMPORT SIN WC;REVISAR;MEDIA;3416;;GB134S-65;;AGUJAS 134S-65;NO;import reciente;0.0;2;;;;;Creado en import pero sin enlace WooCommerce;Enlazar manualmente o archivar si no existe en WC
IMPORT SIN WC;REVISAR;MEDIA;3417;;GB134KKSD-70;;AGUJAS 134KKSD-70;NO;import reciente;0.0;2;;;;;Creado en import pero sin enlace WooCommerce;Enlazar manualmente o archivar si no existe en WC
IMPORT SIN WC;REVISAR;MEDIA;3418;;0265 012321;;GARFIO DK 265;NO;import reciente;0.0;0;;;;;Creado en import pero sin enlace WooCommerce;Enlazar manualmente o archivar si no existe en WC
IMPORT SIN WC;REVISAR;MEDIA;3419;;;;CUCHILLA FIJA DK 265;NO;import reciente;0.0;0;;;;;Creado en import pero sin enlace WooCommerce;Enlazar manualmente o archivar si no existe en WC
IMPORT SIN WC;REVISAR;MEDIA;3420;;0265 012265;;CUCHILLA FIJA DK 265;NO;import reciente;0.0;0;;;;;Creado en import pero sin enlace WooCommerce;Enlazar manualmente o archivar si no existe en WC
IMPORT SIN WC;REVISAR;MEDIA;3421;;;;CUCHILLA MOVIL DK 265;NO;import reciente;0.0;0;;;;;Creado en import pero sin enlace WooCommerce;Enlazar manualmente o archivar si no existe en WC
IMPORT SIN WC;REVISAR;MEDIA;3422;;;;RESORTE DK;NO;import reciente;0.0;0;;;;;Creado en import pero sin enlace WooCommerce;Enlazar manualmente o archivar si no existe en WC
IMPORT SIN WC;REVISAR;MEDIA;3423;;;;LEAF SPRING DK;NO;import reciente;0.0;0;;;;;Creado en import pero sin enlace WooCommerce;Enlazar manualmente o archivar si no existe en WC
IMPORT SIN WC;REVISAR;MEDIA;3424;;ISAMET0490;;HILO ISAMET 40 5000M METAL 0490;NO;import reciente;0.0;0;;;;;Creado en import pero sin enlace WooCommerce;Enlazar manualmente o archivar si no existe en WC
IMPORT SIN WC;REVISAR;MEDIA;3425;;S080 094094;; BOBINA DEL ABREDISCOS DE LA DK 524 ;NO;import reciente;0.0;1;;;;;Creado en import pero sin enlace WooCommerce;Enlazar manualmente o archivar si no existe en WC
IMPORT SIN WC;REVISAR;MEDIA;3426;;0688 160474;;MANDO PUNTADA DK 867;NO;import reciente;0.0;1;;;;;Creado en import pero sin enlace WooCommerce;Enlazar manualmente o archivar si no existe en WC
IMPORT SIN WC;REVISAR;MEDIA;3427;;0867 150764;;INTERIOR DK 867;NO;import reciente;0.0;0;;;;;Creado en import pero sin enlace WooCommerce;Enlazar manualmente o archivar si no existe en WC
IMPORT SIN WC;REVISAR;MEDIA;3428;;9850 001089;;LED DK 52X;NO;import reciente;0.0;1;;;;;Creado en import pero sin enlace WooCommerce;Enlazar manualmente o archivar si no existe en WC
IMPORT SIN WC;REVISAR;MEDIA;3429;;0688 100060;;TAPA COLUMNA DK 888;NO;import reciente;0.0;1;;;;;Creado en import pero sin enlace WooCommerce;Enlazar manualmente o archivar si no existe en WC
IMPORT SIN WC;REVISAR;MEDIA;3430;;S080 818711;;RESORTE DK ;NO;import reciente;0.0;1;;;;;Creado en import pero sin enlace WooCommerce;Enlazar manualmente o archivar si no existe en WC
IMPORT SIN WC;REVISAR;MEDIA;3431;;0265 008772;;CUCHILLA MOVIL DK 265;NO;import reciente;0.0;0;;;;;Creado en import pero sin enlace WooCommerce;Enlazar manualmente o archivar si no existe en WC
IMPORT SIN WC;REVISAR;MEDIA;3432;;0268 140070;;LEAF SPRING DK;NO;import reciente;0.0;0;;;;;Creado en import pero sin enlace WooCommerce;Enlazar manualmente o archivar si no existe en WC
IMPORT SIN WC;REVISAR;MEDIA;3434;;JACK JK -E4S-5-03/233;;JACK JK -E4S-5-03/233;NO;import reciente;0.0;1;;;;;Creado en import pero sin enlace WooCommerce;Enlazar manualmente o archivar si no existe en WC
IMPORT SIN WC;REVISAR;MEDIA;3435;;STAD03004;;TORNILLO PLACA REFUERZO BASTIDOR GORRAS HCS;NO;import reciente;0.0;1;;;;;Creado en import pero sin enlace WooCommerce;Enlazar manualmente o archivar si no existe en WC
IMPORT SIN WC;REVISAR;MEDIA;3436;;;;TRABAJOS EN APARADO;NO;import reciente;0.0;3;;;;;Creado en import pero sin enlace WooCommerce;Enlazar manualmente o archivar si no existe en WC
IMPORT SIN WC;REVISAR;MEDIA;3437;;;;TRABAJOAPA;NO;import reciente;0.0;0;;;;;Creado en import pero sin enlace WooCommerce;Enlazar manualmente o archivar si no existe en WC
IMPORT SIN WC;REVISAR;MEDIA;3438;;;;KM SL-10 MAQUINA DE CORTE VERTICAL;NO;import reciente;0.0;0;;;;;Creado en import pero sin enlace WooCommerce;Enlazar manualmente o archivar si no existe en WC
IMPORT SIN WC;REVISAR;MEDIA;3439;;LB230070;;BASE DE BLOQUE BARUDAN;NO;import reciente;0.0;0;;;;;Creado en import pero sin enlace WooCommerce;Enlazar manualmente o archivar si no existe en WC
IMPORT SIN WC;REVISAR;MEDIA;3440;;;;RIBETEADOR INCLINADO 22X6;NO;import reciente;0.0;1;;;;;Creado en import pero sin enlace WooCommerce;Enlazar manualmente o archivar si no existe en WC
IMPORT SIN WC;REVISAR;MEDIA;3441;;;;CUCHILLA HCS3;NO;import reciente;0.0;0;;;;;Creado en import pero sin enlace WooCommerce;Enlazar manualmente o archivar si no existe en WC
IMPORT SIN WC;REVISAR;MEDIA;3442;;;;TIH;NO;import reciente;0.0;0;;;;;Creado en import pero sin enlace WooCommerce;Enlazar manualmente o archivar si no existe en WC
IMPORT SIN WC;REVISAR;MEDIA;3443;;TRAB/DESP/BORD;;TRABAJOS REPARACIÓN//DESPLAZAMIENTO DE MÁQUINAS BORDAR INDUSTRIALES;NO;import reciente;0.0;12;;;;;Creado en import pero sin enlace WooCommerce;Enlazar manualmente o archivar si no existe en WC
IMPORT SIN WC;REVISAR;MEDIA;3444;;TRABAJOSAPAR;;TRABAJOS EN APARADO;NO;import reciente;0.0;45;;;;;Creado en import pero sin enlace WooCommerce;Enlazar manualmente o archivar si no existe en WC
IMPORT SIN WC;REVISAR;MEDIA;3445;;TRABAJOSBORD;;TRABAJOS REALIZADOS EN MÁQUINAS DE BORDAR INDUSTRIALES;NO;import reciente;0.0;3;;;;;Creado en import pero sin enlace WooCommerce;Enlazar manualmente o archivar si no existe en WC
IMPORT SIN WC;REVISAR;MEDIA;3446;;TRABCLIENT;;TRABAJOS EN CLIENTE;NO;import reciente;0.0;6;;;;;Creado en import pero sin enlace WooCommerce;Enlazar manualmente o archivar si no existe en WC
IMPORT SIN WC;REVISAR;MEDIA;3447;;DESPCOS;;DESPLAZAMIENTO EN MÁQUINAS DE COSER;NO;import reciente;0.0;1;;;;;Creado en import pero sin enlace WooCommerce;Enlazar manualmente o archivar si no existe en WC
IMPORT SIN WC;REVISAR;MEDIA;3448;;ENCHUFERAP;;ENCHUFE RÁPIDO;NO;import reciente;0.0;1;;;;;Creado en import pero sin enlace WooCommerce;Enlazar manualmente o archivar si no existe en WC
IMPORT SIN WC;REVISAR;MEDIA;3449;;6-82-2Y;;EXCÉNTRICO Nº24 MERROW;NO;import reciente;0.0;1;;;;;Creado en import pero sin enlace WooCommerce;Enlazar manualmente o archivar si no existe en WC
IMPORT SIN WC;REVISAR;MEDIA;3450;;;;REPARAR POSICIONADOR GORRAS;NO;import reciente;0.0;2;;;;;Creado en import pero sin enlace WooCommerce;Enlazar manualmente o archivar si no existe en WC
IMPORT SIN WC;REVISAR;MEDIA;3451;;NYLONNARANJA;;PRO-NYLON PARA EL BORDADO (1,6m) NARANJA;NO;import reciente;0.0;0;;;;;Creado en import pero sin enlace WooCommerce;Enlazar manualmente o archivar si no existe en WC
IMPORT SIN WC;REVISAR;MEDIA;3452;;;;Sincro motor;NO;import reciente;0.0;1;;;;;Creado en import pero sin enlace WooCommerce;Enlazar manualmente o archivar si no existe en WC
IMPORT SIN WC;REVISAR;MEDIA;3453;;;;TORNILLO SUJECCIÓN PLATO MAQ. AUTÓMATA;NO;import reciente;0.0;1;;;;;Creado en import pero sin enlace WooCommerce;Enlazar manualmente o archivar si no existe en WC
IMPORT SIN WC;REVISAR;MEDIA;3455;;HCT04040;;TAPA CUBRESPIRAL/GARFIO HCT;NO;import reciente;0.0;0;;;;;Creado en import pero sin enlace WooCommerce;Enlazar manualmente o archivar si no existe en WC
IMPORT SIN WC;REVISAR;MEDIA;3456;;HCT05080;;BOBBIN THREAD HOLDER;NO;import reciente;0.0;0;;;;;Creado en import pero sin enlace WooCommerce;Enlazar manualmente o archivar si no existe en WC
IMPORT SIN WC;REVISAR;MEDIA;3457;;ROTARY HOOK COVER RETAINING SPRING;;ROTARY HOOK COVER RETAINING SPRING;NO;import reciente;0.0;0;;;;;Creado en import pero sin enlace WooCommerce;Enlazar manualmente o archivar si no existe en WC
IMPORT SIN WC;REVISAR;MEDIA;3458;;HCT04060;;ROTARY HOOK COVER RETAINING SPRING;NO;import reciente;0.0;0;;;;;Creado en import pero sin enlace WooCommerce;Enlazar manualmente o archivar si no existe en WC
IMPORT SIN WC;REVISAR;MEDIA;3459;;HCT04070;;ROTARY HOOK COVER TENSION SPRING HCT HAPPY;NO;import reciente;0.0;0;;;;;Creado en import pero sin enlace WooCommerce;Enlazar manualmente o archivar si no existe en WC
IMPORT SIN WC;REVISAR;MEDIA;3460;;GB134-35D-100;;AGUJAS 134-35D-100;NO;import reciente;0.0;1;;;;;Creado en import pero sin enlace WooCommerce;Enlazar manualmente o archivar si no existe en WC
IMPORT SIN WC;REVISAR;MEDIA;3461;;;;TORNILLO SOPORTE CUCHILLA DK 888;NO;import reciente;0.0;1;;;;;Creado en import pero sin enlace WooCommerce;Enlazar manualmente o archivar si no existe en WC
IMPORT SIN WC;REVISAR;MEDIA;3462;;;;GOMA TOPE SOLENOIDE ALZAPATAS;NO;import reciente;0.0;1;;;;;Creado en import pero sin enlace WooCommerce;Enlazar manualmente o archivar si no existe en WC
IMPORT SIN WC;REVISAR;MEDIA;3463;;;;MANGUERA 5 HILOS;NO;import reciente;0.0;1;;;;;Creado en import pero sin enlace WooCommerce;Enlazar manualmente o archivar si no existe en WC
IMPORT SIN WC;REVISAR;MEDIA;3464;;;;HACER EJE 16 ROSCADO;NO;import reciente;0.0;1;;;;;Creado en import pero sin enlace WooCommerce;Enlazar manualmente o archivar si no existe en WC
IMPORT SIN WC;REVISAR;MEDIA;3465;;;;PLANTILLAS ROSCADAS AJUSTADOR BOQUILLA Y CUCHILLA SAGITTA;NO;import reciente;0.0;1;;;;;Creado en import pero sin enlace WooCommerce;Enlazar manualmente o archivar si no existe en WC
IMPORT SIN WC;REVISAR;MEDIA;3466;;;;AFILAR CUCHILLA SAGITTA;NO;import reciente;0.0;1;;;;;Creado en import pero sin enlace WooCommerce;Enlazar manualmente o archivar si no existe en WC
IMPORT SIN WC;REVISAR;MEDIA;3467;;;;PUENTE RECTIFICADOR VIA VOLONTE;NO;import reciente;0.0;1;;;;;Creado en import pero sin enlace WooCommerce;Enlazar manualmente o archivar si no existe en WC
IMPORT SIN WC;REVISAR;MEDIA;3468;;;;RIBETEADOR DE 19X5,5 VIVO ITALIANO PLANTA;NO;import reciente;0.0;1;;;;;Creado en import pero sin enlace WooCommerce;Enlazar manualmente o archivar si no existe en WC
IMPORT SIN WC;REVISAR;MEDIA;3469;;;;AJUSTADOR PALANCA RODILLERA;NO;import reciente;0.0;1;;;;;Creado en import pero sin enlace WooCommerce;Enlazar manualmente o archivar si no existe en WC
IMPORT SIN WC;REVISAR;MEDIA;3470;;;;TRABAJOS EN CAMBIO DE BIELA Y AJUSTE MAQUINA PF 491;NO;import reciente;0.0;1;;;;;Creado en import pero sin enlace WooCommerce;Enlazar manualmente o archivar si no existe en WC
IMPORT SIN WC;REVISAR;MEDIA;3471;;LASER KX1390-F;;LASER KASU CON RECONOCIMIENTO POR CÁMARA;NO;import reciente;0.0;1;;;;;Creado en import pero sin enlace WooCommerce;Enlazar manualmente o archivar si no existe en WC
IMPORT SIN WC;REVISAR;MEDIA;3472;;LTB1851;;COLOR 1851;NO;import reciente;0.0;0;;;;;Creado en import pero sin enlace WooCommerce;Enlazar manualmente o archivar si no existe en WC
IMPORT SIN WC;REVISAR;MEDIA;3473;;;;DESCUENTO PEDIDDO #192266;NO;import reciente;0.0;0;;;;;Creado en import pero sin enlace WooCommerce;Enlazar manualmente o archivar si no existe en WC
IMPORT SIN WC;REVISAR;MEDIA;3474;;115.00.310;;CAJA BOBINA BROTHER/PLK CANILLA PEQUEÑA;NO;import reciente;0.0;0;;;;;Creado en import pero sin enlace WooCommerce;Enlazar manualmente o archivar si no existe en WC
IMPORT SIN WC;REVISAR;MEDIA;3475;;115.00.304;;CAJA BOBINA JUKI LK-1900 CANILLA PEQUEÑA;NO;import reciente;0.0;0;;;;;Creado en import pero sin enlace WooCommerce;Enlazar manualmente o archivar si no existe en WC
IMPORT SIN WC;REVISAR;MEDIA;3476;;HILREFRECTANTE;;HILO REFLECTANTE 500M;NO;import reciente;0.0;0;;;;;Creado en import pero sin enlace WooCommerce;Enlazar manualmente o archivar si no existe en WC
IMPORT SIN WC;REVISAR;MEDIA;3477;;MUELLEBORD;;MUELLE TENSOR MÁQUINA DE BORDAR;NO;import reciente;0.0;0;;;;;Creado en import pero sin enlace WooCommerce;Enlazar manualmente o archivar si no existe en WC
IMPORT SIN WC;REVISAR;MEDIA;3478;;;;PRISMA AUTO 40X60;NO;import reciente;0.0;1;;;;;Creado en import pero sin enlace WooCommerce;Enlazar manualmente o archivar si no existe en WC
IMPORT SIN WC;REVISAR;MEDIA;3584;;HCD30053;;ANCLAJE TABLERO PLANO HCD DERECHO HAPPY;NO;import reciente;0.0;0;;;;;Creado en import pero sin enlace WooCommerce;Enlazar manualmente o archivar si no existe en WC
IMPORT SIN WC;REVISAR;MEDIA;3585;;HCD30033;;ANCLAJE TABLERO PLANO HCD IZQUIERDO HAPPY;NO;import reciente;0.0;0;;;;;Creado en import pero sin enlace WooCommerce;Enlazar manualmente o archivar si no existe en WC
IMPORT SIN WC;REVISAR;MEDIA;3586;;HCD30043;;ANCLAJE TABLERO PLANO TRASEROS HCD HAPPY;NO;import reciente;0.0;0;;;;;Creado en import pero sin enlace WooCommerce;Enlazar manualmente o archivar si no existe en WC
IMPORT SIN WC;REVISAR;MEDIA;3587;;HCR81262/HCR81261;;JUMP-SW2 BOARD ASS´Y HCR3 HAPPY;NO;import reciente;0.0;0;;;;;Creado en import pero sin enlace WooCommerce;Enlazar manualmente o archivar si no existe en WC
IMPORT SIN WC;REVISAR;MEDIA;3588;;;;PLACA ELECTRONICA ON/OFF CABEZAL HCR2 (copia);NO;import reciente;0.0;0;;;;;Creado en import pero sin enlace WooCommerce;Enlazar manualmente o archivar si no existe en WC
IMPORT SIN WC;REVISAR;MEDIA;3589;;HCR81080;;PLACA ELECTRONICA ON/OFF CABEZAL HCR2;NO;import reciente;0.0;0;;;;;Creado en import pero sin enlace WooCommerce;Enlazar manualmente o archivar si no existe en WC
IMPORT SIN WC;REVISAR;MEDIA;3590;;HCR81090;;PLACA INTERRUPTOR HAPPY HCR2;NO;import reciente;0.0;0;;;;;Creado en import pero sin enlace WooCommerce;Enlazar manualmente o archivar si no existe en WC
IMPORT SIN WC;REVISAR;MEDIA;3591;;;;SINSIM PEC-1202  (copia);NO;import reciente;0.0;0;;;;;Creado en import pero sin enlace WooCommerce;Enlazar manualmente o archivar si no existe en WC
IMPORT SIN WC;REVISAR;MEDIA;3592;;;;LTB 1938;NO;import reciente;0.0;0;;;;;Creado en import pero sin enlace WooCommerce;Enlazar manualmente o archivar si no existe en WC
IMPORT SIN WC;REVISAR;MEDIA;3593;;;;FUNDA PLANCHA;NO;import reciente;0.0;1;;;;;Creado en import pero sin enlace WooCommerce;Enlazar manualmente o archivar si no existe en WC
IMPORT SIN WC;REVISAR;MEDIA;3594;;;;RACOR UNION 6mm;NO;import reciente;0.0;1;;;;;Creado en import pero sin enlace WooCommerce;Enlazar manualmente o archivar si no existe en WC
IMPORT SIN WC;REVISAR;MEDIA;3595;;;;garfio dk 888;NO;import reciente;0.0;1;;;;;Creado en import pero sin enlace WooCommerce;Enlazar manualmente o archivar si no existe en WC
IMPORT SIN WC;REVISAR;MEDIA;3596;;;;ARO GOMA RODETA PARA MAQUINA DE CARGAR;NO;import reciente;0.0;2;;;;;Creado en import pero sin enlace WooCommerce;Enlazar manualmente o archivar si no existe en WC
IMPORT SIN WC;REVISAR;MEDIA;3597;;;;RODETA ABATIBLE;NO;import reciente;0.0;1;;;;;Creado en import pero sin enlace WooCommerce;Enlazar manualmente o archivar si no existe en WC
IMPORT SIN WC;REVISAR;MEDIA;3598;;;;PLANTILLA SOPORTE PRESILLA TTY;NO;import reciente;0.0;2;;;;;Creado en import pero sin enlace WooCommerce;Enlazar manualmente o archivar si no existe en WC
IMPORT SIN WC;REVISAR;MEDIA;3599;;;;MUELLE PRESILLA TTY;NO;import reciente;0.0;1;;;;;Creado en import pero sin enlace WooCommerce;Enlazar manualmente o archivar si no existe en WC
IMPORT SIN WC;REVISAR;MEDIA;3600;;;;RIBETEADOR DE 17X4 CON PUENTE TRASERO Y PASE CANUTILLO;NO;import reciente;0.0;1;;;;;Creado en import pero sin enlace WooCommerce;Enlazar manualmente o archivar si no existe en WC
IMPORT SIN WC;REVISAR;MEDIA;3601;;;;RIBETEADOR 20X6;NO;import reciente;0.0;1;;;;;Creado en import pero sin enlace WooCommerce;Enlazar manualmente o archivar si no existe en WC
IMPORT SIN WC;REVISAR;MEDIA;3602;;;;134R;NO;import reciente;0.0;0;;;;;Creado en import pero sin enlace WooCommerce;Enlazar manualmente o archivar si no existe en WC
IMPORT SIN WC;REVISAR;MEDIA;3603;;;;Anticipo;NO;import reciente;0.0;1;;;;;Creado en import pero sin enlace WooCommerce;Enlazar manualmente o archivar si no existe en WC
IMPORT SIN WC;REVISAR;MEDIA;3604;;;;LTB1866;NO;import reciente;0.0;0;;;;;Creado en import pero sin enlace WooCommerce;Enlazar manualmente o archivar si no existe en WC
IMPORT SIN WC;REVISAR;MEDIA;3605;;;;DESPLAZAMIENTO A CLIENTE;NO;import reciente;0.0;0;;;;;Creado en import pero sin enlace WooCommerce;Enlazar manualmente o archivar si no existe en WC
IMPORT SIN WC;REVISAR;MEDIA;3606;;;;0888 22743;NO;import reciente;0.0;0;;;;;Creado en import pero sin enlace WooCommerce;Enlazar manualmente o archivar si no existe en WC
LEGACY CON PEDIDOS;NO ARCHIVAR;-;3444;;TRABAJOSAPAR;;TRABAJOS EN APARADO;NO;legacy;;45;;;;;Catalogo historico con ventas en Odoo;
LEGACY CON PEDIDOS;NO ARCHIVAR;-;3340;;;;PORTES CTT;NO;legacy;;20;;;;;Catalogo historico con ventas en Odoo;
LEGACY CON PEDIDOS;NO ARCHIVAR;-;1301;;0767 150590;;MUELLE FRENO CANILLA DK 888;NO;legacy;;14;;;;;Catalogo historico con ventas en Odoo;
LEGACY CON PEDIDOS;NO ARCHIVAR;-;487;;PREB ROYAL BL;;CAJA DE CANILLAS PREBOBINADAS PREMIUM ROYAL BLANCA 70D/2 L;NO;legacy;;14;;;;;Catalogo historico con ventas en Odoo;
LEGACY CON PEDIDOS;NO ARCHIVAR;-;3443;;TRAB/DESP/BORD;;TRABAJOS REPARACIÓN//DESPLAZAMIENTO DE MÁQUINAS BORDAR INDUSTRIALES;NO;legacy;;12;;;;;Catalogo historico con ventas en Odoo;
LEGACY CON PEDIDOS;NO ARCHIVAR;-;2501;;BASE-70WL;;70WL BLANCA ENTRETELA BASE DE ARRANCAR, 70 GRAMOS. (1m X 100m);NO;legacy;;9;;;;;Catalogo historico con ventas en Odoo;
LEGACY CON PEDIDOS;NO ARCHIVAR;-;2500;;BASE-105WL;;ENTRETELA BASE DE ARRANCAR, 105 GRAMOS. (1m X 100m);NO;legacy;;7;;;;;Catalogo historico con ventas en Odoo;
LEGACY CON PEDIDOS;NO ARCHIVAR;-;1625;;0688 350110;;CUCHILLA MOVIL DK 888/HIGLEAD/GOLDEN WHEEL;NO;legacy;;6;;;;;Catalogo historico con ventas en Odoo;
LEGACY CON PEDIDOS;NO ARCHIVAR;-;3446;;TRABCLIENT;;TRABAJOS EN CLIENTE;NO;legacy;;6;;;;;Catalogo historico con ventas en Odoo;
LEGACY CON PEDIDOS;NO ARCHIVAR;-;3111;;LTB1801;;COLOR 1801 (BLANCO);NO;legacy;;6;;;;;Catalogo historico con ventas en Odoo;
LEGACY CON PEDIDOS;NO ARCHIVAR;-;1361;;FRA44270;;FLEJE BASTIDOR GORRAS HCR2/HCR3;NO;legacy;;5;;;;;Catalogo historico con ventas en Odoo;
LEGACY CON PEDIDOS;NO ARCHIVAR;-;990;;GBDBXK5-80RG;;AGUJA DBXK5 80RG;NO;legacy;;4;;;;;Catalogo historico con ventas en Odoo;
LEGACY CON PEDIDOS;NO ARCHIVAR;-;2918;;HCD81351;;PLACA CONT-D3 BOARD ASSY HCD3E;NO;legacy;;4;;;;;Catalogo historico con ventas en Odoo;
LEGACY CON PEDIDOS;NO ARCHIVAR;-;1965;;FLEXO-DS99K-T;;FLEXO ARTICULADO LED;NO;legacy;;4;;;;;Catalogo historico con ventas en Odoo;
LEGACY CON PEDIDOS;NO ARCHIVAR;-;1306;;0245 001660 A;;CANILLA dk MOD. 888/888M;NO;legacy;;4;;;;;Catalogo historico con ventas en Odoo;
LEGACY CON PEDIDOS;NO ARCHIVAR;-;1375;;91-011165-04/3.0;;CUCHILLA REFINAR ROMER 3,0 PF-491;NO;legacy;;4;;;;;Catalogo historico con ventas en Odoo;
LEGACY CON PEDIDOS;NO ARCHIVAR;-;3107;;LTB1980;;COLOR 1980;NO;legacy;;4;;;;;Catalogo historico con ventas en Odoo;
LEGACY CON PEDIDOS;NO ARCHIVAR;-;3171;;HMGU13630;;PRENSATELAS HAPPY HCD2/HCR2/HMF & HMG NOISE REDUCTION;NO;legacy;;4;;;;;Catalogo historico con ventas en Odoo;
LEGACY CON PEDIDOS;NO ARCHIVAR;-;1730;;0688 150130;;TAPA COLUMNA DCHA. DK 888;NO;legacy;;4;;;;;Catalogo historico con ventas en Odoo;
LEGACY CON PEDIDOS;NO ARCHIVAR;-;3181;;0888 200040;;"PLACA 1 AGUJA ""a"" dk 888/HIGHLEAD/GOLDEN WHEEL";NO;legacy;;4;;;;;Catalogo historico con ventas en Odoo;
LEGACY CON PEDIDOS;NO ARCHIVAR;-;1273;;0888 220783;;RODETA GOMA DK 35MM Ø;NO;legacy;;4;;;;;Catalogo historico con ventas en Odoo;
LEGACY CON PEDIDOS;NO ARCHIVAR;-;1534;;RACOR AIRE 1/4;;RACOR AIRE 1/4;NO;legacy;;3;;;;;Catalogo historico con ventas en Odoo;
LEGACY CON PEDIDOS;NO ARCHIVAR;-;1575;;9203 361842;;Tornillo placa 1 aguja dk/SUNK SCREW;NO;legacy;;3;;;;;Catalogo historico con ventas en Odoo;
LEGACY CON PEDIDOS;NO ARCHIVAR;-;3174;;0888 200050;;"PLACA 1 AGUJA ""b"" dk 888";NO;legacy;;3;;;;;Catalogo historico con ventas en Odoo;
LEGACY CON PEDIDOS;NO ARCHIVAR;-;3351;;LTB1842;;CONO HILO LTB, GROSOR 40, 5000 mts, Color 1842;NO;legacy;;3;;;;;Catalogo historico con ventas en Odoo;
LEGACY CON PEDIDOS;NO ARCHIVAR;-;3179;;0688 350100;;"CUCHILLA FIJA dk888
/HIGHLEAD/GOLDEN WHEEL";NO;legacy;;3;;;;;Catalogo historico con ventas en Odoo;
LEGACY CON PEDIDOS;NO ARCHIVAR;-;3109;;LTB1800;;COLOR 1800 (NEGRO);NO;legacy;;3;;;;;Catalogo historico con ventas en Odoo;
LEGACY CON PEDIDOS;NO ARCHIVAR;-;1299;;TRAB/DESP/APA;;TRABAJOS/REPARACIÓN/DESPLAZAMIENTO,  DE MAQUINAS DE APARAR/COSER;NO;legacy;;3;;;;;Catalogo historico con ventas en Odoo;
LEGACY CON PEDIDOS;NO ARCHIVAR;-;1358;;TRAB/DESP/TOLD;;TRABAJOS/REPARACIÓN/DESPLAZAMIENTOS MAQUINAS DE TOLDOS;NO;legacy;;3;;;;;Catalogo historico con ventas en Odoo;
LEGACY CON PEDIDOS;NO ARCHIVAR;-;1731;;0688 150140;;TAPA COLUMNA IZDA. DK 888;NO;legacy;;3;;;;;Catalogo historico con ventas en Odoo;
LEGACY CON PEDIDOS;NO ARCHIVAR;-;1352;;ISAMET METAL;;HILO ISAMET 40 5000M METAL ORO 0493;NO;legacy;;3;;;;;Catalogo historico con ventas en Odoo;
LEGACY CON PEDIDOS;NO ARCHIVAR;-;1225;;GB134R-80;;AGUJAS 134R-80;NO;legacy;;3;;;;;Catalogo historico con ventas en Odoo;
LEGACY CON PEDIDOS;NO ARCHIVAR;-;2159;;0688 350200;;TORNILLO CUCHILLA MOVIL  DK 888;NO;legacy;;3;;;;;Catalogo historico con ventas en Odoo;
LEGACY CON PEDIDOS;NO ARCHIVAR;-;1877;;HCD05140;;CUCHILLA FIJA HAPPY HCU/HCR3/HCD3 (MODERNA);NO;legacy;;3;;;;;Catalogo historico con ventas en Odoo;
LEGACY CON PEDIDOS;NO ARCHIVAR;-;3249;;PEC-1202;;SINSIM PEC-1202 ;NO;legacy;;3;;;;;Catalogo historico con ventas en Odoo;
LEGACY CON PEDIDOS;NO ARCHIVAR;-;1528;;0888 150754;;GARFIO DK 888;NO;legacy;;3;;;;;Catalogo historico con ventas en Odoo;
LEGACY CON PEDIDOS;NO ARCHIVAR;-;3445;;TRABAJOSBORD;;TRABAJOS REALIZADOS EN MÁQUINAS DE BORDAR INDUSTRIALES;NO;legacy;;3;;;;;Catalogo historico con ventas en Odoo;
LEGACY CON PEDIDOS;NO ARCHIVAR;-;2368;;0667 156424;;INTERIOR DK888 22m;NO;legacy;;2;;;;;Catalogo historico con ventas en Odoo;
LEGACY CON PEDIDOS;NO ARCHIVAR;-;1119;;EPP00522/EPP00524;;FOTO INTERRUPTOR HAPPY;NO;legacy;;2;;;;;Catalogo historico con ventas en Odoo;
LEGACY CON PEDIDOS;NO ARCHIVAR;-;3596;;;;ARO GOMA RODETA PARA MAQUINA DE CARGAR;NO;legacy;;2;;;;;Catalogo historico con ventas en Odoo;
LEGACY CON PEDIDOS;NO ARCHIVAR;-;3598;;;;PLANTILLA SOPORTE PRESILLA TTY;NO;legacy;;2;;;;;Catalogo historico con ventas en Odoo;
LEGACY CON PEDIDOS;NO ARCHIVAR;-;1150;;ESP4G;;ESPUMA4GRIS;NO;legacy;;2;;;;;Catalogo historico con ventas en Odoo;
LEGACY CON PEDIDOS;NO ARCHIVAR;-;3450;;;;REPARAR POSICIONADOR GORRAS;NO;legacy;;2;;;;;Catalogo historico con ventas en Odoo;
LEGACY CON PEDIDOS;NO ARCHIVAR;-;3296;;LTB1615;;COLOR 1615;NO;legacy;;2;;;;;Catalogo historico con ventas en Odoo;
LEGACY CON PEDIDOS;NO ARCHIVAR;-;3347;;LTB1811;;LTB1811;NO;legacy;;2;;;;;Catalogo historico con ventas en Odoo;
LEGACY CON PEDIDOS;NO ARCHIVAR;-;1228;;GB134R-70;;AGUJAS 134R-70;NO;legacy;;2;;;;;Catalogo historico con ventas en Odoo;
LEGACY CON PEDIDOS;NO ARCHIVAR;-;1061;;HCD50040;;BOTON PLASTICO PULSADOR START PANEL HAPPY;NO;legacy;;2;;;;;Catalogo historico con ventas en Odoo;
LEGACY CON PEDIDOS;NO ARCHIVAR;-;2985;;52/11;;PIEDRA 52/11 LADO IZQUIERDO;NO;legacy;;2;;;;;Catalogo historico con ventas en Odoo;
LEGACY CON PEDIDOS;NO ARCHIVAR;-;3158;;ST-M1010-HA360;;"MIGHTYHOOP 10 X 10"" ECO";NO;legacy;;2;;;;;Catalogo historico con ventas en Odoo;
LEGACY CON PEDIDOS;NO ARCHIVAR;-;2182;;BOBINAVOL;;BOBINA PUESTO VOLONTE;NO;legacy;;2;;;;;Catalogo historico con ventas en Odoo;
LEGACY CON PEDIDOS;NO ARCHIVAR;-;3416;;GB134S-65;;AGUJAS 134S-65;NO;legacy;;2;;;;;Catalogo historico con ventas en Odoo;
LEGACY CON PEDIDOS;NO ARCHIVAR;-;1524;;HCD05033;;CUCHILLA MOVIL HAPPY HCS/HCS2/HCR2/HCH+;NO;legacy;;2;;;;;Catalogo historico con ventas en Odoo;
LEGACY CON PEDIDOS;NO ARCHIVAR;-;1350;;EPZ01222;;TARJETA DE MEMORIA SD WINDOWS HAPPY HCS2/HCD2/HCR2.;NO;legacy;;2;;;;;Catalogo historico con ventas en Odoo;
LEGACY CON PEDIDOS;NO ARCHIVAR;-;1141;;HCB08066;;TACO SALTO PUNTADA COMPLETO (RECIPROCADOR) HAPPY HCH/HCS/HCS2;NO;legacy;;2;;;;;Catalogo historico con ventas en Odoo;
LEGACY CON PEDIDOS;NO ARCHIVAR;-;488;;PREB ROYAL NE;;CAJA DE CANILLAS PREBOBINADAS PREMIUM ROYAL COLOR NEGRO 70D/2 L;NO;legacy;;2;;;;;Catalogo historico con ventas en Odoo;
LEGACY CON PEDIDOS;NO ARCHIVAR;-;1406;;9820 110018;;ELECTROIMAN ALZAPATAS DK 888;NO;legacy;;2;;;;;Catalogo historico con ventas en Odoo;
LEGACY CON PEDIDOS;NO ARCHIVAR;-;3408;;;;NOTA;NO;legacy;;2;;;;;Catalogo historico con ventas en Odoo;
LEGACY CON PEDIDOS;NO ARCHIVAR;-;3417;;GB134KKSD-70;;AGUJAS 134KKSD-70;NO;legacy;;2;;;;;Catalogo historico con ventas en Odoo;
LEGACY CON PEDIDOS;NO ARCHIVAR;-;1589;;0992 023577;;TORNILLO DELANTERO DK 888;NO;legacy;;2;;;;;Catalogo historico con ventas en Odoo;
LEGACY CON PEDIDOS;NO ARCHIVAR;-;1633;;GB134D-120;;AGUJAS 134D-120;NO;legacy;;2;;;;;Catalogo historico con ventas en Odoo;
LEGACY CON PEDIDOS;NO ARCHIVAR;-;3350;;LTB1967;;LTB1967;NO;legacy;;2;;;;;Catalogo historico con ventas en Odoo;
LEGACY CON PEDIDOS;NO ARCHIVAR;-;1158;;ESP4BLA;;ESPUMA 4MM BLANCA;NO;legacy;;2;;;;;Catalogo historico con ventas en Odoo;
LEGACY CON PEDIDOS;NO ARCHIVAR;-;1159;;ESP4NE;;ESPUMA4NEGRA;NO;legacy;;2;;;;;Catalogo historico con ventas en Odoo;
LEGACY CON PEDIDOS;NO ARCHIVAR;-;506;;P-BEYAZ;;FISPOLY40, BEYAZ (BLANCO);NO;legacy;;2;;;;;Catalogo historico con ventas en Odoo;
LEGACY CON PEDIDOS;NO ARCHIVAR;-;2701;;HCU2-1401-40;;HCU2-1401-40W                                      ;NO;legacy;;2;;;;;Catalogo historico con ventas en Odoo;
LEGACY CON PEDIDOS;NO ARCHIVAR;-;2736;;HCS05020;;CUCHILLA FIJA HAPPY HCS3;NO;legacy;;2;;;;;Catalogo historico con ventas en Odoo;
LEGACY CON PEDIDOS;NO ARCHIVAR;-;1392;;NYLONBLANCO;;PRO-NYLON PARA EL BORDADO (1,6m) BLANCO;NO;legacy;;2;;;;;Catalogo historico con ventas en Odoo;
LEGACY CON PEDIDOS;NO ARCHIVAR;-;3367;;GB134LR-60;;AGUJAS 134LR-60;NO;legacy;;2;;;;;Catalogo historico con ventas en Odoo;
LEGACY CON PEDIDOS;NO ARCHIVAR;-;1398;;TA-FX0227000000;;CUCHILLA MOVIL TAJIMA TMFD;NO;legacy;;2;;;;;Catalogo historico con ventas en Odoo;
LEGACY CON PEDIDOS;NO ARCHIVAR;-;3110;;LTB1765;;COLOR 1765;NO;legacy;;2;;;;;Catalogo historico con ventas en Odoo;
LEGACY CON PEDIDOS;NO ARCHIVAR;-;1748;;S080 870167;;CUCHILLA MOVIL ZIG-ZAG dk 52X / GB;NO;legacy;;2;;;;;Catalogo historico con ventas en Odoo;
LEGACY CON PEDIDOS;NO ARCHIVAR;-;3428;;9850 001089;;LED DK 52X;NO;legacy;;1;;;;;Catalogo historico con ventas en Odoo;
LEGACY CON PEDIDOS;NO ARCHIVAR;-;3435;;STAD03004;;TORNILLO PLACA REFUERZO BASTIDOR GORRAS HCS;NO;legacy;;1;;;;;Catalogo historico con ventas en Odoo;
LEGACY CON PEDIDOS;NO ARCHIVAR;-;3430;;S080 818711;;RESORTE DK ;NO;legacy;;1;;;;;Catalogo historico con ventas en Odoo;
LEGACY CON PEDIDOS;NO ARCHIVAR;-;987;;GBDBXK5-65RG;;AGUJA DBXK5 65RG;NO;legacy;;1;;;;;Catalogo historico con ventas en Odoo;
LEGACY CON PEDIDOS;NO ARCHIVAR;-;3440;;;;RIBETEADOR INCLINADO 22X6;NO;legacy;;1;;;;;Catalogo historico con ventas en Odoo;
LEGACY CON PEDIDOS;NO ARCHIVAR;-;3448;;ENCHUFERAP;;ENCHUFE RÁPIDO;NO;legacy;;1;;;;;Catalogo historico con ventas en Odoo;
LEGACY CON PEDIDOS;NO ARCHIVAR;-;3447;;DESPCOS;;DESPLAZAMIENTO EN MÁQUINAS DE COSER;NO;legacy;;1;;;;;Catalogo historico con ventas en Odoo;
LEGACY CON PEDIDOS;NO ARCHIVAR;-;3449;;6-82-2Y;;EXCÉNTRICO Nº24 MERROW;NO;legacy;;1;;;;;Catalogo historico con ventas en Odoo;
LEGACY CON PEDIDOS;NO ARCHIVAR;-;3462;;;;GOMA TOPE SOLENOIDE ALZAPATAS;NO;legacy;;1;;;;;Catalogo historico con ventas en Odoo;
LEGACY CON PEDIDOS;NO ARCHIVAR;-;3465;;;;PLANTILLAS ROSCADAS AJUSTADOR BOQUILLA Y CUCHILLA SAGITTA;NO;legacy;;1;;;;;Catalogo historico con ventas en Odoo;
LEGACY CON PEDIDOS;NO ARCHIVAR;-;3466;;;;AFILAR CUCHILLA SAGITTA;NO;legacy;;1;;;;;Catalogo historico con ventas en Odoo;
LEGACY CON PEDIDOS;NO ARCHIVAR;-;3460;;GB134-35D-100;;AGUJAS 134-35D-100;NO;legacy;;1;;;;;Catalogo historico con ventas en Odoo;
LEGACY CON PEDIDOS;NO ARCHIVAR;-;3470;;;;TRABAJOS EN CAMBIO DE BIELA Y AJUSTE MAQUINA PF 491;NO;legacy;;1;;;;;Catalogo historico con ventas en Odoo;
LEGACY CON PEDIDOS;NO ARCHIVAR;-;3452;;;;Sincro motor;NO;legacy;;1;;;;;Catalogo historico con ventas en Odoo;
LEGACY CON PEDIDOS;NO ARCHIVAR;-;3453;;;;TORNILLO SUJECCIÓN PLATO MAQ. AUTÓMATA;NO;legacy;;1;;;;;Catalogo historico con ventas en Odoo;
LEGACY CON PEDIDOS;NO ARCHIVAR;-;3461;;;;TORNILLO SOPORTE CUCHILLA DK 888;NO;legacy;;1;;;;;Catalogo historico con ventas en Odoo;
LEGACY CON PEDIDOS;NO ARCHIVAR;-;3463;;;;MANGUERA 5 HILOS;NO;legacy;;1;;;;;Catalogo historico con ventas en Odoo;
LEGACY CON PEDIDOS;NO ARCHIVAR;-;3464;;;;HACER EJE 16 ROSCADO;NO;legacy;;1;;;;;Catalogo historico con ventas en Odoo;
LEGACY CON PEDIDOS;NO ARCHIVAR;-;3467;;;;PUENTE RECTIFICADOR VIA VOLONTE;NO;legacy;;1;;;;;Catalogo historico con ventas en Odoo;
LEGACY CON PEDIDOS;NO ARCHIVAR;-;3468;;;;RIBETEADOR DE 19X5,5 VIVO ITALIANO PLANTA;NO;legacy;;1;;;;;Catalogo historico con ventas en Odoo;
LEGACY CON PEDIDOS;NO ARCHIVAR;-;3469;;;;AJUSTADOR PALANCA RODILLERA;NO;legacy;;1;;;;;Catalogo historico con ventas en Odoo;
LEGACY CON PEDIDOS;NO ARCHIVAR;-;3471;;LASER KX1390-F;;LASER KASU CON RECONOCIMIENTO POR CÁMARA;NO;legacy;;1;;;;;Catalogo historico con ventas en Odoo;
LEGACY CON PEDIDOS;NO ARCHIVAR;-;3478;;;;PRISMA AUTO 40X60;NO;legacy;;1;;;;;Catalogo historico con ventas en Odoo;
LEGACY CON PEDIDOS;NO ARCHIVAR;-;2514;;HR3U37A2;;BASTIDOR GORRAS HAPPY HCR3-;NO;legacy;;1;;;;;Catalogo historico con ventas en Odoo;
LEGACY CON PEDIDOS;NO ARCHIVAR;-;1357;;GB332R-90;;AGUJAS 332-90R;NO;legacy;;1;;;;;Catalogo historico con ventas en Odoo;
LEGACY CON PEDIDOS;NO ARCHIVAR;-;2858;;0667 165220;;MUELLE TENSOR DK;NO;legacy;;1;;;;;Catalogo historico con ventas en Odoo;
LEGACY CON PEDIDOS;NO ARCHIVAR;-;1261;;GBDBXK5SAN1-70RG;;AGUJAS DBXK5 70RG gebedur;NO;legacy;;1;;;;;Catalogo historico con ventas en Odoo;
LEGACY CON PEDIDOS;NO ARCHIVAR;-;3331;;PEC-1204;;"- MAQUINA DE BORDAR SINSIM DE CUATRO CABEZALES Y 12 AGUJAS, CON CAMPO DE TRABAJO DE 400X400, EQUIPADA CON GARFIO JAPONÉS, MONITOR DE 10 PULGADAS, CONDUCCIÓN DE BASTIDOR SUSPENDIDA PARA UN MAYOR APROVECHAMIENTO DEL ESPACIO DE BORDADO Y TECNOLOGÍA SERVOMOTOR.

- VELOCIDAD 1200 RPM. 
- GARFIO JAPONES HIROSE.
- PANEL S10 PRO, CON CONVERSION DE ARCHIVOS JPG DIRECTAMENTE A DST.
- CAMBIO DE COLOR AUTOMATICO
- FUNCIÓN DE AVANCE Y RETROCESO DEL BASTIDOR CON UN SOLO TOQUE
- FUNCION CORTE DE HILO AUTOMATICO
- ALARMA AUTOMATICA LIMITE DEL DISEÑO
- ILUMINACION LED FRONTAL
- FUNCION TRANSMISION DEL DISEÑO INHALAMBRICO
- FUNCION SELECCION DEL BASTIDOR
- RESTABLECIMIENTO POR FALLO DE CORRIENTE EN UN SOLO TOQUE. OPCIONAL: SISTEMA RECONOCIMIENTO


INCLUYE:
8 X Aro 70, 8 X Aro 110, 8 X Aro 150, 8 X Aro 190, 8 X Aro 270*270 , 8 X Aro 530*330, 1 X Kit de Gorras, Bobinador de Canillas, 1 X Mesa plana, 1 X Bastidor Portal, 1 X Soporte de máquina.";NO;legacy;;1;;;;;Catalogo historico con ventas en Odoo;
LEGACY CON PEDIDOS;NO ARCHIVAR;-;2183;;91-119449-12;;BIELA cortahilos pf 491;NO;legacy;;1;;;;;Catalogo historico con ventas en Odoo;
LEGACY CON PEDIDOS;NO ARCHIVAR;-;3593;;;;FUNDA PLANCHA;NO;legacy;;1;;;;;Catalogo historico con ventas en Odoo;
LEGACY CON PEDIDOS;NO ARCHIVAR;-;3599;;;;MUELLE PRESILLA TTY;NO;legacy;;1;;;;;Catalogo historico con ventas en Odoo;
LEGACY CON PEDIDOS;NO ARCHIVAR;-;3600;;;;RIBETEADOR DE 17X4 CON PUENTE TRASERO Y PASE CANUTILLO;NO;legacy;;1;;;;;Catalogo historico con ventas en Odoo;
LEGACY CON PEDIDOS;NO ARCHIVAR;-;3603;;;;Anticipo;NO;legacy;;1;;;;;Catalogo historico con ventas en Odoo;
LEGACY CON PEDIDOS;NO ARCHIVAR;-;3594;;;;RACOR UNION 6mm;NO;legacy;;1;;;;;Catalogo historico con ventas en Odoo;
LEGACY CON PEDIDOS;NO ARCHIVAR;-;3595;;;;garfio dk 888;NO;legacy;;1;;;;;Catalogo historico con ventas en Odoo;
LEGACY CON PEDIDOS;NO ARCHIVAR;-;3597;;;;RODETA ABATIBLE;NO;legacy;;1;;;;;Catalogo historico con ventas en Odoo;
LEGACY CON PEDIDOS;NO ARCHIVAR;-;3601;;;;RIBETEADOR 20X6;NO;legacy;;1;;;;;Catalogo historico con ventas en Odoo;
LEGACY CON PEDIDOS;NO ARCHIVAR;-;1541;;S321 010220;;BOLA BAQUELITA TOPE DK;NO;legacy;;1;;;;;Catalogo historico con ventas en Odoo;
LEGACY CON PEDIDOS;NO ARCHIVAR;-;1696;;GB134-35D-140;;AGUJAS 134-35D-140;NO;legacy;;1;;;;;Catalogo historico con ventas en Odoo;
LEGACY CON PEDIDOS;NO ARCHIVAR;-;2708;;NYLONAZULINA;;PRO-NYLON PARA EL BORDADO (1,6M) AZULINA;NO;legacy;;1;;;;;Catalogo historico con ventas en Odoo;
LEGACY CON PEDIDOS;NO ARCHIVAR;-;3291;;S080 627037;;PORTA AGUJA DK 524;NO;legacy;;1;;;;;Catalogo historico con ventas en Odoo;
LEGACY CON PEDIDOS;NO ARCHIVAR;-;3322;;LTB1775;;COLOR 1775;NO;legacy;;1;;;;;Catalogo historico con ventas en Odoo;
LEGACY CON PEDIDOS;NO ARCHIVAR;-;3332;;;;PLACA ELECTRONICA ON/OFF CABEZAL HCR2;NO;legacy;;1;;;;;Catalogo historico con ventas en Odoo;
LEGACY CON PEDIDOS;NO ARCHIVAR;-;1002;;HCB05070;;CAZAHILOS HILO CANILLA HAPPY HCS/HCS2/HCD/HCD2/HCR2;NO;legacy;;1;;;;;Catalogo historico con ventas en Odoo;
LEGACY CON PEDIDOS;NO ARCHIVAR;-;1062;;HCG14B20;;FIELTRO 12 AGUJAS HAPPY HCG/HCM/HMF;NO;legacy;;1;;;;;Catalogo historico con ventas en Odoo;
LEGACY CON PEDIDOS;NO ARCHIVAR;-;1676;;MID 12;;BASTIDOR TUBULAR MID 12CM TIPO HAPPY;NO;legacy;;1;;;;;Catalogo historico con ventas en Odoo;
LEGACY CON PEDIDOS;NO ARCHIVAR;-;2202;;HCR79020;;CONJUNTO FRENO HAPPY HCR2;NO;legacy;;1;;;;;Catalogo historico con ventas en Odoo;
LEGACY CON PEDIDOS;NO ARCHIVAR;-;2888;;ANZELSLW;;ANZEL SUPER LUX (FINO) WHITE 60/2 10.000MT HILO CANILLA;NO;legacy;;1;;;;;Catalogo historico con ventas en Odoo;
LEGACY CON PEDIDOS;NO ARCHIVAR;-;1478;;GL60001402;;CORREA ARRASTRE GB LP971;NO;legacy;;1;;;;;Catalogo historico con ventas en Odoo;
LEGACY CON PEDIDOS;NO ARCHIVAR;-;1811;;CORREA Z-56;;CORREA Z-56 OPTIB.;NO;legacy;;1;;;;;Catalogo historico con ventas en Odoo;
LEGACY CON PEDIDOS;NO ARCHIVAR;-;1452;;GB134KKD-80;;AGUJAS 134KKD-80;NO;legacy;;1;;;;;Catalogo historico con ventas en Odoo;
LEGACY CON PEDIDOS;NO ARCHIVAR;-;1606;;HCU04A71;;CUCHILLA MOVIL HAPPY HCU;NO;legacy;;1;;;;;Catalogo historico con ventas en Odoo;
LEGACY CON PEDIDOS;NO ARCHIVAR;-;1530;;BO-55623;;CANILLA ALFA/MB/MAQ. BORDAR Y SINGER 20U;NO;legacy;;1;;;;;Catalogo historico con ventas en Odoo;
LEGACY CON PEDIDOS;NO ARCHIVAR;-;1850;;0667 156530;;CANILLA PEQUEÑA 22MM DK 888;NO;legacy;;1;;;;;Catalogo historico con ventas en Odoo;
LEGACY CON PEDIDOS;NO ARCHIVAR;-;2057;;HIDRO110M-60;;FILM HIDROSOLUBLE 110 60CMX100MT.;NO;legacy;;1;;;;;Catalogo historico con ventas en Odoo;
LEGACY CON PEDIDOS;NO ARCHIVAR;-;2341;;FR-ZP5C;;BIELA ACCTO.ANCORA;NO;legacy;;1;;;;;Catalogo historico con ventas en Odoo;
LEGACY CON PEDIDOS;NO ARCHIVAR;-;2118;;8.02.410;;CABLE TENSOR BIGORNIA MEC-VAL CS-87;NO;legacy;;1;;;;;Catalogo historico con ventas en Odoo;
LEGACY CON PEDIDOS;NO ARCHIVAR;-;2174;;91-119256-05;;ARANDELA GOMA EJE BIELA PF-491;NO;legacy;;1;;;;;Catalogo historico con ventas en Odoo;
LEGACY CON PEDIDOS;NO ARCHIVAR;-;3038;;050320940000;;CUCHILLA FIJA 2 AGUJEROS TAJIMA TFMX-2C TIPO 2;NO;legacy;;1;;;;;Catalogo historico con ventas en Odoo;
LEGACY CON PEDIDOS;NO ARCHIVAR;-;2852;;MID 18;;BASTIDOR TUBULAR MID 18CM TIPO HAPPY;NO;legacy;;1;;;;;Catalogo historico con ventas en Odoo;
LEGACY CON PEDIDOS;NO ARCHIVAR;-;2855;;30090-a;;CORREA MOTOR HAPPY HCH;NO;legacy;;1;;;;;Catalogo historico con ventas en Odoo;
LEGACY CON PEDIDOS;NO ARCHIVAR;-;2534;;HCG902670;;BUSH ASS´Y;NO;legacy;;1;;;;;Catalogo historico con ventas en Odoo;
LEGACY CON PEDIDOS;NO ARCHIVAR;-;3112;;LTB1838;;COLOR 1838;NO;legacy;;1;;;;;Catalogo historico con ventas en Odoo;
LEGACY CON PEDIDOS;NO ARCHIVAR;-;2851;;MID 15;;BASTIDOR TUBULAR MID 15CM TIPO HAPPY;NO;legacy;;1;;;;;Catalogo historico con ventas en Odoo;
LEGACY CON PEDIDOS;NO ARCHIVAR;-;1550;;BO-18034;;CANILLA MB GARFIO GRANDE;NO;legacy;;1;;;;;Catalogo historico con ventas en Odoo;
LEGACY CON PEDIDOS;NO ARCHIVAR;-;1931;;KC270720;;FIELTRO GANCHO RETIRAHILOS BARUDAN ANTIGUAS;NO;legacy;;1;;;;;Catalogo historico con ventas en Odoo;
LEGACY CON PEDIDOS;NO ARCHIVAR;-;1020;;SPAD02003;;PAN HEAD SCREW M2X3-HCS  A HAPPY;NO;legacy;;1;;;;;Catalogo historico con ventas en Odoo;
LEGACY CON PEDIDOS;NO ARCHIVAR;-;527;;P-SIYAH;;FISPOLY40, SIYAH (NEGRO);NO;legacy;;1;;;;;Catalogo historico con ventas en Odoo;
LEGACY CON PEDIDOS;NO ARCHIVAR;-;1170;;HSA12270;;MUELLE TIRAHILOS HAPPY HCS/HCS2/HCR3/HCD;NO;legacy;;1;;;;;Catalogo historico con ventas en Odoo;
LEGACY CON PEDIDOS;NO ARCHIVAR;-;2271;;HCJU79030;;MOTOR PRINCIPAL HAPPY HCH;NO;legacy;;1;;;;;Catalogo historico con ventas en Odoo;
LEGACY CON PEDIDOS;NO ARCHIVAR;-;2382;;0688 320710;;MUELLE PRESION RODETA DK 888;NO;legacy;;1;;;;;Catalogo historico con ventas en Odoo;
LEGACY CON PEDIDOS;NO ARCHIVAR;-;2254;;91-118683-05;;MUELLE RETROCESO CANILLERO PFAFF;NO;legacy;;1;;;;;Catalogo historico con ventas en Odoo;
LEGACY CON PEDIDOS;NO ARCHIVAR;-;1096;;HCB05080;;HOLDER SUPPORT HAPPY HCS/HCS2/HCD/HCD2/HCR2;NO;legacy;;1;;;;;Catalogo historico con ventas en Odoo;
LEGACY CON PEDIDOS;NO ARCHIVAR;-;1272;;0888 200180;;PLACA 2 AGUJAS 2,4 DK 888/260;NO;legacy;;1;;;;;Catalogo historico con ventas en Odoo;
LEGACY CON PEDIDOS;NO ARCHIVAR;-;1354;;99-136600-91;;PISTON PRESILLA PF-491/591;NO;legacy;;1;;;;;Catalogo historico con ventas en Odoo;
LEGACY CON PEDIDOS;NO ARCHIVAR;-;1717;;S315 264294;;MUELLE TIRAHILOS GB LP971;NO;legacy;;1;;;;;Catalogo historico con ventas en Odoo;
LEGACY CON PEDIDOS;NO ARCHIVAR;-;2190;;KHS12-RY;;GARFIO PEQUEÑO MB/TAJIMA/HAPPY SIN CORTAHILOS/BARUDAN;NO;legacy;;1;;;;;Catalogo historico con ventas en Odoo;
LEGACY CON PEDIDOS;NO ARCHIVAR;-;1701;;0888 220720;;LAMINA SOPORTE TOPE DK;NO;legacy;;1;;;;;Catalogo historico con ventas en Odoo;
LEGACY CON PEDIDOS;NO ARCHIVAR;-;1410;;POLY1651;;HILO MADEIRA POLYNEON 40 500M C:1651;NO;legacy;;1;;;;;Catalogo historico con ventas en Odoo;
LEGACY CON PEDIDOS;NO ARCHIVAR;-;1623;;0667 135124;;LEVA ALZAPATAS DK888;NO;legacy;;1;;;;;Catalogo historico con ventas en Odoo;
LEGACY CON PEDIDOS;NO ARCHIVAR;-;3143;;EPZ01480;;PANEL TACTIL 7'' HAPPY HCH/HCS/HCD2/HCR2/HCR3;NO;legacy;;1;;;;;Catalogo historico con ventas en Odoo;
LEGACY CON PEDIDOS;NO ARCHIVAR;-;2472;;HCU93704;;KIT BASTIDOR GORRAS HAPPY HCU/HCU2;NO;legacy;;1;;;;;Catalogo historico con ventas en Odoo;
LEGACY CON PEDIDOS;NO ARCHIVAR;-;2608;;LUZ LED 15AG;;LUZ LED HAPPY 15 AGUJAS;NO;legacy;;1;;;;;Catalogo historico con ventas en Odoo;
LEGACY CON PEDIDOS;NO ARCHIVAR;-;2789;;S080 115098;;PASADOR BOLA BAQUELITA TOPE DK;NO;legacy;;1;;;;;Catalogo historico con ventas en Odoo;
LEGACY CON PEDIDOS;NO ARCHIVAR;-;2943;;HCT-1506;;MAQUINA DE BORDAR MULTICABEZAL AVANZADA DE SEIS CABEZALES.;NO;legacy;;1;;;;;Catalogo historico con ventas en Odoo;
LEGACY CON PEDIDOS;NO ARCHIVAR;-;1394;;HOT MELT;;HOT MELT 100CMx100M;NO;legacy;;1;;;;;Catalogo historico con ventas en Odoo;
LEGACY CON PEDIDOS;NO ARCHIVAR;-;1621;;0888 200280;;PLACA AGUJA DK REFINADORA 1,8 C;NO;legacy;;1;;;;;Catalogo historico con ventas en Odoo;
LEGACY CON PEDIDOS;NO ARCHIVAR;-;2032;;HCU13A50;;LASER HAPPY HCU;NO;legacy;;1;;;;;Catalogo historico con ventas en Odoo;
LEGACY CON PEDIDOS;NO ARCHIVAR;-;400;;HCD09361;;PRESSURE FOOT ROLLER HAPPY HCD2/HCR2;NO;legacy;;1;;;;;Catalogo historico con ventas en Odoo;
LEGACY CON PEDIDOS;NO ARCHIVAR;-;1060;;HCBU01793;;TAPA CUBRE GARFIO HAPPY HCS/HCS2/HCD2/HCR/HCH+;NO;legacy;;1;;;;;Catalogo historico con ventas en Odoo;
LEGACY CON PEDIDOS;NO ARCHIVAR;-;1317;;91-119283-01;;TIJERA CORTAHILOS PF-491;NO;legacy;;1;;;;;Catalogo historico con ventas en Odoo;
LEGACY CON PEDIDOS;NO ARCHIVAR;-;1329;;TUBOAI;;TUBO AIRE (Metro);NO;legacy;;1;;;;;Catalogo historico con ventas en Odoo;
LEGACY CON PEDIDOS;NO ARCHIVAR;-;1307;;0888 220760;;RODETA DK 888  35mm;NO;legacy;;1;;;;;Catalogo historico con ventas en Odoo;
LEGACY CON PEDIDOS;NO ARCHIVAR;-;1190;;NYLONAMARINO;;PRO-NYLON PARA EL BORDADO (1,6m) AZUL MARINO;NO;legacy;;1;;;;;Catalogo historico con ventas en Odoo;
LEGACY CON PEDIDOS;NO ARCHIVAR;-;1581;;GB134D-100;;AGUJAS 134D-100;NO;legacy;;1;;;;;Catalogo historico con ventas en Odoo;
LEGACY CON PEDIDOS;NO ARCHIVAR;-;1303;;9205 101847;;TORNILLO AGUJA DK 888/669/GB LP2971;NO;legacy;;1;;;;;Catalogo historico con ventas en Odoo;
LEGACY CON PEDIDOS;NO ARCHIVAR;-;1514;;HB230760;;TIRAHILOS BARUDAN YS;NO;legacy;;1;;;;;Catalogo historico con ventas en Odoo;
LEGACY CON PEDIDOS;NO ARCHIVAR;-;1570;;SOLDARRIBET;;SOLDAR/REPARAR CAPUCHA RIBETEADOR;NO;legacy;;1;;;;;Catalogo historico con ventas en Odoo;
LEGACY CON PEDIDOS;NO ARCHIVAR;-;1601;;0688 130110;;SOPORTE ELECTROIMAN ALZAPATA DK;NO;legacy;;1;;;;;Catalogo historico con ventas en Odoo;
LEGACY CON PEDIDOS;NO ARCHIVAR;-;1449;;0688 320630;;TORNILLO PLACA grande dk;NO;legacy;;1;;;;;Catalogo historico con ventas en Odoo;
LEGACY CON PEDIDOS;NO ARCHIVAR;-;2028;;3023;;RESISTENCIA MARTILLO COLLI;NO;legacy;;1;;;;;Catalogo historico con ventas en Odoo;
LEGACY CON PEDIDOS;NO ARCHIVAR;-;1457;;SPDD03004;;TORNILLO FLEJE BASTIDOR GORRAS HAPPY(M3X4);NO;legacy;;1;;;;;Catalogo historico con ventas en Odoo;
LEGACY CON PEDIDOS;NO ARCHIVAR;-;2315;;HCB12093;;TIRAHILOS HAPPY HCH/HCS/HCS2/HCR2;NO;legacy;;1;;;;;Catalogo historico con ventas en Odoo;
LEGACY CON PEDIDOS;NO ARCHIVAR;-;1878;;STAK04006;;TORNILLO TAPAS HAPPY;NO;legacy;;1;;;;;Catalogo historico con ventas en Odoo;
LEGACY CON PEDIDOS;NO ARCHIVAR;-;2248;;HR343050;;TORNILLO CON RANURA PARA CLIP, SUJECIÓN BASTIDOR GORRAS HAPPY HCR3;NO;legacy;;1;;;;;Catalogo historico con ventas en Odoo;
LEGACY CON PEDIDOS;NO ARCHIVAR;-;2415;;0888 220090;;tornillo sujección rODETA DK 888;NO;legacy;;1;;;;;Catalogo historico con ventas en Odoo;
LEGACY CON PEDIDOS;NO ARCHIVAR;-;2792;;91-056900-05;;SOPORTE TOPE AEREO PF;NO;legacy;;1;;;;;Catalogo historico con ventas en Odoo;
LEGACY CON PEDIDOS;NO ARCHIVAR;-;3050;;HCR12330;;TOPE BARRA AGUJA HAPPY HCR3;NO;legacy;;1;;;;;Catalogo historico con ventas en Odoo;
LEGACY CON PEDIDOS;NO ARCHIVAR;-;1393;;NYLONBEIG;;PRO-NYLON PARA EL BORDADO (1,6m) BEIG;NO;legacy;;1;;;;;Catalogo historico con ventas en Odoo;
LEGACY CON PEDIDOS;NO ARCHIVAR;-;1391;;10422109;;SILLA SA.TECNO GAS S-C NY-BAS 9;NO;legacy;;1;;;;;Catalogo historico con ventas en Odoo;
LEGACY CON PEDIDOS;NO ARCHIVAR;-;1436;;HCD04211;;RETENEDOR ROTARY HOOK RETAINER HAPPY HCD2/HCD3/HCR3;NO;legacy;;1;;;;;Catalogo historico con ventas en Odoo;
LEGACY CON PEDIDOS;NO ARCHIVAR;-;1647;;S080 134028;;TORNILLO TOPE DK;NO;legacy;;1;;;;;Catalogo historico con ventas en Odoo;
LEGACY CON PEDIDOS;NO ARCHIVAR;-;1603;;HCU08A32;;TACO SALTO (RECIPROCADOR) HAPPY HCU;NO;legacy;;1;;;;;Catalogo historico con ventas en Odoo;
LEGACY CON PEDIDOS;NO ARCHIVAR;-;1804;;522080-120619;;TORNILLO PLACA AGUJA GB LP971;NO;legacy;;1;;;;;Catalogo historico con ventas en Odoo;
LEGACY CON PEDIDOS;NO ARCHIVAR;-;2422;;S080 683104;;TORNILLO FLEJE FRENO CANILLA DK 524i;NO;legacy;;1;;;;;Catalogo historico con ventas en Odoo;
LEGACY CON PEDIDOS;NO ARCHIVAR;-;3147;;HCR3-1506-45 S/G;;"HAPPY HCR3-1506-45 S/G
- Máquina de bordar, de 6 cabezas y 15 agujas, con una distancia entre cabezales de 360mm, un campo de bordado de 450x360mm en plano y de 320x320mm con bastidor tubular a una velocidad de 1.100rpm.
- Nuevos motores servo, mayor calidad en el bordado (todos los motores de la máquina son servomotores, X, Y y Z).
- 999 memorias con 40.000.000 de puntadas libres.
- Dotada de sujetahilos tipo clip, puntero de posición en el primer cabezal, panel de control táctil de 10,4"" con conexión wifi incorporada para la tranferencia bidireccional entre ordenador y máquina de diseños, sin necesidad de acceso a internet.
- desde el panel tenemos la posibilidad desde crear alfabetos como combinar 2 diseños en 1, así como una gran cantidad de funciones para la edición y el posicionamiento de los bordados.
- Bobinador de hilo de canilla con motor independiente.
- puertos usb/lan.
- 1000 memorias.
- Iluminación led sobre el área de bordado.
- Opcionalmente dispone de dispositivos de lentejuela, cordón y punzón, así como una gran variedad de bastidores para trabajos específicos.

- Equipamiento suministrado con la máquina:
- Bastidor portal
 - 3 juegos de bastidores tubulares a elegir entre varias medidas.u";NO;legacy;;1;;;;;Catalogo historico con ventas en Odoo;
LEGACY CON PEDIDOS;NO ARCHIVAR;-;3155;;HFR-W1502A-120;;"HAPPY HFR-W1502A-120
- Campo de trabajo: 2 cabezales Y1200xX600 mm.; 1 cabezal Y1200xX1200 mm.
- Máquina de 15 Agujas; velocidad máxima 1000rpm.
- Panel de control 10,4"" LCD color táctil.
- HAPPY LAN software.
- Cambio de color automático.
- Detección rotura de hilo automática.
- Ranura para memoria USB.
-""Offset"" automático/bastidor fuera.
- Retorno al origen.
- Función trazado, edición de diseños, rotación y repetición de diseños
- Posibilidad de colocación de dispositivos para la aplicación de lentejuelas, cordones y cintas.";NO;legacy;;1;;;;;Catalogo historico con ventas en Odoo;
LEGACY CON PEDIDOS;NO ARCHIVAR;-;1187;;N800 688014;;TOPE AEREO DK 888;NO;legacy;;1;;;;;Catalogo historico con ventas en Odoo;
LEGACY CON PEDIDOS;NO ARCHIVAR;-;1502;;HT230480;;BIELA BARUDAN YN/ZN;NO;legacy;;1;;;;;Catalogo historico con ventas en Odoo;
LEGACY CON PEDIDOS;NO ARCHIVAR;-;2041;;HCR908370;;CONJUNTO BIELA MOVIMIENTO RECIPROCADOR/BARRA AGUJA HAPPY HCR3;NO;legacy;;1;;;;;Catalogo historico con ventas en Odoo;
LEGACY CON PEDIDOS;NO ARCHIVAR;-;2201;;HCB902064;;CONJUNTO RODAMIENTO CASQUILLO EJE PRINCIPAL INFERIOR HAPPY HCR2/HCR3.;NO;legacy;;1;;;;;Catalogo historico con ventas en Odoo;
LEGACY CON PEDIDOS;NO ARCHIVAR;-;401;;HCB05062;;CUCHILLA FIJA HAPPY HCS/HCS2/HCD2/HCR2/HCH+;NO;legacy;;1;;;;;Catalogo historico con ventas en Odoo;
LEGACY CON PEDIDOS;NO ARCHIVAR;-;1794;;9401 000204;;ACCIONADOR PEDAL DK;NO;legacy;;1;;;;;Catalogo historico con ventas en Odoo;
LEGACY CON PEDIDOS;NO ARCHIVAR;-;1334;;12436;;DIENTE MB PLANA Y OTRAS;NO;legacy;;1;;;;;Catalogo historico con ventas en Odoo;
LEGACY CON PEDIDOS;NO ARCHIVAR;-;2773;;C12248A;;FLEXO IMAN  JACK 3W;NO;legacy;;1;;;;;Catalogo historico con ventas en Odoo;
LEGACY CON PEDIDOS;NO ARCHIVAR;-;1471;;ZP41C;;FUELLE SEIKAN FRZ-100;NO;legacy;;1;;;;;Catalogo historico con ventas en Odoo;
LEGACY CON PEDIDOS;NO ARCHIVAR;-;2465;;EPK01120;;FUENTE ALIMENTACION HAPPY HCS2;NO;legacy;;1;;;;;Catalogo historico con ventas en Odoo;
LEGACY CON PEDIDOS;NO ARCHIVAR;-;1407;;0888 330130;;FLEJE DK/ SPRING;NO;legacy;;1;;;;;Catalogo historico con ventas en Odoo;
LEGACY CON PEDIDOS;NO ARCHIVAR;-;1309;;99-137151-45;;GOMA CANILLERO PF-491/591;NO;legacy;;1;;;;;Catalogo historico con ventas en Odoo;
LEGACY CON PEDIDOS;NO ARCHIVAR;-;3071;;HCB16404;;LOWER RECTIFIER HAPPY HCU;NO;legacy;;1;;;;;Catalogo historico con ventas en Odoo;
LEGACY CON PEDIDOS;NO ARCHIVAR;-;3305;;LTB1657;;COLOR 1657;NO;legacy;;1;;;;;Catalogo historico con ventas en Odoo;
LEGACY CON PEDIDOS;NO ARCHIVAR;-;3157;;ST-M0505-HA360;;"MIGHTYHOOP 5,5"" ECO";NO;legacy;;1;;;;;Catalogo historico con ventas en Odoo;
LEGACY CON PEDIDOS;NO ARCHIVAR;-;2056;;0888 150734;;INTERIOR DK 888 (caja bobina);NO;legacy;;1;;;;;Catalogo historico con ventas en Odoo;
LEGACY CON PEDIDOS;NO ARCHIVAR;-;1256;;NYLONNEGRO;;PRO-NYLON PARA EL BORDADO (1,6m) NEGRO;NO;legacy;;1;;;;;Catalogo historico con ventas en Odoo;
LEGACY CON PEDIDOS;NO ARCHIVAR;-;1226;;GB134R-90;;AGUJAS 134R-90;NO;legacy;;1;;;;;Catalogo historico con ventas en Odoo;
LEGACY CON PEDIDOS;NO ARCHIVAR;-;1149;;ESP4R;;ESPUMA4ROJA;NO;legacy;;1;;;;;Catalogo historico con ventas en Odoo;
LEGACY CON PEDIDOS;NO ARCHIVAR;-;2144;;HCS04012;;TAPA GARFIO/CUBRESPIRAL HAPPY HCS3;NO;legacy;;1;;;;;Catalogo historico con ventas en Odoo;
LEGACY CON PEDIDOS;NO ARCHIVAR;-;2122;;SAAA03006;;TORNILLO CUCHILLA FIJA y RETENEDOR GARFIO HAPPY HCD/HCR Y OTROS;NO;legacy;;1;;;;;Catalogo historico con ventas en Odoo;
LEGACY CON PEDIDOS;NO ARCHIVAR;-;2874;;MM244C;;TIJERAS MM CURVA 11CM;NO;legacy;;1;;;;;Catalogo historico con ventas en Odoo;
LEGACY CON PEDIDOS;NO ARCHIVAR;-;3341;;;;PICAJE ALL YOURS;NO;legacy;;1;;;;;Catalogo historico con ventas en Odoo;
LEGACY CON PEDIDOS;NO ARCHIVAR;-;3343;;;;conos varios;NO;legacy;;1;;;;;Catalogo historico con ventas en Odoo;
LEGACY CON PEDIDOS;NO ARCHIVAR;-;3352;;;;POLY1761;NO;legacy;;1;;;;;Catalogo historico con ventas en Odoo;
LEGACY CON PEDIDOS;NO ARCHIVAR;-;3353;;;;ORO 4007;NO;legacy;;1;;;;;Catalogo historico con ventas en Odoo;
LEGACY CON PEDIDOS;NO ARCHIVAR;-;3354;;;;PLATA 4011;NO;legacy;;1;;;;;Catalogo historico con ventas en Odoo;
LEGACY CON PEDIDOS;NO ARCHIVAR;-;3355;;;;POLY1767;NO;legacy;;1;;;;;Catalogo historico con ventas en Odoo;
LEGACY CON PEDIDOS;NO ARCHIVAR;-;3345;;LTB1878;;LTB1878;NO;legacy;;1;;;;;Catalogo historico con ventas en Odoo;
LEGACY CON PEDIDOS;NO ARCHIVAR;-;2527;;HCS04A20;;CUCHILLA MOVIL HAPPY HCS3;NO;legacy;;1;;;;;Catalogo historico con ventas en Odoo;
LEGACY CON PEDIDOS;NO ARCHIVAR;-;3312;;LTB1709;;COLOR 1709;NO;legacy;;1;;;;;Catalogo historico con ventas en Odoo;
LEGACY CON PEDIDOS;NO ARCHIVAR;-;3360;;;;COLOR 1843;NO;legacy;;1;;;;;Catalogo historico con ventas en Odoo;
LEGACY CON PEDIDOS;NO ARCHIVAR;-;3346;;LTB1902;;LTB1902;NO;legacy;;1;;;;;Catalogo historico con ventas en Odoo;
LEGACY CON PEDIDOS;NO ARCHIVAR;-;3359;;LTB1843;;LTB1843;NO;legacy;;1;;;;;Catalogo historico con ventas en Odoo;
LEGACY CON PEDIDOS;NO ARCHIVAR;-;3366;;;;AGUJAS 134S-80;NO;legacy;;1;;;;;Catalogo historico con ventas en Odoo;
LEGACY CON PEDIDOS;NO ARCHIVAR;-;3358;;;;PICAJE GLO&BEAUTY;NO;legacy;;1;;;;;Catalogo historico con ventas en Odoo;
LEGACY CON PEDIDOS;NO ARCHIVAR;-;988;;GBDBXK5-70RG;;AGUJA DBXK5 70RG;NO;legacy;;1;;;;;Catalogo historico con ventas en Odoo;
LEGACY CON PEDIDOS;NO ARCHIVAR;-;3365;;[GBB27-100RG];;AGUJAS B27-100RG;NO;legacy;;1;;;;;Catalogo historico con ventas en Odoo;
LEGACY CON PEDIDOS;NO ARCHIVAR;-;3363;;[GBB27-90RG];;AGUJAS B27-90RG;NO;legacy;;1;;;;;Catalogo historico con ventas en Odoo;
LEGACY CON PEDIDOS;NO ARCHIVAR;-;1463;;GB134D-80;;AGUJAS 134D-80;NO;legacy;;1;;;;;Catalogo historico con ventas en Odoo;
LEGACY CON PEDIDOS;NO ARCHIVAR;-;3380;;GB134-35LR-140;;AGUJAS 134-35LR-140;NO;legacy;;1;;;;;Catalogo historico con ventas en Odoo;
LEGACY CON PEDIDOS;NO ARCHIVAR;-;3374;;;;CORREA REDUCTORA X ZSK;NO;legacy;;1;;;;;Catalogo historico con ventas en Odoo;
LEGACY CON PEDIDOS;NO ARCHIVAR;-;3375;;;;CORREA PATIN X ZSK;NO;legacy;;1;;;;;Catalogo historico con ventas en Odoo;
LEGACY CON PEDIDOS;NO ARCHIVAR;-;3381;;;;SOLENOIDE PICKER TAJIMA TMFX5;NO;legacy;;1;;;;;Catalogo historico con ventas en Odoo;
LEGACY CON PEDIDOS;NO ARCHIVAR;-;3382;;;;PORTES DHL;NO;legacy;;1;;;;;Catalogo historico con ventas en Odoo;
LEGACY CON PEDIDOS;NO ARCHIVAR;-;3386;;;;LTB1673;NO;legacy;;1;;;;;Catalogo historico con ventas en Odoo;
LEGACY CON PEDIDOS;NO ARCHIVAR;-;3369;;;;PORTS CTT;NO;legacy;;1;;;;;Catalogo historico con ventas en Odoo;
LEGACY CON PEDIDOS;NO ARCHIVAR;-;3379;;GB134-35LR-130;;AGUJAS 134-35LR-130;NO;legacy;;1;;;;;Catalogo historico con ventas en Odoo;
LEGACY CON PEDIDOS;NO ARCHIVAR;-;3378;;;;ENCODER MAQUINA DE TOLDOS TENDAL;NO;legacy;;1;;;;;Catalogo historico con ventas en Odoo;
LEGACY CON PEDIDOS;NO ARCHIVAR;-;3383;;;;LTB1988;NO;legacy;;1;;;;;Catalogo historico con ventas en Odoo;
LEGACY CON PEDIDOS;NO ARCHIVAR;-;3384;;;;LTB1918;NO;legacy;;1;;;;;Catalogo historico con ventas en Odoo;
LEGACY CON PEDIDOS;NO ARCHIVAR;-;3313;;LTB1725;;COLOR 1725;NO;legacy;;1;;;;;Catalogo historico con ventas en Odoo;
LEGACY CON PEDIDOS;NO ARCHIVAR;-;3396;;PEX(12+6)(1+1);;PEX (12+6)(1+1);NO;legacy;;1;;;;;Catalogo historico con ventas en Odoo;
LEGACY CON PEDIDOS;NO ARCHIVAR;-;3368;;PEC-1201;;SINSIM PEC-1201;NO;legacy;;1;;;;;Catalogo historico con ventas en Odoo;
LEGACY CON PEDIDOS;NO ARCHIVAR;-;3395;;;;HILO LTB;NO;legacy;;1;;;;;Catalogo historico con ventas en Odoo;
LEGACY CON PEDIDOS;NO ARCHIVAR;-;2942;;HCT-1504;;MAQUINA DE BORDAR MULTICABEZAL AVANZADA DE CUATRO CABEZALES. HCT-1504;NO;legacy;;1;;;;;Catalogo historico con ventas en Odoo;
LEGACY CON PEDIDOS;NO ARCHIVAR;-;1259;;BASE70BLA(50CM);;ENTRETELA BASE 70 BLANCA, 250X50cm.;NO;legacy;;1;;;;;Catalogo historico con ventas en Odoo;
LEGACY CON PEDIDOS;NO ARCHIVAR;-;3404;;GB134-35R-120;;AGUJAS 134-35R-120;NO;legacy;;1;;;;;Catalogo historico con ventas en Odoo;
LEGACY CON PEDIDOS;NO ARCHIVAR;-;1336;;GB134R-60;;AGUJAS 134R-60;NO;legacy;;1;;;;;Catalogo historico con ventas en Odoo;
LEGACY CON PEDIDOS;NO ARCHIVAR;-;3264;;PEC-Y240-1201;;SINSIM PEC-Y240-1201;NO;legacy;;1;;;;;Catalogo historico con ventas en Odoo;
LEGACY CON PEDIDOS;NO ARCHIVAR;-;3398;;;;Accesorios;NO;legacy;;1;;;;;Catalogo historico con ventas en Odoo;
LEGACY CON PEDIDOS;NO ARCHIVAR;-;3401;;;;KIT INICIO BORDADO;NO;legacy;;1;;;;;Catalogo historico con ventas en Odoo;
LEGACY CON PEDIDOS;NO ARCHIVAR;-;3402;;;;MÁQUINA DURKOPP ADLER 888-160122M;NO;legacy;;1;;;;;Catalogo historico con ventas en Odoo;
LEGACY CON PEDIDOS;NO ARCHIVAR;-;479;;HISOL-25 (20CMX100M);;PLÁSTICO HIDROSOLUBLE 25 µm;NO;legacy;;1;;;;;Catalogo historico con ventas en Odoo;
LEGACY CON PEDIDOS;NO ARCHIVAR;-;3407;;RICOMA CHT 1202;;RICOMA CHT 1202;NO;legacy;;1;;;;;Catalogo historico con ventas en Odoo;
LEGACY CON PEDIDOS;NO ARCHIVAR;-;3414;;;;CADENA CINTA ARRASTRE;NO;legacy;;1;;;;;Catalogo historico con ventas en Odoo;
LEGACY CON PEDIDOS;NO ARCHIVAR;-;1160;;MPZ00550;;CANILLA METALICA BORDADO;NO;legacy;;1;;;;;Catalogo historico con ventas en Odoo;
LEGACY CON PEDIDOS;NO ARCHIVAR;-;3425;;S080 094094;; BOBINA DEL ABREDISCOS DE LA DK 524 ;NO;legacy;;1;;;;;Catalogo historico con ventas en Odoo;
LEGACY CON PEDIDOS;NO ARCHIVAR;-;3426;;0688 160474;;MANDO PUNTADA DK 867;NO;legacy;;1;;;;;Catalogo historico con ventas en Odoo;
LEGACY CON PEDIDOS;NO ARCHIVAR;-;3429;;0688 100060;;TAPA COLUMNA DK 888;NO;legacy;;1;;;;;Catalogo historico con ventas en Odoo;
LEGACY CON PEDIDOS;NO ARCHIVAR;-;3434;;JACK JK -E4S-5-03/233;;JACK JK -E4S-5-03/233;NO;legacy;;1;;;;;Catalogo historico con ventas en Odoo;
